:020000022000DC
:1060000000000120DD0A03001D0B03001F0B03002D
:10601000210B0300230B0300250B030000000000ED
:10602000000000000000000000000000590A03000A
:10603000290B030000000000790A03002D0B030068
:106040002F0B03002F0B030061E40200C9DC0200E8
:106050002F0B0300E98302002F0B03002F0B03001B
:106060002F0B03002F0B03002F0B03002F0B03003C
:106070002F0B03002F0B03002F0B03002F0B03002C
:106080002F0B0300E50703002F0B03002F0B03006A
:106090002F0B03002F0B0300E9CA02002F0B030094
:1060A0002F0B03002F0B03002F0B03002F0B0300FC
:1060B0002F0B03002F0B0300000000000000000066
:1060C0002F0B03002F0B03002F0B03002F0B0300DC
:1060D0002F0B03002F0B03002F0B03000000000009
:1060E00000000000000000000000000000000000B0
:1060F00000000000000000000000000000000000A0
:10610000000000000000000000000000000000008F
:10611000000000000000000000000000000000007F
:10612000000000000000000000000000000000006F
:10613000000000000000000000000000000000005F
:10614000000000000000000000000000000000004F
:10615000000000000000000000000000000000003F
:10616000000000000000000000000000000000002F
:10617000000000000000000000000000000000001F
:10618000000000000000000000000000000000000F
:1061900000000000000000000000000000000000FF
:1061A00000000000000000000000000000000000EF
:1061B00000000000000000000000000000000000DF
:1061C00000000000000000000000000000000000CF
:1061D00000000000000000000000000000000000BF
:1061E00000000000000000000000000000000000AF
:1061F000000000000000000000000000000000009F
:10620000F1EE103A43F08073E1EE103A704700BFB0
:1062100010B5054C237833B9044B13B10448AFF3E0
:1062200000800123237010BD78380020000000009A
:10623000ACBB030008B5034B1BB103490348AFF3E4
:10624000008008BD000000007C380020ACBB0300CB
:10625000154B002B08BF134B9D46A3F5803A002138
:106260008B460F461348144A121A11F042FE0F4B88
:10627000002B00D098470E4B002B00D098470020F1
:10628000002104000D000D48002802D00C48AFF397
:10629000008011F0B1FD200029000AF06DFC11F022
:1062A00085FD00BF00000800000001200000000084
:1062B00000000000783800206C5D00200000000025
:1062C0000000000008B5032112200AF0A7FF0321F7
:1062D0000846BDE808400AF0A1BF00BF2DE9F04123
:1062E00008F00CF9044612200BF042F8A0F1010767
:1062F00003200BF03DF83849384E0B78B7FA87F792
:106300007F09A0F101050022B5FA85F5BB42804660
:106310004FEA5515327072702FD0314B31481A78D0
:106320000F70AA42046004D02F4A1D701460BDE8AB
:10633000F0812D4F3B68E41A132CF8D92B4B1A78B7
:10634000AA42F4D0B8F1010F1D70F0D1284A2948B3
:1063500013882949294C86F8018043F002031380F1
:10636000B425002350220B702570027008F0C6F887
:10637000234B50301860BDE8F0811949194A08785C
:106380001268194FA842A4EB020221D0132A0D7003
:106390003C60CCD91B4A11789942CBD01370002BAA
:1063A000C8D0134ADFF854C013881348114943F08A
:1063B0000103138000238CF800300370B422012302
:1063C00033700A7008F09AF80D4B50301860B1E73E
:1063D000132ADFD8AEE700BFA43800209838002089
:1063E000A53800209C380020A0380020AD380020BF
:1063F000AA380020A7380020A6380020A83800209E
:1064000094380020AC380020054B1B6800209AB25D
:1064100062F30F001B0C82B063F31F4002B07047A1
:1064200098380020024B002218881A80704700BF5D
:10643000AA38002070B506460D46144608F05EF8EE
:10644000084B1B6898420AD20749084A084B09784A
:1064500012781B7831702A702370012070BD0020E3
:1064600070BD00BF94380020A8380020A738002055
:10647000A63800202DE9F04F83B0DFF8ACB0DFF88C
:10648000ACA0254D254C41F28836E9464FF0010875
:1064900005E0013EB6B208F03DF8002E38D02049A4
:1064A0009BF800309AF800200978204604F0D8F9CB
:1064B000012128780AF0B2FE012128780AF046FF6F
:1064C0000027184B00938DF804708DF8058099E82B
:1064D0000600204604F070F9394628780AF036FFA5
:1064E0000521204604F0CCF93946204604F0C8F9CD
:1064F0000121074628780AF029FF204604F0AAF96E
:10650000287801210AF022FFFB074FF00100C0D4D8
:1065100003B0BDE8F08F00BF0C360020483D0020DE
:106520000E36002080841E000F3600200D3600201D
:106530002DE9F04F83B0414CDFF810B1DFF810A126
:106540003F4D20F47F67FFF795FF3E499BF80030F1
:106550009AF8002009782046012604F081F928786D
:1065600001210AF05BFE287831460AF0EFFE4FF079
:106570000009354B0093E8468DF805608DF80490CE
:1065800098E80600204604F017F9494628780AF0F2
:10659000DDFE2046062104F073F9314628780AF022
:1065A000D5FE204604F056F9314628780AF0CEFE92
:1065B00024499BF800309AF800200978204604F01E
:1065C0004FF9314628780AF029FE314628780AF03A
:1065D000BDFE1D4B00938DF805608DF8049098E882
:1065E0000600204604F0E8F8494628780AF0AEFE96
:1065F00027F00F072046202104F042F9C7F3074196
:10660000204604F03DF9390A01F0F001204604F07B
:1066100037F94946204604F033F9314628780AF024
:1066200095FE204604F016F9314628780AF08EFED1
:1066300003B0BDE8F04FFFF71DBF00BF483D00208D
:106640000C3600200E36002080841E000F360020FD
:106650000D3600202DE9F04F614D2C68C4F30B037B
:1066600085B0002B00F0B7805E4B5F4E1B78002B8F
:1066700000F0A08033885F1EBFB2FF2F00F29A8027
:10668000E2B21344B3F5807F019200F29380FFF7EA
:10669000F1FE564B564A5749DFF868911B7812783D
:1066A00009785548DFF850B1DFF85CA14FF00108D8
:1066B00004F0D6F899F8000001210AF0AFFD99F82E
:1066C000000041460AF042FE4FF0000C4B488DF8A6
:1066D0000CC002AB02908DF80D8093E8060046488E
:1066E00004F06AF8002199F800000AF02FFE062154
:1066F000584604F0C5F8414699F800000AF026FE15
:10670000584604F0A7F8414699F800000AF01EFE2A
:10671000364B374A37491B7812780978584604F0C7
:106720009FF8414699F800000AF078FD414699F833
:1067300000000AF00BFE4FF0000C30488DF80CC042
:1067400002AB02908DF80D8093E80600584604F0E5
:1067500033F8002199F800000AF0F8FD02215846AC
:1067600004F08EF8C4F30741584604F089F8C4F3E6
:106770000721584604F084F80199584604F080F83F
:106780000AEB08031F441AF8011B584604F078F876
:106790005745F8D1012199F800000AF0D7FD1648B5
:1067A00004F058F899F8000001210AF0CFFDFFF736
:1067B00061FE2C68124A04F580740023B4F5803F12
:1067C000338028BF4FF480532C60146028BF2B60A7
:1067D00005B0BDE8F08F2046FFF7AAFE2C6843E71E
:1067E00004360020B2380020AE3800200F360020DA
:1067F0000D3600200E360020483D002080841E000B
:10680000083600200C360020B83800202DE9F04171
:10681000DFF8C4C0DFF8C4E02B4B2C4F1B7882B0EC
:10682000064615462A489CF800200C469EF80010A3
:1068300004F016F8387801210AF0F0FC38780121CC
:106840000AF084FD234B00934FF0000801238DF8DC
:1068500005308DF8048002AB13E906001C4803F0F4
:10686000ABFF414638780AF071FD0321184804F067
:1068700007F8C6F30741164804F002F8C6F30721EB
:10688000134803F0FDFFF1B2114803F0F9FF65B1C1
:10689000013D0F4E14FA85F5013C0021304603F00E
:1068A000EFFF04F8010FAC42F7D1012138780AF06C
:1068B0004DFD074803F0CEFF3878012102B0BDE856
:1068C000F0410AF043BD00BF0F3600200C36002017
:1068D000483D002080841E000D3600200E3600202A
:1068E0002DE9F04F5048514D5149524A04682B78D8
:1068F00008681178504A87B0039400240490ADF8DA
:106900001410ADF81640029213B907B0BDE8F08F2D
:106910002046FFF70DFE2B78002BF6D0474FDFF80F
:1069200028B1DFF828A1DFF82891454DFFF7A2FD37
:106930009BF800309AF8002099F80010384601269C
:1069400003F08EFF287801210AF068FC3146287890
:106950000AF0FCFC3B4B00938DF804408DF8056079
:10696000E84698E80600384603F026FF21462878D6
:106970000AF0ECFC0621384603F082FF3146287805
:106980000AF0E4FC384603F065FF314628780AF047
:10699000DDFC9BF800309AF8002099F8001038468A
:1069A00003F05EFF314628780AF038FC314628783B
:1069B0000AF0CCFC234B00938DF805608DF8044061
:1069C00098E80600384603F0F7FE214628780AF0DA
:1069D000BDFC0221384603F053FF2146384603F040
:1069E0004FFF2146384603F04BFF2146384603F05F
:1069F00047FF0DF107040DF1170614F8011F384683
:106A000003F03EFFA642F8D1012128780AF09EFC4F
:106A10000A4803F01FFF287801210AF097FC07B00D
:106A2000BDE8F04FFFF726BD08360020B238002041
:106A3000BC390020D93900204C303452483D002068
:106A40000C36002080841E000F3600200D360020FA
:106A50000E3600202DE9F0410F4FDFF84C800F4E2D
:106A60000F4D39700F4C327001212B7088F80000E7
:106A70000AF0D4FB98F8000001210AF067FC3B788B
:106A800032782978204603F0EBFE204603F03CFEE6
:106A90000120BDE8F08100BF0F3600200D36002038
:106AA0000E360020483D00200C3600202DE9F04F26
:106AB000DFF83CB2DFF83CA2DFF83C92834C9BF855
:106AC00000309AF8002099F80010814889B003F04E
:106AD000C7FE207801210AF0A1FB207801210AF0ED
:106AE00035FC9BF800309AF8002099F8001078489F
:106AF000012603F0B5FE207801210AF08FFB2078F3
:106B0000314600250AF022FC724B04930DF1100867
:106B10008DF815608DF8145098E806006C481F46F3
:106B200003F04AFE294620780AF010FCAB216848A1
:106B300003F0A6FE314620780AF008FC644803F012
:106B400089FE314620780AF001FC304607F0E2FC6D
:106B50009BF800309AF8002099F800105C4803F088
:106B60007FFE314620780AF059FB314620780AF042
:106B7000EDFB04978DF815608DF8145098E8060029
:106B8000534803F019FE294620780AF0DFFB9F21C5
:106B90004F4803F075FE29464D4803F071FE294623
:106BA00001904B4803F06CFE29460746484803F025
:106BB00067FE3146009020780AF0C8FB444803F095
:106BC00049FE314620780AF0C1FB019B009A591E0C
:106BD000C9B23F0247EA0343FD293F4942EA0302A3
:106BE0000A603E4A94BF33462B46137003D92846A9
:106BF00009B0BDE8F08F9BF800309AF8002099F8B2
:106C0000001033480495C8E90155C8F80C5003F04A
:106C100027FE314620782E4F0AF000FB31462078BF
:106C20000AF094FB2B4B02938DF80D6002AB8DF8AC
:106C30000C5093E80600384603F0BEFD2946207844
:106C40000AF084FB0321384603F01AFE2946384631
:106C500003F016FE2946384603F012FE2946384650
:106C600003F00EFE0DF10F050DF11F060021384651
:106C700003F006FE05F8010FAE42F7D1012120789E
:106C80000AF064FB124803F0E5FD207801210AF0C8
:106C90005DFB134B049A9A4213D19DF81C20059B6F
:106CA0001049114C0B6002F00102A3F58053B3F5BB
:106CB000704F0E482270069A026024BF4FF4805332
:106CC0000B60064B187809B0BDE8F08F0C36002039
:106CD000483D002080841E00C0390020B2380020CA
:106CE0004C30345208360020D9390020BC390020FD
:106CF0000F3600200D3600200E360020014B18788C
:106D0000704700BFB2380020014B1878704700BFB1
:106D1000D9390020034A044B0168116001221A701E
:106D2000704700BFB4380020D83900202DE9F8435F
:106D3000B64B1A7805460E4682B1B54C2278002132
:106D4000197092B1B34A11784B1E042B06D8DFE8B4
:106D500013F03900EB00C2001E019B00AE4B187807
:106D6000002840F02982BDE8F883AC49AC4B0968A3
:106D7000AC4A1868AC4B126899700F0ADF700F0CA0
:106D8000090E5971110A9A71D971110C120E5A72A9
:106D9000020C197218739A72A44C1F712022000AF7
:106DA00003215A73D8720E2219809B4B22709E4980
:106DB000284600251D7011F078F8237833700120E3
:106DC000BDE8F8839A4F9B4B9B499C4ADFF84C9255
:106DD000DFF85082012038704FF480501860002393
:106DE0000B801370C8F80030C9F80000FFF7A0FB53
:106DF0002378002B40F024812378002B40F043813E
:106E00002378002B40F034812378002B40F05E8102
:106E10002378002B40F043812378002B40F04A81F7
:106E20002378002B40F01781FFF75AFD3A787E4B0C
:106E300094F90070032119700AB147F002077848ED
:106E4000D9F800100068D8F800205F701873070C9C
:106E5000000A4FEA112C9F72D8720F0C080E734C67
:106E600099709A7183F803C01F714FEA122C170CA6
:106E7000110E58710E22202083F807C01F7259721C
:106E800058732270644B92E791785378D47843EA30
:106E900001231BB29AB2002C40F0AF8010210C46A7
:106EA00002F580500144B1F5803FDBB24FEA122277
:106EB00040F274815C494442E4B20527CC704B70C7
:106EC0008A700F70002C40F06F8104221146574CDD
:106ED000514B21706BE7564B50481B780068514A64
:106EE0004F4C12682768514C002B4F4B08BF0121B3
:106EF000597003211970010AD970010C1971110A16
:106F00009A71D971110C120E5A723A0C987019724A
:106F10001F739A72000E3F0A20210E225871DF72F1
:106F2000597322703C4B42E7434B414F1B88002270
:106F30003A70002B40F0D680FFF7D2FC3A4B3A78FB
:106F400094F9004003211970002A5BD13349354A76
:106F5000096812685C70324899700C0ADC700C0C7D
:106F6000090E00685971110AD971110C1C719A71BE
:106F70001972120E010C2D4C5A729972070A0E22C8
:106F800020211873DF7259732270234B0FE70023FF
:106F9000274F18463B70FFF7CBFA2378002B40F0C1
:106FA000A4802378002B40F0C3802378002B40F08E
:106FB000B3802378002B40F0A3802378002B40F08F
:106FC000E1802378002B40F0D1802378002B40F023
:106FD000C0802378002B40F0B780DFF8409015493F
:106FE000154ADFF840804FF48053C9F800300B6039
:106FF00000231380C8F8003016E7102C28BF102497
:1070000021464DE744F00204A0E700BFD839002034
:10701000B2380020B4380020B138002008360020F3
:10702000C0390020BC390020C4390020B03800200D
:10703000D939002004360020AE380020B8390020AD
:107040004FF40050FFF774FA237803B34FF4405025
:10705000FFF76EFAD0E64FF46040FFF769FA237845
:10706000002B3FF4E1AE4FF47040FFF761FADBE62E
:107070004FF4C040FFF75CFA23785BB34FF4E04075
:10708000FFF756FAC0E64FF48040FFF751FA237835
:10709000002BF1D04FF4A040FFF74AFAB0E64FF4CE
:1070A0002040FFF745FA237843B14FF43040FFF713
:1070B0003FFAB1E64FF44040FFF73AFA2378002B4D
:1070C000CDD04FF45040FFF733FAA9E64FF400401B
:1070D000FFF72EFA2378002BE5D04FF41040FFF78E
:1070E00027FA95E6FFF7B6FA26E74FF48050FFF748
:1070F0001FFA237803B34FF40050FFF719FA50E753
:107100004FF4E040FFF714FA2378002B3ED04FF401
:107110000040FFF70DFA50E74FF4A040FFF708FAE0
:107120002378002BF0D04FF4C040FFF701FA40E77E
:107130004FF44050FFF7FCF92378002BF0D04FF4C8
:107140008040FFF7F5F930E74FF47040FFF7F0F9B2
:1071500043E74FF45040FFF7EBF92378002B3FF45F
:107160003CAF4FF46040FFF7E3F932E74FF43040B3
:10717000FFF7DEF92378002BEFD04FF44040FFF704
:10718000D7F922E74FF41040FFF7D2F92378002B0C
:10719000F0D04FF42040FFF7CBF912E7084905275C
:1071A0004B708A70CC700F70224606490434FFF78A
:1071B0002DFBE1B20A468AE6034C2278F7E500BFD0
:1071C000C4390020C8390020B03800202DE9F0472C
:1071D0003D4D2B78002B38D03C4B1B78ABB3A0B384
:1071E0003B4A13780133DBB2042B30D9394F3B884B
:1071F0000021E02B0446117062D8DFF8E0C0DFF810
:10720000E080DCF80010D8F80060B1F5803F06F1AE
:1072100001061ED320686168A268E3682E4DDFF87E
:10722000C4E0C8F800600FC5A269E369206961691C
:107230004FF481540FC54FF480522023CEF8004004
:10724000CCF800203B80F30636D0BDE8F087137001
:10725000FBE73A88204BD4F80090D4F804E0D4F847
:1072600008C0E06843F8029013442032C3F804E0F9
:10727000C3F808C0D86092B2DFF868A0D4F81090C4
:10728000D4F814E0D4F818C0E069C8F800601144DC
:10729000FF2A3A80CAF80010C3F81090C3F814E02F
:1072A000C3F818C0D861CED92B78002BCBD0FFF70C
:1072B000D1F9D8F80060C6E7BDE8F047FFF710BB8A
:1072C000FFF7C8F999E700BFB2380020D93900208C
:1072D000B8390020AE380020B8380020043600202D
:1072E000BC390020083600203BB11378034AA3F1D3
:1072F0000103B3FA83F35B0913707047183600205B
:10730000032B00D870471046FFF704BD022B0ED99F
:1073100030B407481578074C07490570074B557876
:10732000907825700122087030BC1A707047704741
:10733000573B0020563B0020543B0020553B00208B
:1073400030B5014683B0474805F0C6FB20B1C823DD
:107350000C22062104F0C0F902AC434B002124F8B2
:10736000021D0222C3F8F025012009224FF4003546
:10737000C3F80005C3F81855C3F81025C3F8141551
:107380001A46C3F82C46C3F83006C3F80011C3F8F8
:107390000411C3F814111860D2F80031002BFBD08F
:1073A000002001233049C2F800015360D1F80431B4
:1073B000002BFBD0002001232B4AC1F804018B6075
:1073C000D2F81431002BFBD00023C2F81431C2F8DC
:1073D0000035BDF80620120448BFADF80630BDF8F0
:1073E0000630224A1BB2C3EB0313C3EB03131B018A
:1073F00082FB03121A44DB17C3EBE2239AB240F676
:10740000B7318A422BD8B2F5FA6F26D9184AA3F5BC
:10741000FA64A2FB0434C4F3C7042146154805F0FE
:10742000B7FB2146134805F0BBFB4FF0A04340F2E9
:1074300003324FF000644FF080504FF00051C3F81A
:107440006C27C3F87027C3F87427C3F80845C3F83E
:107450000805C3F8081503B030BD0024DDE7642437
:10746000DBE700BF783D002000700040810008800D
:10747000CDCCCCCCDC3900202DE9F0439FB001F01D
:1074800039FAFEF72BFFFEF7BFFF10F0FF0F039056
:1074900004D0AC4A137883F00103137001AA0DF1F4
:1074A00003010DF10200FEF7C5FF002840F0FC804B
:1074B000A54B1A78002A40F0CC801EA9002301F8C1
:1074C000733D04A8FFF732FC002840F014819F4868
:1074D00005F0D6FA78B107F011F89D4A136841F229
:1074E0008731C31A8B42054600F24881954C2378B8
:1074F00003F0FF062BB9052007F00CF81FB0BDE81C
:10750000F083944803F0F2FE8046934803F0EEFEC9
:107510008146B8F1000F40F09681002800F09C836E
:107520008E4A8F4913680968EB1A9942E6D88D4F45
:1075300015603B6801333B60FFF7E6FB054600281A
:1075400040F08E810023CDE90E33CDE91033CDE933
:107550001233B9F1000F00F087833A68A3F1333397
:10756000A3FB0213DB0803EB8303B2EB430F00F032
:107570008982FFF7C9FB002840F084820026002D95
:10758000BCD0FFF7C1FB0028B8D009AD0FCD14ACBB
:107590000FC42B682360002E00F09683DFED727A13
:1075A0009DED0E0A20EE270A0FF0EEFEB0F5004F1B
:1075B00080F2828310F5004FC0F2BE83C3B2C0F3E5
:1075C00007209DED0F0A8DF864308DF865000FF0EF
:1075D000DBFE9DED100A8DF86600010A020C030E19
:1075E0008DF867108DF868208DF869300FF0CCFEAB
:1075F0000028C0F27A834FF6FF739842A8BF18465E
:10760000C4B2C0F30723BDF848209DF84D108DF893
:107610006A40100A8DF86B308DF86C208DF86D0083
:10762000002900F04C83DFED507A9DED110A20EE29
:10763000270A0FF0A9FEB0F5004FC0F280837F202B
:10764000FF238DF86E308DF86F0014A8FFF7BEFD94
:1076500054E7464A464C1870127846492378097810
:10766000D2B2DBB29A421046C9B238BF184688423D
:1076700038BF084630B39A42C0F0D7818A42C0F082
:10768000D4814FF0A04340F203324FF000604FF03E
:107690008051C3F86C27C3F87027C3F87427C3F868
:1076A0000C05C3F808151FE09DF802109DF8032093
:1076B0009DF8040091420B4638BF1346834238BF01
:1076C00003462BBB4FF0A04340F203324FF0006063
:1076D0004FF08051C3F86C27C3F87027C3F87427A4
:1076E000C3F80805C3F808154FF0A0434FF0005247
:1076F000C3F80825E1E6204803F0F8FD00283FF430
:10770000E6AE04A99DF805201B4803F023FEDEE643
:10771000914201D38142B4D28242C0F089814FF0BC
:10772000A04340F203324FF000604FF08051C3F8A5
:107730006C27C3F87027C3F87427C3F80805C3F88B
:107740000C15D1E718360020553B0020783D00206D
:10775000203C0020B03B00204C3A0020243C00207C
:1077600014360020803C00200000C842573B002017
:10777000563B0020543B0020FC3A00201EACB84B86
:107780001060002124F86E1D0222C3F8F0250120AC
:1077900009224FF40036C3F80005C3F81865C3F892
:1077A0001025C3F814151A46C3F82C46C3F8300642
:1077B000C3F80011C3F80411C3F814111860D2F80B
:1077C0000031002BFBD000200123A549C2F80001A5
:1077D0005360D1F80431002BFBD000200123A04AD4
:1077E000C1F804018B60D2F81431002BFBD00023C8
:1077F000C2F81431C2F80035BDF80A20120448BF9F
:10780000ADF80A30BDF80A30964A1BB2C3EB031339
:10781000C3EB03131B0182FB03121A44DB17C3EBF8
:10782000E2239AB240F6B7318A4200F2E081B2F523
:10783000FA6F40F2F0818C4AA3F5FA64A2FB04349B
:10784000C4F3C704D4E1894A894913680968EB1A6B
:1078500099423FF653AE874F15603B6801333B605A
:1078600014A801F049FCDFED847A9DED140A20EEA6
:10787000270A0FF089FDB0F5004F80F2C98110F59D
:10788000004FC0F2FE81C3B2C0F30720DFED7A7A69
:107890009DED150A8DF8243020EE270A8DF825007D
:1078A0000FF072FDB0F5004F80F2CA8110F5004F65
:1078B000C0F2F981C3B2C0F30720DFED6F7A9DED0E
:1078C000160A8DF8263020EE270A8DF827000FF0D3
:1078D0005BFDB0F5004F80F2B08110F5004FC0F2B3
:1078E000DF81C3B2C0F30720DFED647A9DED170A94
:1078F0008DF8283020EE270A8DF829000FF044FD7E
:10790000B0F5004F80F2968110F5004FC0F2D181A2
:10791000C3B2C0F30720DFED597A9DED180A8DF848
:107920002A3020EE270A8DF82B000FF02DFDB0F540
:10793000004F80F27C8110F5004FC0F2B781C3B2D6
:10794000C0F30720DFED4D7A9DED190A8DF82C303C
:1079500020EE270A8DF82D000FF016FDB0F5004F30
:1079600080F2748110F5004FC0F29481C3B2C0F36D
:1079700007209DED1A0A8DF82E30F2EE047A20EEE3
:10798000270A8DF82F000FF0FFFCB0F5004F80F2B2
:107990005A8110F5004FC0F27A81C3B2C0F30720BC
:1079A0009DED1B0A8DF83030F2EE047A20EE270AA6
:1079B0008DF831000FF0E8FCB0F5004F80F24981FE
:1079C00010F5004FC0F26081C3B2C0F307209DEDF7
:1079D0001C0A8DF83230F2EE047A20EE270A8DF878
:1079E00033000FF0D1FCB0F5004F80F21D8110F58F
:1079F000004FC0F25281C2B2C0F307209DF874302C
:107A00008DF834208DF83500002B00F02B811C4BB5
:107A10001B88DAB21B0A8DF836208DF83730B8F1A2
:107A2000000F40F0FA8035468CE58B42BFF477AE0C
:107A30004FF0A04340F203324FF000644FF080500B
:107A40004FF00051C3F86C27C3F87027C3F87427B0
:107A5000C3F80845C3F80805C3F80C152DE500BFA9
:107A60000070004081000880CDCCCCCC243C0020AC
:107A700014360020803C002000007A440000C842F8
:107A8000103600200EA801F071F93F68B74BA3FB38
:107A90000723DB0803EB8303B7EB43077FF46FADEA
:107AA000DFEDB37A9DED0E0A20EE270A0FF06CFC95
:107AB000B0F5004F80F2118110F5004FC0F2468101
:107AC000C3B2C0F307209DED0F0A8DF850308DF83A
:107AD00051000FF059FC9DED100A8DF85200020A7A
:107AE000030C000E8DF853208DF854308DF855009E
:107AF0000FF04AFC0028C0F203814FF6FF73984252
:107B0000A8BF1846C1B2C0F30723BDF848208DF8BE
:107B100056109DF84B108DF85730130A8DF85820E9
:107B20008DF859309DF84A7009B147F002079DF869
:107B30004C300BB147F00407FFF7E0F808B147F00D
:107B400008079DF84D300BB147F0100700F040FCDE
:107B500008B147F020079DF84CC0BCF1000F00F0C1
:107B6000D2809DF84D308DF85A703F0A8DF85B70C9
:107B7000002B00F0B580DFED7E7A9DED110A20EE3E
:107B8000270A0FF001FCB0F5004FC0F2E2807F2021
:107B9000FF238DF85C308DF85D00FEF743FC237801
:107BA000074613B140F00407BFB2FFF7ADF810B1BC
:107BB00047F00807BFB2FFF7A1F810B147F0100770
:107BC000BFB200F005FC002800F0928047F02003CF
:107BD0009BB21C0A102214A966488DF85E308DF8FD
:107BE0005F4003F0B7FB002D3FF488ACC9E4642488
:107BF0002146614804F0CCFF2146604C5E4804F009
:107C0000CFFF237803F0FF06002B3FF474AC78E439
:107C10007F20FF233AE60024EAE7142209A9584806
:107C200003F098FB35468DE47F20FF22E6E67F20B7
:107C3000FF2387E67F20FF236DE67F20FF2353E6A7
:107C40007F20FF2339E67F20FF23A9E67F20FF2343
:107C50008FE67F20FF23BAE6FFF756F800287FF46F
:107C60005FAC48E41A46D6E6FFF74EF80646002811
:107C70003FF484AC0EA801F079F8002D3FF43EAC3F
:107C80007FE48020002301E6802000239FE68020FF
:107C9000002385E6802000236BE680200022ADE6ED
:107CA0008020002320E68020002306E68020002399
:107CB00048E6802000232EE67F20FF2381E447F65C
:107CC000FF73ADF86E30C0E447F6FF73CDE9196677
:107CD000ADF86C60ADF86E30B7E47F20FF23F2E6BC
:107CE00047F6FF73ADF85C3057E700231C468AE483
:107CF00000F074FB030203F4E0633B439BB268E7CC
:107D00000023194601E71EAB02AA03F86FCD0DF15F
:107D100007010DF106008DF806C08DF807C08DF83B
:107D200008C001F00BF89DF806301B0203F4FE4377
:107D30001F4347F4004714E78020002341E410F577
:107D4000004F0DDBC3B2C0F307207AE43B4680202E
:107D5000B9E610F5004F06DBC3B2C0F3072018E701
:107D6000802000236DE48020002312E7CDCCCCCC12
:107D70000000C8424C3A0020DC39002018360020B0
:107D8000B03B00202DE9F0434FF0102383B0D3F82F
:107D90000C32D9071AD4624A0123C2F80435D2F84A
:107DA0000034002BFBD04FF010236FF001015C4A30
:107DB000C3F80C12D2F80034002BFBD00023584932
:107DC000C2F80435D1F80034002BFBD001211E206D
:107DD00009F024FA01211E2009F0B8FA4FF0A04062
:107DE00040F203334FF000624FF080514FF00054E7
:107DF000C0F86C37C0F87037C0F874371F23C0F86C
:107E000008251A22C0F808151921C0F808451E20B7
:107E1000FEF720FEFEF74AFEFEF754FA0321414822
:107E200004F0F8FB002201213E4804F029FC00F098
:107E3000DBFD04213B4804F0C1FD3B49394804F017
:107E400095FD3A49374803F04DFF0C22062135488D
:107E500003F03EFF02AC364804F0CAFE354B002169
:107E600024F8021D0222C3F8F025012009224FF454
:107E70000035C3F80005C3F81855C3F81025C3F83A
:107E800014151A46C3F82C46C3F83006C3F800117F
:107E9000C3F80411C3F814111860D2F80031002B94
:107EA000FBD0002001232349C2F800015360D1F820
:107EB0000431002BFBD0002001231E4AC1F804012D
:107EC0008B60D2F81431002BFBD00023C2F81431A0
:107ED000C2F80035BDF80620120448BFADF80630E0
:107EE000BDF80630144A1BB2C3EB0313C3EB0313F4
:107EF0001B0182FB03121A44DB17C3EBE2239AB285
:107F000040F6B7318A421BD8B2F5FA6F40F21A81B7
:107F10000A4AA3F5FA61A2FB0131C1F3C70110E0DF
:107F200000E00140783D0020CCB203004173020024
:107F3000DC3900200070004081000880CDCCCCCC22
:107F40006421AB4804F024FEAA4804F065F810212F
:107F5000A94803F081F900221121A74803F094F900
:107F60001421A54803F07EF9A34802F00BFF0C2171
:107F7000A24803F071F911221146A04803F084F9D8
:107F800001219E4803F06EF901229D499B4803F0B0
:107F900081F99A4802F0F6FE10219A4803F05CF944
:107FA00000221121974803F06FF91021954803F042
:107FB00059F9944802F0E6FE0C21934803F04CF97D
:107FC00011221146904803F05FF903218E4803F017
:107FD00049F901228D498C4803F05CF98A4802F086
:107FE000D1FE0C218A4803F037F911221146884846
:107FF00003F04AF90421864803F034F90122854947
:10800000834803F047F9824802F0BCFE1021824801
:1080100003F022F9002211217F4803F035F91421E1
:108020007D4803F01DF97C4802F0ACFE06217B4838
:1080300002F0F8FC794802F0DDFC6E49774802F066
:1080400095FC6B49754802F091FC744802F0A4FC61
:10805000734802F0A1FC0121704802F01BFDA02230
:1080600011466E4802F012FD00216C4802F00CFD32
:1080700000216A4802F07CFD01F0EEFA8146FEF72D
:1080800015FD00F0A5F9002800F0918000F050FEE9
:108090004FF0A04400286349634B40F2033515BFFD
:1080A0000C200A20502264224FF000664FF08057C7
:1080B0004FF0005808601A80FA20C4F86C57C4F8D2
:1080C0007057C4F87457C4F80C65C4F80875C4F840
:1080D000088506F01FFAC4F86C57FA20C4F87057E8
:1080E000C4F87457C4F80865C4F80C75C4F808855A
:1080F00006F010FAC4F86C57FA20C4F87057C4F8A8
:108100007457C4F80865C4F80875C4F80C8506F0FF
:1081100001FAC4F86C57C4F87057C4F87457C4F81F
:108120000865C4F80875C4F80885B9F1000F0BD1CB
:10813000FEF7E4FD00283DD13C4B01221A7003B04C
:10814000BDE8F0830021FCE6C4F86C57C4F8705712
:10815000C4F87457C4F80865C4F80C75C4F80885E9
:10816000FEF7CCFD0028E7D0782006F0D3F9C4F85C
:108170006C57B420C4F87057C4F87457C4F8086535
:10818000C4F80875C4F80C8506F0C4F9C4F86C5737
:10819000C4F87057C4F87457C4F80865C4F80C756F
:1081A0004FF0A0434FF00052C3F80825C4E700F099
:1081B0001BFC6BE7782006F0ADF9C4F86C57B420CF
:1081C000C4F87057C4F87457C4F80865C4F8087543
:1081D000C4F80C8506F09EF9C4F86C57C4F87057C3
:1081E000C4F87457C4F80865C4F80875D8E700BF28
:1081F000DC390020083C0020B03B0020583B002028
:10820000E97202004C3A0020283C00200D73020065
:10821000A43A002001730200FC3A00200040002034
:10822000444000201436002010360020183600206C
:1082300010B5044B044640F8083B03F029FF2046E4
:1082400010BD00BF40B3030010B5074B044640F813
:10825000183B02F07DFD2046044B40F8083B03F03C
:1082600017FF204610BD00BFE8B3030040B3030072
:10827000F0B5424F4249434C434E444D85B06846A9
:1082800003F01CFF6946384603F0E2FE684603F03F
:10829000FFFE224638463E493E4F0FF06FF86846D3
:1082A0003D4903F00BFF6946304602F09BFF6846EC
:1082B00003F0EEFE2246294630460FF05FF868468E
:1082C0003649374E03F0FAFE6946384602F08AFF17
:1082D000684603F0DDFE2246294638460FF04EF888
:1082E00068463049304F03F0E9FE6946304602F0F7
:1082F00079FF684603F0CCFE2246294630460FF04F
:108300003DF8684629492A4E03F0D8FE69463846AA
:1083100002F068FF684603F0BBFE22462946384655
:108320000FF02CF868462349234F03F0C7FE694637
:10833000304602F057FF684603F0AAFE224629465F
:1083400030460FF01BF868461C491D4E03F0B6FE80
:108350006946384602F046FF684603F099FE224619
:10836000294638460FF00AF8304604F01DFC224634
:10837000304614490FF002F805B0F0BD083C00206B
:10838000B4B1030000360020B03B002051AD020024
:1083900031820200583B0020DCB1030004B203002C
:1083A0004C3A00202CB20300283C002054B20300B9
:1083B000A43A00207CB20300FC3A0020A4B20300DF
:1083C000DC3900204982020042DF704744DF7047F9
:1083D000014B1878704700BF8A3C0020014B187889
:1083E000704700BFCC3C00202DE9F043BC4B1A681D
:1083F00085B0002A40F01C81BA4B1A68002A40F070
:10840000DE80B94B1A68002A40F09B80B74B1A688F
:10841000002A6FD1B64B1A68002A43D1B54B1A68AF
:108420004ABBB54B1A6812B905B0BDE8F083B34A30
:10843000D2F804235007F7D500221A60BFF34F8FFC
:10844000AF4AB04B01211170DB68D90104D5AE4BA6
:108450001A68D20700F1178107F0D4FAAB4BA0FBE2
:108460000301830A43EA8153A94A03F59673136013
:1084700005B0BDE8F083A14AD2F804130C06D0D5AC
:108480000021D2F804041960BFF34F8F4FF0FF337F
:108490000128C2F80434C4D19E4B1A78002AC0D0F7
:1084A0001970BEE7954AD2F804134D05B6D50021E0
:1084B0001960BFF34F8F8C4C4FF0FF30C2F80C04A3
:1084C0002160BFF34F8F1960BFF34F8F9249C2F8FD
:1084D0000C04A3F58673C2F81015402515244FF43B
:1084E00088600121C2F81455C2F82045C2F804037F
:1084F000196093E7814AD2F80413CE068AD5002189
:108500001960BFF34F8F08331960BFF34F8F1033DB
:108510001960BFF34F8F80494FF0FF30A3F586738A
:10852000C2F80C044025C2F8101515244FF48860D9
:108530000121C2F81455C2F82045C2F8040319609D
:1085400068E76E4CD4F8042357067FF55FAF00252B
:108550001D60BFF34F8FD4F82425C2F30B02103AED
:10856000C2F3CC02002A71D06B4E31783A2900F068
:108570008D8040F2DB80502900F0F780602940F0C8
:108580009480664B594A93E8030086E8030015601F
:10859000BFF34F8F40231721A2F58272C4F81065F4
:1085A0000325C4F814351020C4F818150121C4F8A7
:1085B0001C35C4F80C55C4F80403116026E74F4A73
:1085C000D2F8041309037FF51CAF00211960BFF333
:1085D0004F8F454D2960BFF34F8F454C2160BFF34E
:1085E0004F8F43F83C1CBFF34F8F4D4F494E4FF018
:1085F000FF330120C2F80C34C2F8043438703170F3
:108600002960BFF34F8F2160BFF34F8F4549C2F8F8
:108610000C34414EC2F81065402515244FF4886390
:10862000C2F81455C2F82045C2F804330860E8E6E1
:10863000324AD2F8042390077FF5DEAE00221A609A
:10864000BFF34F8F364B01221A70D5E61A60BFF385
:108650004F8F10331A60BFF34F8F2F4A4FF0FF3107
:10866000A3F58673C4F80C144025C4F81025152012
:108670004FF488610122C4F81455C4F82005C4F8E9
:1086800004131A60C2E65B689B09EDE6022A0CD966
:10869000B37871788B4208D30F2B06D85F1C7F1AF2
:1086A000BF00BFB2402F40F2F880104A0023337061
:1086B0001360BFF34F8F114B1B49C3F81065402067
:1086C000C3F814050422032510240120C3F818253B
:1086D000C3F81C25C3F80C55C3F80443086095E69D
:1086E000045100404C5100401851004010510040CE
:1086F000285100401C5100400851004000500040EB
:10870000893C0020F0ED00E0001000E040420F0046
:10871000843C0020103D0020D03C0020E4B2030047
:10872000883C00201C5000400C5000403029BCD137
:10873000012A24D11D60BFF34F8F684B1D60BFF32A
:108740004F8F4FF0FF31A3F58673C4F80C1440250A
:1087500015204FF48861C4F81065C4F81455C4F8A6
:108760002005C4F804131A6050E65D485D4A0123F1
:108770004FF48A610370C4F80813136046E67378F7
:10878000594A5A4F03F00F039B0003F1040E03F103
:10879000050C981DD91D0EF03F0E0CF03F0C00F09B
:1087A0003F0001F03F0112F80E9012F8008012F81D
:1087B0000CE012F801C08DF8049003F1080003F1F9
:1087C000090100F03F0001F03F0112F800908DF820
:1087D00005E003F10A0012F801E08DF8068003F1CC
:1087E0000B0100F03F0001F03F0112F800808DF80E
:1087F00007C003F10C0012F801C08DF8089003F1D6
:108800000D0100F03F0001F03F018DF809E012F882
:10881000019012F800E08DF80BC003F10E0003F197
:108820000F0100F03F0001F03F0112F800C0505C62
:108830008DF80EC0D118D35C8DF80030CB7891F84C
:1088400001C08A788DF8033004AB8DF802208DF8D2
:108850000A808DF80CE08DF80D908DF801C08DF830
:108860000F0013E90F0086E80F003D60BFF34F8F44
:108870001F4BC4F8106540271726802503201021C0
:108880000122C4F81475C4F81865C4F81C55C4F85E
:108890000C05C4F804131A60B8E5134B3A4603EB11
:1088A000810130460FF001FB104B1D60BFF34F8F6D
:1088B0000F4AC4F81065FB009BB24027172603251A
:1088C00010200121C4F81475C4F81865C4F81C35CB
:1088D000C4F80C55C4F80403116097E52851004012
:1088E000103D0020285000408C3C002010510040DA
:1088F0000C500040314B1B78002B51D070B5304DDF
:108900002B78002B2FD12F4C23785BB32E4BDB68B9
:10891000D90146D52D4B1A68D20742D55B689B0911
:108920002B4A12689B1A002B1CDB2A4A2A494FF457
:108930008A600023C2F808030B60BFF34F8F103129
:108940000B60BFF34F8F41F8183CBFF34F8F2348A4
:1089500023494FF48056C2F80865012202602B704B
:108960000B70237070BD1B4B164CD3F83C34DB07E7
:10897000CAD4154B01222270DB68DE0103D5134BEC
:108980001A68D00716D407F03DF8164BA0FB030178
:10899000830A43EA81530E4A03F596731360B3E7E3
:1089A000704707F02FF80F4BA0FB0301830A43EA3F
:1089B0008153B5E75B689B09EDE700BF8A3C002067
:1089C000883C0020893C0020F0ED00E0001000E031
:1089D000843C0020005000401851004008500040E6
:1089E000103D002040420F002DE9F04F934D944C74
:1089F000944B0020287020701B6813F0010385B091
:108A000004D00123237005B0BDE8F08F04AE46F812
:108A1000043D3046FFF7DAFC039B002B00F0E880B2
:108A20004FF0805A884EDAF85084DAF854745FFABE
:108A300087F9B9F1880FC8F3072306F108004FF052
:108A400038024FF0000108BF4FF0990901930FF071
:108A500050FA019BDFF810C273705FFA88FBC8F30D
:108A6000074883EA080286F800B08BEA020B86F812
:108A700003B0BCE8070086F80280DAF850E4DAF8C0
:108A8000543486F804904FEA172986F805904FEA87
:108A900017493F0EF771DFB2DFF8D08186F80690F4
:108AA000BCF800A0C6F80C8040F603694FF0FE0B3E
:108AB000882FC6F81200C6F81610C6F81A20A6F8B5
:108AC0001090A6F81EA086F820B04FEA1E204FEAAC
:108AD0001E464FEA13224FEA13484FEA136100F093
:108AE00090801B06594FDFF888A14FF0FF3C4FF0F4
:108AF0000009C7F808C3CAF80090BFF34F8F0AF106
:108B0000040ACAF80090BFF34F8F0AF1440ACAF86A
:108B10000090BFF34F8F4AF8309CBFF34F8F120481
:108B20004FEA08291FFA89F902F47F084FEA0E423A
:108B3000F6B248EA090E02F47F0200024EEA010191
:108B4000324380B219430243C7F804C4C7F89425DE
:108B5000C7F89015D7F8A0353D4A3E4923F0C00329
:108B600043F04003C7F8A035D7F8A03523F01F0322
:108B700043F00403C7F8A035D7F8A03523F4706399
:108B8000C7F8A035D7F8A4354FF0010C23F06003E7
:108B900060204FF490694FF480584FF0030E202668
:108BA000C7F8A435C7F80495C7F80885C7F80CE5D9
:108BB000C7F800C2C7F8041382F80503C2F8806141
:108BC00092F80513EC2349090B4113EA0C001BD062
:108BD000214B996861BB1660204A21482149012335
:108BE00013600022027022700A7018462B700AE788
:108BF000FFF7EAFB58B102230020237005B0BDE85F
:108C0000F08F4FF019436DE704232370FBE605F066
:108C100075FC074605E005F071FCC01BB0F5FA7F56
:108C2000E9D23046FFF7D2FB039B002BF3D0F7E6E7
:108C30001A6842F020021A60CEE700BF8A3C00208A
:108C4000CC3C00200C1200108C3C00200050004056
:108C500000E100E0860008005C5D00200850004054
:108C6000883C0020893C0020D4B20300E110060FAC
:108C7000045100404378007840EA032000B2704776
:108C80004278007840EA0220704700BFF8B50E4EE7
:108C90000E4F3378834202D13B788B4212D00D467F
:108CA00004460B4804F0F2FE2A462146084804F028
:108CB000E3FE074804F06CFE0649054804F0B8FEE0
:108CC00034703D70F8BD00BF1B3600201A360020FE
:108CD00054410020A0860100F8B50F4B0F4E1C78C0
:108CE00033780F4A0F4F1578A34202D13B78AB423D
:108CF00010D00D4804F0CAFE2A4621460A4804F066
:108D0000BBFE094804F044FE0849074804F090FE01
:108D100034703D70F8BD00BF1E3600201B360020A9
:108D20001C3600201A36002054410020A086010085
:108D3000014B1878704700BF163D002070B4074EF5
:108D4000074D36780670074C07482D780D7024784B
:108D500001781470197070BC704700BF123D00207C
:108D6000143D0020113D0020133D0020014B1978D7
:108D700001F07ABA163D002070B50B4C0E46014644
:108D80002046154604F0D8FE3146204604F0B8FDD2
:108D90002946204604F0B4FD204604F03FFFB0FA17
:108DA00080F0400970BD00BF54410020F8B5054671
:108DB0000E461348294614461F4604F0BDFE3146B0
:108DC0000F4804F09DFD00210D4804F0BFFE08B1DE
:108DD0000020F8BD2946FAB2094804F063FEB84203
:108DE000F6D150B12044064E451E013C304604F0F9
:108DF0007FFD04F8010FAC42F8D10120F8BD00BF9F
:108E0000544100202DE9F843DFF89880244C3225A6
:108E100098F800702046394604F08EFE0321204663
:108E200004F06EFD0021204604F090FE064610B1CD
:108E30000020BDE8F88339460122204604F032FEC6
:108E400001288146F4D1204604F052FD98F80070C4
:108E50002046394604F070FE1B21204604F050FDE8
:108E60003146204604F072FE48B1012005F052FB65
:108E7000681E10F0FF05CBD12846BDE8F8834A46AE
:108E80003946204604F00EFE01280646EDD1204664
:108E900004F02EFD4307E8D43046BDE8F88300BF58
:108EA0005441002019360020F8B5304D082406E062
:108EB0000F2005F02FFB601E10F0FF0454D00E2190
:108EC000284604F039FE0721284604F019FD002148
:108ED000284604F03BFE06460028E9D101220E2177
:108EE000284604F0DFFD01280746E1D1284604F0BA
:108EF000FFFCC0B2C428DBD10E211C4804F01CFECC
:108F000010211A4804F0FCFC3146184804F0F8FC23
:108F1000164804F083FE0A2005F0FCFA0E211348DF
:108F200004F00AFE1121114804F0EAFC80210F48E8
:108F300004F0E6FC0D4804F071FE0F2005F0EAFA9B
:108F40000E210A4804F0F8FD1021084804F0D8FC6E
:108F50003946064804F0D4FC044804F05FFE1420AF
:108F600005F0D8FA3846F8BD2046F8BD5441002037
:108F700010B5014604465F4804F0DEFD40215D481F
:108F800004F0BEFC28215B4804F0BAFC594804F008
:108F900045FE2146574804F0CFFD4121554804F0D5
:108FA000AFFC0321534804F0ABFC524804F036FEFA
:108FB0002146504804F0C0FD42214E4804F0A0FC78
:108FC00028214C4804F09CFC4A4804F027FE214626
:108FD000484804F0B1FD4321464804F091FC0021CB
:108FE000444804F08DFC434804F018FE012005F0CD
:108FF00091FA21463F4804F09FFD7E213D4804F050
:109000007FFC11213B4804F07BFC3A4804F006FE4B
:109010000A2005F07FFA2146364804F08DFD7E21B6
:10902000344804F06DFC1521324804F069FC3148E5
:1090300004F0F4FD552005F06DFA21462D4804F0AA
:109040007BFD40212B4804F05BFC2821294804F0DB
:1090500057FC284804F0E2FD2146264804F06CFD48
:109060004121244804F04CFC0321224804F048FC30
:10907000204804F0D3FD21461E4804F05DFD422146
:109080001C4804F03DFC28211A4804F039FC19481A
:1090900004F0C4FD2146174804F04EFD4321154855
:1090A00004F02EFC0021134804F02AFC114804F0BF
:1090B000B5FD21460F4804F03FFD03210D4804F0A3
:1090C0001FFC00210B4804F041FD08B1002010BD39
:1090D00021460122074804F0E5FC0128F6D10548A5
:1090E00004F006FC00F03C00A0F11400B0FA80F09F
:1090F000400910BD544100202DE9F04FC74EC84D26
:10910000282285B0002104460EF0F3FE32782B7839
:1091100084F8242084F825300AB9002B44D0DFF8E5
:1091200034B3C04F9BF800A03978BF4BDFF82893C9
:1091300093F80080514503D199F80010414513D0B0
:10914000BA4804F0A3FC42465146B84804F094FCE7
:10915000B64804F01DFCB649B44804F069FC327806
:1091600087F800A089F800800ABB2B78E3B1B14BE7
:109170001D78002D40F02D81AF4E3378002B40F04C
:1091800006810E21A94804F0D7FC0121A74804F06C
:10919000B7FB0021A54804F0D9FC002800F08D8021
:1091A0003378002B40F0A08005B0BDE8F08FA34BD2
:1091B0009E481E78314604F0BFFC0C219B4804F009
:1091C0009FFB0021994804F0C1FC0028CDD1314615
:1091D0000C22964804F066FC0C28C6D1DFF84CA29D
:1091E0000DF1040804AE504604F082FB08F8010BB0
:1091F0004645F8D19DF805109DF804609DF80730AC
:109200009DF809209DF806009DF80DC09FED8C4A41
:10921000DFED8C4A46EA01269DF8081040EA03205B
:1092200041EA02219DF80B309DF80A2042EA032210
:109230009DF80C3043EA0C2312B21BB206EE902AC2
:1092400007EE103A9DF80F209DF80E3043EA0223F6
:109250001BB236B200B209B207EE903A05EE106AC0
:1092600005EE900A06EE101AB8EEC55AF8EEE55A69
:10927000B8EEC66AF8EEE66AB8EEC77AF8EEE77AB4
:1092800025EE045A65EE845A26EE046A66EEA46A58
:1092900027EE247A67EEA47A2B7884ED035AC4ED86
:1092A000045A84ED056AC4ED006A84ED017AC4EDC8
:1092B000027A002B7FF45BAF76E706220E215B4833
:1092C00004F0F0FB06287FF46BAFDFF860A10DF12E
:1092D00004080DF10A05504604F00AFB08F8010BDA
:1092E0004545F8D1357805B39BF800603B784E4A88
:1092F000B34292F8008003D199F80030434511D071
:109300004A4804F0C3FB42463146484804F0B4FBE7
:10931000464804F03DFB4649444804F089FB3E7052
:1093200089F80080002D3FF43FAF9DF804609DF860
:1093300005109DF806509DF807209DF808009DF83F
:1093400009309FED416A41EA062142EA052243EADB
:10935000002309B212B21BB206EE901A07EE102AD1
:1093600007EE903AF8EEE66AB8EEC77AF8EEE77ADA
:1093700066EE866A27EE067A67EE867AC4ED066A9E
:1093800084ED077AC4ED087A05B0BDE8F08F2F4B65
:109390003A7893F800802E49424591F800A004D114
:1093A00099F8002052453FF4ECAE204804F06EFBE3
:1093B000524641461D4804F05FFB1C4804F0E8FAA1
:1093C0001B491A4804F034FB87F8008089F800A094
:1093D000D7E61A4B15481D78294604F0ADFB042149
:1093E000124804F08DFA0021104804F0AFFB002869
:1093F0007FF4DAAE294606220C4804F053FB062817
:109400007FF4D2AE094F01AD0DF10A06384604F0E3
:109410006FFA05F8010BAE42F8D186E7153D002042
:10942000163D00201B3600201C3600205441002031
:10943000A0860100173D0020183D002019360020AD
:1094400090C1793D00008038CDCCCC3D1F36002046
:109450001D3600201E3600201A3600202DE9F04F60
:10946000714C724D2378724A2870834285B08046D1
:10947000894611706F4D02D12B788B4212D06E4805
:1094800004F004FB4A4641466B4804F0F5FA6A488A
:1094900004F07EFA6949684804F0CAFA84F800804A
:1094A00085F80090FFF700FD04AD46F6690325F846
:1094B000043D614C07460DF10E0A15F8016B20467C
:1094C000314604F039FB0021204604F019FA00214E
:1094D000204604F03BFBD8B1AA45EED1A7B1584CC9
:1094E00000232370574A5849584B594D82F8008041
:1094F0000127002281F800901A702F7000F0E0FC24
:1095000028B3277807B92F78384605B0BDE8F08F23
:1095100001223146204604F0C5FA01288346DBD1FA
:10952000204604F0E5F9C0B2D128D5D13046FFF786
:109530001FFDD0B1474B424C1E7001232370002FFA
:10954000D0D1434D2F7000F0BBFC0028D9D176203C
:1095500000F0D2FC20B9772000F0CEFC0028D0D05B
:109560004946404600F0BEFCCBE70190314620461C
:1095700004F0E2FA7E21204604F0C2F9B62120462A
:1095800004F0BEF9204604F049FB962004F0C2FF27
:109590003146204604F0D0FA019B2046194604F0DB
:1095A000AFF9019B2046194604F0D0FA002893D168
:1095B0005A463146204604F075FA01288CD12046DF
:1095C00004F096F9C0B2D12886D14FF0030B304693
:1095D000FFF7CEFC0028ADD1142004F09BFF0BF167
:1095E000FF3111F0FF0BF2D13146204604F0A4FA0E
:1095F0005946204604F084F95946204604F0A6FA5C
:1096000000287FF469AF01223146204604F04AFA6F
:1096100001287FF461AF204604F06AF9C0B2D12876
:109620007FF45AAF86E700BF1B3600201E360020AD
:109630001C3600201A36002054410020A08601006C
:10964000153D00201F3600201D360020183D00204B
:10965000163D0020193600202DE9F04F994ADFF819
:10966000A082994F994E9A4D00241470994A88F817
:10967000004089B0FF23147033702B703C7000F0F1
:10968000F5FB2146072007F0C9FD2146082007F019
:10969000C5FD2146142007F0C1FD8F4A8F4B05926E
:1096A000A146A246069305AC04EB090314F8090091
:1096B000597887F800A088F800A0FFF7CFFE09F1DD
:1096C000020908B13B788BB9B9F1080FECD14FF022
:1096D000000904EB090314F809005978FFF7BEFEEE
:1096E00009F1020910B9B9F1080FF2D17C4B7D4A9A
:1096F00093F800A02B7892F80090534502D133786C
:109700004B4512D0784804F0C1F94A465146764894
:1097100004F0B2F9744804F03BF97449724804F05B
:1097200087F985F800A086F80090DFF8BC914FF02B
:10973000000A4FF0030B5946484604F0FDF948462D
:1097400004F06CFA0BF1010350B9BAF1070F07D816
:1097500008AA52440AF1010A02F814BC5FFA8AFA14
:109760005FFA83FBBBF1780FE5D1614B83F800A072
:10977000BAF1000F40F0C6805E4B83F800A098F865
:109780000030002B00F004810021084600F0B0FCFE
:1097900000F0A2FB002800F00182514B514A93F8DF
:1097A00000902B7814784B4502D13378A34211D026
:1097B0004D4804F06BF9224649464B4804F05CF9E9
:1097C000494804F0E5F84949474804F031F985F87B
:1097D000009034703B78002B40F0118298F80030F4
:1097E00023B13C4B1B78002B00F0DB81B9F1130F48
:1097F00002D13378152B12D03B4804F047F91522DB
:109800001321394804F038F9374804F0C1F83749D2
:10981000354804F00DF9132215232A703370324CA9
:109820004FF000094FF0030A5146204604F084F936
:10983000204604F0F3F90AF1010350B9B9F1070F1A
:1098400007D808AA4A4409F1010902F814AC5FFAE2
:1098500089F95FFA83FABAF1780FE5D1264B83F8DC
:109860000090B9F1000F01D09DF80C901C4B234AD9
:109870001C782B781B4982F80090A34291F800A035
:1098800002D13378534511D0174804F0FFF85246FF
:109890002146154804F0F0F8134804F079F813490C
:1098A000114804F0C5F82C7086F800A03B7823B965
:1098B00098F80030002B00F09881012009B0BDE835
:1098C000F08F00BF183D0020153D00201A36002003
:1098D0001B360020173D00200B0C0C0B0D0E0E0D3F
:1098E0001E3600201C36002054410020A0860100B6
:1098F000123D0020143D0020113D0020133D0020AA
:10990000163D00209DF80C30C44A0E2B137038D041
:10991000BAF1010F3FF433AF9DF80D300E2B30D06C
:10992000BAF1020F3FF42BAF9DF80E300E2B28D06A
:10993000BAF1030F3FF423AF9DF80F300E2B20D068
:10994000BAF1040F3FF41BAF9DF810300E2B18D066
:10995000BAF1050F3FF413AF9DF811300E2B10D064
:10996000BAF1060F3FF40BAF9DF812300E2B08D062
:10997000BAF1070F3FF403AF9DF813300E2B7FF4BD
:10998000FEAE0E23137098F80030002B7FF4FCAE6F
:10999000A34ADFF89CA207CA84E807009B4604EBB1
:1099A0000B0114F80B902A784B7801934A450BF180
:1099B000020B504602D132789A4212D004F066F877
:1099C000019A4946504604F057F8504603F0E0FF2C
:1099D0009449504604F02CF89DF8043085F8009026
:1099E0003370FFF761FA002840F02C81BBF10C0FB7
:1099F000D5D198F80030002B7FF4C6AE3B78002B11
:109A00003FF4C2AE884B894A93F800902B781478C3
:109A10004B4502D13378A34211D0854804F036F883
:109A200022464946824804F027F8814803F0B0FFF7
:109A30007C497F4803F0FCFF85F800903470DFF824
:109A4000F8917B4899F8001004F076F86B2178487B
:109A500003F056FF2021764803F052FF744804F0CB
:109A6000DDF899F80010724804F066F87E2170481D
:109A700003F046FF19216E4803F042FF6C4804F0E2
:109A8000CDF80A2004F046FD99F8004068482146C8
:109A900004F052F80321664803F032FF00216448C5
:109AA00004F054F8002800F08681614899F800100D
:109AB000824604F041F84B21504603F021FF1C215F
:109AC000504603F01DFF504604F0A8F899F8001026
:109AD000504604F031F84C21504603F011FF80212C
:109AE000504603F00DFF504604F098F8052004F0AE
:109AF00011FD052499F80010504604F01DF84D2181
:109B0000504603F0FDFE0721504603F0F9FE504693
:109B100004F084F88346002800F0AC800A2004F0AA
:109B2000F9FC631E13F0FF04E4D199F800104048DB
:109B300004F002F84C213E4803F0E2FE21463C4886
:109B400003F0DEFE3A4804F069F899F8001038484E
:109B500003F0F2FF7E21364803F0D2FE182134488C
:109B600003F0CEFE324804F059F899F8001030485E
:109B700003F0E2FF6B212E4803F0C2FE21462C4881
:109B800003F0BEFE2A4804F049F80021084600F020
:109B9000AFFA00F0A1F900287FF4FFAD00F01CFB44
:109BA000FBE5244B1B788BBB1F4B93F800A01F4B8E
:109BB000CA451C7802D13378A34211D01C4803F067
:109BC00065FF224651461A4803F056FF184803F035
:109BD000DFFE1449164803F02BFF85F800A034700F
:109BE000FFF762F995F8009000E600F069F90028A7
:109BF0007FF463AE09B0BDE8F04F00F067B90E4BDB
:109C00001878FFF7B5F995F80090E7E50B4A0C4B8B
:109C100092F800A01C78CA45CDD0CFE7143D0020B3
:109C2000ECB20300A08601001E3600201C36002086
:109C300054410020183D0020193600201F36002016
:109C40001D360020824B834A83F80090824B9DF89A
:109C500004101B7811704B454FF0010288F800206A
:109C600005D17E4B1878019BC01A18BF01207C4B90
:109C7000187089E5FFF7C6F800283FF44FAF99F850
:109C8000003001931946504603F056FF0421504618
:109C900003F036FE5946504603F058FF019B8346B9
:109CA00000287FF43BAF19460122504603F0FAFE2C
:109CB00001287FF433AF504603F01AFEC0B2C42827
:109CC0007FF42CAF99F80010664803F035FF4F2160
:109CD000644803F015FE5946624803F011FE6148DE
:109CE00003F09CFF002872D00A2004F013FC99F8BE
:109CF00000105C4803F020FF4F215A4803F000FE9B
:109D00008021584803F0FCFD564803F087FF0028E7
:109D100000F088800F2004F0FDFB99F800105148F6
:109D200003F00AFF4F214F4803F0EAFD01214D489F
:109D300003F0E6FD4B4803F071FF00285DD01420CE
:109D400004F0E8FB99F80010464803F0F5FE4D21B9
:109D5000444803F0D5FD0121424803F0D1FD4148BC
:109D600003F05CFF99F800103E4803F0E5FE442143
:109D70003C4803F0C5FD08213A4803F0C1FD3948CD
:109D800003F04CFF99F80010364803F0D5FE4C2143
:109D9000344803F0B5FD0221324803F0B1FD3148EB
:109DA00003F03CFF022004F0B5FB2F4A012313709F
:109DB00088F80030E8E4214601222A4803F072FEC8
:109DC00001287FF472AE274803F092FD6DE699F802
:109DD0000010244803F0B0FE4E21224803F090FD0D
:109DE0001021204803F08CFD1E4803F017FF0028C7
:109DF0007FF47AAFFFF706F876E799F80010194874
:109E000003F09AFE4E21174803F07AFD1021154801
:109E100003F076FD134803F001FF00288FD1FEF711
:109E2000F1FF8CE799F800100E4803F085FE4E21F3
:109E30000C4803F065FD11210A4803F061FD094853
:109E400003F0ECFE00287FF465AFFEF7DBFF61E76F
:109E50001F3600201D3600201E3600201C36002034
:109E6000183D002054410020173D0020F0B40C4D57
:109E70000C4F0D4E0D480E4A0E490F4C00232B700F
:109E8000762505703B7033700B200C4B107013203F
:109E900015220C2508701A702570F0BC704700BFA1
:109EA000443D0020453D0020193D00202036002083
:109EB00024360020233600202236002021360020C0
:109EC000014B1878704700BF443D0020014B1878C3
:109ED000704700BF193D0020014B1878704700BF44
:109EE000453D0020024A034B10701970704700BFB7
:109EF00024360020223600202DE9F04188B008AA3F
:109F0000002302F81A3DD02101230546FEF74EFF3B
:109F100028B19DF80630582B06D0602B04D00024C1
:109F2000204608B0BDE8F081A3F160035B4E5C4FB2
:109F30003570B3FA83F35B09B622E02128463B7003
:109F4000FEF71AFF142004F0E5FA307802AA18236D
:109F50008821FEF72BFF04460028E1D002A8FEF777
:109F60008FFEDFF88881A8F800000DF10A00FEF7E7
:109F700081FE4C4B188003A8FEF77CFE4A4B1880EC
:109F80000DF10E00FEF77CFE484B188004A8FEF78A
:109F900071FE474B18800DF11200FEF76BFE454B2A
:109FA000188005A8FEF766FE434B18800DF11600D9
:109FB000FEF760FE414B188006A8FEF75BFE404BA3
:109FC00018800DF11A00FEF755FE3E4B188007A8C9
:109FD000FEF750FE3C4B18800DF11E00FEF74AFEC6
:109FE000B8F800303949013B9BB24FF6FD729342FD
:109FF000088094D83B7883B92722F4212846FEF7BD
:10A00000BBFE28460022F521FEF7B6FE304B0122AA
:10A0100020461A7008B0BDE8F08108AA002302F8B3
:10A02000193DA12101233078FEF7C0FE10B90023AD
:10A030003B70E1E73078072302AAE121FEF7B6FE84
:10A040000028F4D0234B9DF807201A7002A8FEF7D1
:10A0500011FE9DF80C30204A9DF90B601080397874
:10A060001E489DF90D7003F00F0242EA06121B1103
:10A070001B4E028043EA07131A481B4A33809DF89F
:10A080000A609DF80E30067013700029B4D00122CA
:10A09000F2212846FEF770FEAEE700BF2036002012
:10A0A000453D00203A3D00203C3D0020263D00205B
:10A0B000283D00202A3D00202C3D00202E3D002080
:10A0C000303D0020323D0020343D0020363D002050
:10A0D000443D00201A3D00201C3D0020203D002072
:10A0E000223D00201E3D0020243D0020383D002060
:10A0F0002DE9F04F83B002AD304B45F8043D00240C
:10A1000082468946A0462B192F5D5E783846314637
:10A11000FEF7BCFD042200211E20FEF72DFE0234B6
:10A1200038B9042CEFD14FF0000B584603B0BDE80E
:10A13000F08F322004F0EEF9032200211E20FEF7FA
:10A140001BFE0028EDD0142004F0E4F902AA01233C
:10A1500002F8058D00211E20FEF728FE8346002808
:10A16000DFD09DF8033003F00303032BD9D1144B48
:10A17000144D154C2F7001221A702670BAF1000F81
:10A1800001D08AF80070B9F1000F01D089F80060A1
:10A190000E4B1B78002BC8D17620FFF7ADFE30B1F7
:10A1A0000B490C4B2878227808701A70BDE777208D
:10A1B000FFF7A2FE0028F3D1B7E700BF1315151370
:10A1C000193D00202336002021360020443D002088
:10A1D00024360020223600202DE9F04784B01F4BA2
:10A1E0000393002547F27673ADF80830A84603AF15
:10A1F0000DF10A094FEA450A07EB0A0317F81500A3
:10A200005978FEF743FD02AC14F8016B8DF8078016
:10A21000304601230DF10702D021FEF7C7FD18B12A
:10A220009DF80730602B08D04C45EDD11DB10020C2
:10A2300004B0BDE8F0870125DCE73046FFF75CFE9F
:10A240000028F1D004AB9A440549064B1AF8044C97
:10A250001AF8032C0C701A70EAE700BF13151513D7
:10A2600024360020223600202DE9F04F324B334DAA
:10A27000334E1B782A78C6600026C0E904668BB08E
:10A2800004460175C0E9006686608374C274EBB150
:10A290002C4A2D4B11781878FEF7F8FC2B4B2C4AE2
:10A2A0001B781078002B08AB194604930A460CBFA4
:10A2B00006230823F721FEF779FD002850D12B78DB
:10A2C00043B9FEF709FD0BB0BDE8F08F002AFAD0C4
:10A2D00008AB04931F4A204B11781878FEF7D6FC80
:10A2E000022307AA0C211E20FEF760FD78B19DF81D
:10A2F0001D209DF81C309FED197A43EA022307EEDA
:10A30000903AF8EEE77A67EE877AC4ED027A049A1B
:10A3100002230E211E20FEF749FD0028D1D09DF812
:10A3200021209DF82030120102F47C7203F00F030B
:10A3300013432382C5E700BF443D0020193D0020A0
:10A340000000C07F2236002024360020453D00203A
:10A350002036002021360020233600203333B33E40
:10A360009DF824309DF82390D04A9DF825801288CE
:10A37000CF49D048B1F90010B0F900E0CE48DFF87D
:10A3800078C3B0F900009FEDCD7A1B0143EA093391
:10A3900043EA1818C2EB181A0AFB0AFA4FEA2A3ADB
:10A3A0005200C2EBD80201FB0AF189130EFB02F244
:10A3B00001EBE223B3F5FA324FEAE37B05934BF16D
:10A3C000FF339B46924613465A4603FB02F3AAFB11
:10A3D0000A12CDE9001202EB43010191DDE9008987
:10A3E000BCF90020C11700FB09FC08FB01CCA0FB55
:10A3F00008016144D31702FB0BFC070A0AFB03CCDC
:10A4000047EA0167A2FB0A236344CDE902ABBA46DF
:10A41000059F9DF820C04FEA033949EA12594FEAD7
:10A4200002380912A64A07EB87031AEB08008B468D
:10A4300003F180034BEB09011B1210F1000A108895
:10A4400007EE903A41F5004BAAFB002300FB0B33CB
:10A45000F8EEE77A4FEA63084FEAE379994B9DF803
:10A4600021001F6067EE877A58EA0903C4ED007A7D
:10A470009DF8222000F016819349DFF880E2DDE9A3
:10A4800002AB171147EA0017B1F9000000FB0BF20D
:10A49000C1170AFB0122A0FB0A01CDE902010298C3
:10A4A00011444FEA414BBEF9002088494BEAD03BAA
:10A4B0004FEA404A019847EA0C3702FB00FC00983B
:10A4C0000096D31700FB03CCA2FB0023CDE90223A7
:10A4D000B1F9000063440393C300DDE90201C7F54D
:10A4E000801710EB0A00019341EB0B01FB178B4621
:10A4F000D907DDE9002310EB020A4FEAC7704BEBE6
:10A50000030B41EA5701B0EB0A0061EB0B010218A3
:10A51000824641EB010310188B4643EB01010A46CA
:10A520009701860147EA9067801942EB07018B008B
:10A53000820012EB0A0643EA907343EB0B07BB0061
:10A54000B20043EA967316461AEB06001F464BEB21
:10A55000070142464B460DF013FA5D4EDFF8A0E1CD
:10A56000B6F90060BEF900A0DFF898C14B13420BAA
:10A5700042EAC14206FB03F8F71702FB0788A6FB75
:10A580000267474406FB03F302FB0733A6FB02679F
:10A590001F44730E43EAC71300937B1601930AFB13
:10A5A00001FE4FEAEA7BDDE9002300FB0BEEAAFB8C
:10A5B00000ABF3444FEADA48121848EA4B384B41F3
:10A5C00012EB0800BCF900804FEAEB4943EB0901AC
:10A5D000020A4FEAE87942EA01624FEA09174FEAB4
:10A5E00008160B12901947EA187743EB07010DF094
:10A5F00089F9DFED387A07EE100A67EE277A364BD5
:10A60000C4ED017A1B78002B3FF459AE3349344B2B
:10A61000B1F90060334A05991B7892F90020BDF822
:10A620002670A1F5963000FB03F3DB1200FB02F26B
:10A6300003F50043921202FB03F22B492B4BB1F9B5
:10A640000010B3F900307FBA3605BFB2921202F59E
:10A650000012C6EB873600FB116103FB02F303F522
:10A66000005301F58042D2139B1303FB02F32049F0
:10A67000DA1302FB02F20978D21101FB02F2A3EB1A
:10A680002213B3F1C85FA8BF4FF0C85323EAE373A6
:10A690001B1307EE903AFAEECB7A0123C4ED037A4E
:10A6A00063750CE6DFED137AA9E700BF383D0020A3
:10A6B0003C3D00203A3D00202A3D00200AD7233CA3
:10A6C000263D0020403D00202E3D00202C3D002056
:10A6D000363D00200000803B453D0020203D00200D
:10A6E0001E3D0020243D0020223D00201C3D002076
:10A6F0001A3D002000000000283D0020303D0020D1
:10A70000343D0020323D0020417C01B1704770B4DF
:10A710008368827B254C01254574C3F80825427B5C
:10A72000C3F80C252579067B6279C3F81065C3F858
:10A730000015691E12F1FF32C9B218BF01220229A9
:10A74000C5730274206816D9C3F85425184AB2FBA1
:10A75000F0F2B2F5007F13D2FF2A1AD87F2A1ED852
:10A760003F2A19D81F2A1DD8102A34BF4FF00041A4
:10A770004FF0804106E00F4C54F821100A43E3E704
:10A780004FF000710122C3F8241570BCC3F80025F6
:10A7900070474FF08061F5E74FF08051F2E74FF0DE
:10A7A0000061EFE74FF00051ECE700BF5C3D002097
:10A7B0000090D003F8B2030030B482B002AB03E9DA
:10A7C00006009DF804409DF805308268611E13F173
:10A7D000FF33C9B218BF012300250229C2F8005572
:10A7E000C473037403D8194850F821100B43C2F8FE
:10A7F00054350099164BB3FBF1F3B3F5007F18D233
:10A80000FF2B0CD87F2B17D83F2B18D81F2B19D80C
:10A81000102B34BF4FF000414FF0804101E04FF06A
:10A8200080610123C2F82415C2F8003502B030BCA3
:10A8300070474FF00071F4E74FF00061F1E74FF01F
:10A840008051EEE74FF00051EBE700BFF8B2030094
:10A850000090D00383680022C3F80025704700BF32
:10A8600010B4064C54F82110017354F8222082735E
:10A8700054F8233043735DF8044B7047C0B40300B1
:10A880008268C2F81C15D2F80831002BFBD0D2F830
:10A8900018050023C0B2C2F8083170470B4A0C4BB0
:10A8A0000C4970B4D2E90C050B4C966B98730022DE
:10A8B0009C604FF48070094C1E735D73DA731A74D8
:10A8C0000C6088805A7470BC704700BFC0B403002D
:10A8D000483D00205C3D00200030024000093D0062
:10A8E00072DF704773DF704774DF704777DF704740
:10A8F00070B5054608460C4601F000FC102808D04B
:10A90000802812D1A36883B1EA7F0D2A0FDD0020D1
:10A9100070BDEB7FA2881B2BF9DCE9180320E854FB
:10A9200048704A80EB7F0433EB77012070BDA91893
:10A930001120A85407224A7098681E685C68DB687A
:10A94000C1F80E30C1F80A00C1F80260C1F8064033
:10A95000EB7F1233EB770120DAE700BF08B5002167
:10A96000C1771F220DF0C5FA08BD00BF30B5D1E98F
:10A97000035485B04A69074B00936946CDE902420A
:10A980000195FFF7B5FF0446684601F081FB2046BC
:10A9900005B030BD54B30300F0B589B005462022A0
:10A9A0006946134801F0F6FFEB7FC2181D2A0ADD45
:10A9B000C3F11D04E4B2E2181D2A4FF0000615DDB4
:10A9C000304609B0F0BD044601260927EA18601C8C
:10A9D000E85469465770901C22460DF066FAEB7FEA
:10A9E00002331C443046EC7709B0F0BD0827EDE790
:10A9F000783D002010B50446094802F019F8E37FBD
:10AA00001C2B0ADCE2180221E1540A2390705370D7
:10AA1000E37F0333E377012010BD002010BD00BFAA
:10AA2000783D0020C27F1C2A0DDC10B403469C1820
:10AA3000022098540120A1706070DA7F0332DA7727
:10AA40005DF8044B70470020704700BF38B5002404
:10AA50002146C4771F220DF04CFA0949094A0346E2
:10AA6000C3E90E44C3E90C1240F2FF15012083F83C
:10AA7000220083F82340DC621C641D84184638BD24
:10AA80002000F40020001E00C18670474286018627
:10AA90008186704780F82210704700BF2DE9F04191
:10AAA000044690F8210002EB82030E46811E86B018
:10AAB00003EB8303C9B215469B0000220929CDE9A7
:10AAC00002620092ADF80C300192CDE904228DF8BB
:10AAD000000009D8012303FA01F140F2A32319422F
:10AAE0001CBF04F12403019394F82330002B36D1CA
:10AAF0001D4B1E4F9F60A7F53377E17F97F8EB0260
:10AB0000998098816A46194604F120001C60FFF77D
:10AB1000E7FE18B1002006B0BDE8F081384694F891
:10AB2000208001F085FF414602460120FFF7DEFE4E
:10AB30000028EFD1012194F82000FFF7D3FE002870
:10AB4000E8D1384601F0E0FF638FA686AB4294BFA0
:10AB5000DB1A5B1B0120638784F82300DBE794F892
:10AB60002000FFF7C1FEC3E7643D00204440002001
:10AB70002DE9F041044686B041870187FA21324829
:10AB800001F05AFF94F82100E58E278E029705EB1D
:10AB90008503811E03EB8303C9B200229B000929B0
:10ABA00003920092ADF80C300192CDE904228DF8A9
:10ABB000000009D8012303FA01F140F2A32319424E
:10ABC0001CBF04F12403019394F82330002B36D1E9
:10ABD0001E4B1F4E9E60A6F53376E17F96F8EB0282
:10ABE000998098816A46194604F120001C60FFF79D
:10ABF00077FE18B1002006B0BDE8F081304694F829
:10AC0000208001F015FF414602460120FFF76EFE4D
:10AC10000028EFD1012194F82000FFF763FE0028FF
:10AC2000E8D1304601F070FF638FA7869D4294BF44
:10AC30005B1BDB1A0120638784F82300DBE794F8B1
:10AC40002000FFF751FEC3E7783D0020643D00205F
:10AC50004440002030B50B888D88112B85B0044608
:10AC60002CD0262B0FD0102B01D005B030BDCB7BC4
:10AC7000012BFAD1C26A03FA05F515430023C56218
:10AC800080F82330F1E70B7A012BEED1002380F816
:10AC900023304FF4FA71274801F0CEFE238F002BAA
:10ACA00030D0658F002D36D0236C0BB19847658F5F
:10ACB000618E2A462046FFF7F1FED6E7C36AEB40D5
:10ACC000DB07D2D51B4800F0E7FF0028CDD1E36AAF
:10ACD00094F82310012202FA05F523EA0503E36242
:10ACE0000029C2D194F82230002BBED0238F638775
:10ACF000FA21104801F0A0FEE28E218E2046FFF7D7
:10AD0000CDFEB2E7236C03B198470022618E204646
:10AD1000FFF7C4FEA9E7074801F00AFFE26B002A2B
:10AD2000A3D004AB0095294643F8045D284606F0FD
:10AD3000D1F99AE7783D0020AADF7047ABDF704772
:10AD4000ACDF7047ADDF7047AEDF7047B0DF7047F4
:10AD500010B5044B044640F8043B01F099F9204635
:10AD600010BD00BF10B3030010B5054B044640F8FA
:10AD7000043B01F08DF9204605F038FF204610BD58
:10AD800010B30300F0B5854B04461B68836197B090
:10AD9000043001F0C5F994F82E30A06913F03202A6
:10ADA00008BF84F82F2013F00C0308BF84F830305C
:10ADB0000DF10102694601F061F994F82F209DF828
:10ADC0000110100714D09DF8003002F00F0003F0BE
:10ADD0000F06B0424FEA13174FEA121540F289806E
:10ADE00094F82F2060F3030265F3071284F82F20F4
:10ADF00094F830301A0711D003F00F0201F00F055C
:10AE0000AA424FEA13104FEA11166AD994F830306B
:10AE100062F3030360F3071384F8303094F82E20B4
:10AE200012F030036ED10FAD0F93C5E90133C5E9C0
:10AE3000033394F82F108DF83C201846AB610123A2
:10AE40004FF0000263F34202236A14900020ADF831
:10AE500008008DF80A208DF8081013B11A78002A1E
:10AE600033D194F8263013B104F12603129394F8E9
:10AE70003130E28AE169099113F0010F4FF00003CC
:10AE80000CBF10461846CDF81E302946ADF81C0000
:10AE9000ADF82230184604F12F05ADF8202004F15A
:10AEA000080604F1320305AA06950596FFF744FF4C
:10AEB000054638B994F82520002A3DD1257D002D7E
:10AEC00065D00025284617B0F0BD184610930DF048
:10AED000D9FE02AB80B2ADF84400ADF84600139342
:10AEE000BFE74B401B0701D1B0428FD830462A46FE
:10AEF0008CE75A40130702D1BD423FF671AF3D4681
:10AF000030466DE70023012525490F93184665F368
:10AF100042000FAD0E7894F82F108DF83C208DF87C
:10AF200006008DF80460C5E90133C5E90333AB6160
:10AF30008DF8051001A882E70122014662F3420163
:10AF400094F82F508DF80E10022303AE42F608112C
:10AF5000ADF80C008DF812200B968DF80C50ADF862
:10AF6000101004F1240504AE0DEB03020AA9CDF87C
:10AF700032000E95ADF83600ADF83030ADF8343013
:10AF80000A96FFF7DBFE0546002897D09AE7214690
:10AF9000044800F043FE284617B0F0BD743D002081
:10AFA00004B30300003E00202DE9F0410B888E8899
:10AFB000502B8AB00C46054609D0512B04D18B7911
:10AFC000012B42D0022B17D00AB0BDE8F081CB880C
:10AFD000428E9A4226D0EA8E9A42F5D16B6D002BB2
:10AFE000F2D095F84420648A920700F19B802246B3
:10AFF000294630469847E7E7A27B042A58D0062A1C
:10B0000032D0012AE0D1EB6C002BDDD095F8442042
:10B01000170704F1080400F1C08022462946304693
:10B020009847D1E7076D002FD5D090F84430B1F89C
:10B0300010C001F11208D90700F19380634642461F
:10B0400029463046B847E388C5E7836C002BBBD060
:10B0500090F84420520701F1080773D43A46294674
:10B0600030469847A379ADE7EA6B002AACD00022BE
:10B0700002A93046CDE90222CDE904228DF808303C
:10B08000FFF764FE2C6D64B195F84430EF6BB5F8B2
:10B0900042C0D80700F1918063463A4630462946BF
:10B0A000A047E86B03F05EFA0023C5E90F338BE796
:10B0B000E86B002868D0B5F84070218A628A01EBFD
:10B0C000020C00234FF0020EBC45CDE90633CDE95A
:10B0D00008338DF818E008DD40F20913ADF81C3094
:10B0E00006A93046FFF732FE6EE79DF81E30ADF838
:10B0F000201004F1140743F0010308443946ADF869
:10B1000022208DF81E3009970CF0CFFE638A228A28
:10B11000B5F842101A4493B28B4238BF0B46A5F8DB
:10B120004230DDE7032000211A46009006AB0846B6
:10B13000CDE90665089405F0CDFF00287FF444AF03
:10B140006B6D54E703211A46009106AB082138467F
:10B15000CDE90665089705F0BDFF002882D1AB6CEC
:10B160007CE7042300933A46614606AB4046CDE9AE
:10B170000665CDE9088C05F0ADFF00287FF463AFCC
:10B180002F6DB4F810C059E74FF4806003F0D0F988
:10B190004FF48067C5E90F078FE703211A46009136
:10B1A00006AB0E212046CDE90665089405F092FF16
:10B1B00000287FF409AFEB6C2FE7042300932246AD
:10B1C0003846614606ABCDE906650897CDF824C040
:10B1D00005F080FF00287FF464AF2C6DEF6BB5F8AD
:10B1E00042C059E7F0B4D1E90154184ACF68117848
:10B1F000174E856001231A4663F34202154D80F80D
:10B200003120C460002214240761C0E90065C482B3
:10B2100080F82F1080F8301080F844200275826189
:10B2200002628284C0F82620C0F82A2080F82E20EE
:10B23000C261428682860287C286C0E90F22C0E9C7
:10B240001222C0E91422F0BC704700BF04B303000F
:10B2500010B3030054B3030080F82E10704700BFF2
:10B26000C182704739B990F83130012262F300038E
:10B2700080F83130704790F83130C182002262F39B
:10B28000000380F83130704780F82F1080F83020AC
:10B29000704700BF90F84430016562F3000380F806
:10B2A0004430704751F8322F02604A68426070475C
:10B2B00030B5C48A85B0012C28BF01248DF8071051
:10B2C0000023418EADF808400DF1070502AA4FF6A4
:10B2D000FF70ADF80A300395FFF732FD18B9BDF8DD
:10B2E000080005B030BD184605B030BD30B5044685
:10B2F00085B0174801F0E4FB054694F82E0010F0E5
:10B30000100001D105B030BD2946114801F0CCFB39
:10B310000028F7D0E18E11B9084605B030BD2846A7
:10B32000002302AA02250DF10604ADF80A30ADF89B
:10B3300008500394FFF706FD43F20142904205D006
:10B3400008B99DF8060000F00100DBE71846D9E7D0
:10B35000783D00202DE9F04F90F82E30DC0689B0C2
:10B3600005D44FF0000B584609B0BDE8F08F0446F5
:10B37000434815460E4601F0A3FBE38A94F82E20BD
:10B380009D4228BF1D46D206804608D501463C484E
:10B3900001F08AFB834608B1E18EA9B9E38A04AFC4
:10B3A0009D4228BF1D463A460023618EADF81050DD
:10B3B0004FF6FF709B460596ADF81230FFF7C0FCC4
:10B3C000584609B0BDE8F08F002004AF3A464FF070
:10B3D000020CADF812000DF10E034046ADF810C09E
:10B3E0000593FFF7AFFC43F20142904246D008B903
:10B3F000BDF80E0000F0010000283FD04146204873
:10B4000001F06AFB82460028ABD000F051F9033806
:10B4100083B2002DA7D0CDF804B04FF000099B46B1
:10B4200005E0BDF80E30ED1AADB21E441DB3504616
:10B4300000F06AF9AB455B46394628BF2B46002829
:10B440008FD0ADF80E304FF00103628ECDF8129020
:10B4500040468DF812300DF10E03ADF81690CDE98F
:10B460000636ADF81020FFF76FFC0028D9D0504603
:10B4700000F054F975E7DDF804B074E7E38A8FE76C
:10B48000783D00202DE9F04F90F82E3089B0DA0693
:10B490008DF80D1004D40025284609B0BDE8F08FC2
:10B4A0000446494801F00CFBB4F8168094F82E20AD
:10B4B000B8F1010FC34628BF4FF0010BD306074672
:10B4C00009D50146404801F0EFFA054608B1E18E82
:10B4D000C1B9B4F8168004AED845434628BF5B46D0
:10B4E000ADF8103000250DF10D033246618EADF838
:10B4F00012504FF6FF700593FFF722FC284609B063
:10B50000BDE8F08F002004AE32464FF0020CADF8DB
:10B5100012000DF10E033846ADF810C00593FFF789
:10B5200011FC43F2014290424BD008B9BDF80E0025
:10B5300000F00100002844D03946234801F0CCFA3D
:10B5400082460028A7D000F0B3F8033883B2B8F1E0
:10B55000000FA1D00DF10D0801954FF000095D46D7
:10B56000A3464446984605E0BDF80E30ED1AADB24C
:10B570001C4425B3504600F0C7F8A8454346314661
:10B5800028BF2B46002886D0ADF80E304FF00103BF
:10B59000BBF83220CDF8129038468DF812300DF1FC
:10B5A0000E03ADF81690CDE90634ADF81020FFF784
:10B5B000CBFB0028D8D0504600F0B0F86BE7019DD7
:10B5C0006AE7B4F8168087E7783D002075DF70479A
:10B5D0008FDF704790DF7047B1DF7047B5DF70478E
:10B5E00010B5074B03600446806A03F093FEE06ADF
:10B5F00003F090FE206B08B103F08CFE204610BDD6
:10B6000028B3030010B5094B03600446806A03F0B9
:10B6100081FEE06A03F07EFE206B08B103F07AFE43
:10B62000204605F0E3FA204610BD00BF28B3030012
:10B6300070B504468180174E2660012117251B2016
:10B64000E580E08121752174518921819189618191
:10B65000D189A18192E803000D0CA061A183A57797
:10B66000D2796274194618469DF8105003F022F8FA
:10B670002946A062284603F01DF8002311214FF649
:10B68000FF72E062E175628263752363A3752046F1
:10B6900070BD00BF28B30300007D7047407D704738
:10B6A000C07D113818BF0120704700BF407C704733
:10B6B000C08870470089704710B44B7D4BB9183172
:10B6C0000C688A888B790460828083715DF8044BF2
:10B6D00070471F31F4E700BF30B500252C4683B01A
:10B6E00062F30F0461F30F0561F31F4563F31F4419
:10B6F00069468088CDE90054FFF768FFB0FA80F012
:10B70000400903B030BD00BF08B56621806A03F070
:10B710004BFC003018BF012008BD00BF08B5002356
:10B720001A461946806A02F0F7FF003018BF012060
:10B7300008BD00BF00F11F028188407C01F024BBDE
:10B7400038B50A4605460C468188407C01F00AFB64
:10B75000214651F8483FC5F81F308B79888885F815
:10B7600025300123A5F823006B75184638BD00BFAE
:10B7700038B50A4605460C4600F11801407C01F038
:10B7800035FB687550B1214651F8482FC5F81F2088
:10B790008A88897985F82510A5F8232038BD00BF4F
:10B7A00010B5447D24B100F11F01407C01F0FEFA88
:10B7B000204610BD70B50B88113B82B00C46054683
:10B7C000462B2BD8DFE803F03C3F2A2A2A2A2A2AD4
:10B7D0002A462A2A2A2A2A2A545C62682A2A2A2ADB
:10B7E0002A2A2A2A2A2A2A2A2A2A2A2A2A2A2A2AB9
:10B7F0002A6B2A6E2A2A2A2A2A2A2A2A2A2A2A2A24
:10B800002A2A2A2A2A2A2A2A2A247E2A89972C00A6
:10B810000023A8881A461946FFF7DEFE02B070BD65
:10B820008B79002BFAD0002600231A461946A86A05
:10B8300002F072FF0136A379F6B2B342F4D8EDE715
:10B8400000230375EAE74B8903818B894381CB8908
:10B850008381E3E70B7AC375112BDFD000F11F0260
:10B860008188407C01F07AFB03460028D6D1D0E7DE
:10B8700002A9002321F8043D8088FFF7A9FECDE747
:10B880000B7A002BCAD14B7A0374C7E7002211460A
:10B890008088FFF79FFEC1E70B89C381BEE74B8914
:10B8A000C380BBE78B7A002BB8D0002600231A4652
:10B8B0001946E86A02F030FF0136A37AF6B2B342C5
:10B8C000F4D8ABE7006B0123AB750028A6D00023AA
:10B8D0001A46194602F020FFA0E7417C0C4801F00F
:10B8E000F3F8E188814228BF014689B2E980A8883F
:10B8F000FFF774FE92E78B79002B8FD1006BAB754D
:10B9000000288BD01A46194602F006FF86E700BFD2
:10B91000783D0020F0B589B085880E4604A84FF424
:10B92000285117464FF6FF7400F0BAFB0120CDE90D
:10B9300001043346294604AA0097054800F020F880
:10B94000044604A800F0A4FB204609B0F0BD00BFE7
:10B95000003E0020A0DF704738B50446F82500F50A
:10B96000F87001F05FF92A46204600210CF0C1FA78
:10B970002A46601900210CF0BCFA204638BD00BFF1
:10B980002DE9F04782B00546BDF82C60BDF8304087
:10B990001C48ADF8046090469946ADF806400F4645
:10B9A000BDF828A001F098F805F5F875064604E002
:10B9B0003046FFF77FFE02F0ADFD284601F08CF91E
:10B9C00004460028F4D10121284601F035F95246F9
:10B9D0004946284601F04AF908F10401384601AA0F
:10B9E000FFF7B8FF38B94FF4FA71284601F044F96F
:10B9F00020EAE074A4B2284601F028F9204602B0FB
:10BA0000BDE8F087783D00202DE9F04F8F880E8843
:10BA100085B08846054639467F4801F05DF8A6F1B5
:10BA20001003012B814640F28B8095F854203AB3E5
:10BA3000002404F11603502E55F823A059D0512E9E
:10BA40001AD198F80630B8F808B0022B43D0BBF1F1
:10BA5000000F11D051466846FFF724FCBDF80030B6
:10BA60005B4549D0514602A8FFF71CFCBDF80C30DD
:10BA70005B4541D095F854200134E4B29442D8D3C8
:10BA800095F84C31002B00F0C38005F5A679002411
:10BA900004E095F84C310134A34246DD59F8040F17
:10BAA00001F090FCB842F4D1382E03D0392E01D0E9
:10BAB000362EEED1B8F80AA0BAF1000FE9D0D9F8C5
:10BAC00000B0584601F082FC5045E2D1584641464C
:10BAD00001F07EFCDDE798F80E30062BB7D1DAF8DE
:10BAE00000305046DB68414698474846FFF7D8FD8E
:10BAF000C0E7B8F806B0AAE7DAF800305046414689
:10BB0000DB6898474846FFF7CBFD0028B2D0502E9F
:10BB1000B0D1514602A8FFF7C5FBBDF80C305B451C
:10BB2000A8D14846FFF706FEA4E7112E2AD0352EED
:10BB300003D1B8F80A30002B5BD105B0BDE8F08F17
:10BB40002B78002B3FF471AF112E4FF000040CD076
:10BB500005EB84033946586803685B6898470134ED
:10BB60002B78E4B2A342F3D85FE705EB84033946B0
:10BB7000586803681B68984701342B78E4B2A342E5
:10BB8000F3D852E7002473B105EB8406D6F85001D0
:10BB900001F018FCB84204F101031FD095F84C21C4
:10BBA000DCB2A242F0D895F8F8100029C5D00024E4
:10BBB00005EB8403621CD3F8FC008388BB4203D0EE
:10BBC000D4B28C42F4D3B8E703681B6898470134B9
:10BBD00095F8F810E4B28C42EAD3AEE7D6F85001FB
:10BBE00001F0ECFB013495F84C31E4B2A342CBD820
:10BBF000D9E705F5F8752846B8F80C2008F11001CA
:10BC000001F06CF8284605B0BDE8F04F01F07EB8B1
:10BC1000112E8CD1C7E700BF783D002090F854303A
:10BC2000272B0CD810B4024603F11604013380F818
:10BC30005430012042F824105DF8044B7047002076
:10BC4000704700BF0378132B06D800EB8302013343
:10BC500003700120516070470020704778DF704703
:10BC60007ADF7047054A034692E80300002283E822
:10BC70000300C3E902221846704700BF30B3030037
:10BC800008B5FFF7EDFF08B1002008BDFFF7E6FF9C
:10BC9000B0FA80F0400908BDF8B500240B4F2546E6
:10BCA000A1B2384600F018FF0134064648B1FFF74C
:10BCB000F3FC30B13046FFF7F9FC012804BF013531
:10BCC000EDB2142CECD12846F8BD00BF783D002021
:10BCD00008B501804280FFF7C3FFB0FA80F0400949
:10BCE00008BD00BF81607047704700BF46DF7047E6
:10BCF0007FDF704780DF704785DF704786DF7047E2
:10BD000038B51C460D46034611462846224698473C
:10BD100034B1014600222846BDE83840FFF7EABFAB
:10BD200038BD00BF10B50C4682B0034669462046B8
:10BD300098476A4620460121FFF7DCFF02B010BD9C
:10BD400030B403224FF0010162F3061107251024DD
:10BD5000017002711146002245708470C170C0E903
:10BD60001622C0E9182230BC704700BF012070477E
:10BD70000B7803F0FE03042B01D000207047F0B5D0
:10BD800014468DB00D461E2200210DF112000CF05C
:10BD9000B0F820686168A268E3686C460FC49DF83B
:10BDA00000109DF80F209DF801609DF80E409DF851
:10BDB00002008DF80F102B469DF80D108DF8002015
:10BDC0009DF803208DF80E608DF801409DF80C6001
:10BDD0009DF804408DF80D008DF802109DF80B00C1
:10BDE0009DF805108DF80C209DF80A208DF8036051
:10BDF0008DF80B408DF804008DF80A108DF80520A1
:10BE00009DF8062033F8041FADF810109F789DF8B8
:10BE100007109DF809C09DF810609DF811408DF83D
:10BE2000092000239DF808208DF81D7068461F46E4
:10BE30008DF808108DF807208DF810308DF811302E
:10BE40008DF812308DF81C308DF813308DF81B30C2
:10BE50008DF814308DF81A308DF815308DF81930B2
:10BE60008DF816308DF818308DF817308DF806C023
:10BE70008DF81F608DF81E40FFF738FF9DF82F30BA
:10BE80006A789DF82E009DF82D108DF821009A42B9
:10BE90008DF8221004D0012080F001000DB0F0BD1B
:10BEA000AA78C3B29A4205F10201F4D14A789DF80A
:10BEB00022309A42EFD13846EEE700BF08B5137C36
:10BEC000DB0758BF1C32084602F11201FFF714FFCE
:10BED000B0FA80F0400908BDF0B58D880C4699B0E5
:10BEE00006462946474800F0F7FD2388133B0746DE
:10BEF000072B29D8DFE803F037525E287228042A7E
:10BF0000237AABB9637B9B070ED402A83946FFF7AF
:10BF1000D3FB0298BDF80C109DF80E2086F8542033
:10BF2000C6F84E00A6F852103846B11DFFF708FCBF
:10BF3000326E4AB10223247A00930021084604ABF2
:10BF4000CDE9045405F0C6F819B0F0BD726E002AB0
:10BF5000FAD018AB0120002143F8505D009008464C
:10BF600005F0B8F8F0E7B31D002406F122020493AF
:10BF700006F13E03CDE90823CDE905440794CDE958
:10BF80000A44FFF793FB01280CBF324622462146A4
:10BF9000284604ABFFF7ACFE19B0F0BD04A9FFF7CB
:10BFA000E7FB034640B304A92846002312AAFFF783
:10BFB000A5FEC9E7B36D002BC6D0A67B0493083459
:10BFC000042306F0010600930F4A0595204604ABB2
:10BFD0000621CDE9064605F07DF8B5E7F46D002CA5
:10BFE000B2D0022300210093084604AB074ACDE9F2
:10BFF000044505F06FF8A7E728461A461946FFF7EB
:10C000007DFEA1E7783D002001BD020025BD0200B4
:10C01000A8DF7047704700BF30B5044683B00830D2
:10C0200000F07EF804F10C010DF106020120FFF78B
:10C03000EFFF054628B9044B04481C602146FFF772
:10C0400001FE284603B030BD743D0020003E0020B4
:10C0500070B44C68C460D1E90254064A064E82604E
:10C06000002111220660C0E9045481808271C271EE
:10C0700070BC704754B3030040B3030083790B7066
:10C08000C3791370704700BF62DF704763DF70478A
:10C09000704700BF10B5044604F0A8FD204610BD4F
:10C0A00010B4054C81800022012104608171C0E937
:10C0B00002225DF8044B704754B3030038B50E4BB1
:10C0C0000360044608460D460CF0DCFD042806D04B
:10C0D0000023A371E560A380A360204638BD2846F5
:10C0E000102200210CF08CFE01220023A271A080FE
:10C0F000C4E90233204638BD54B303008379012BD1
:10C100000BD082680AB180207047C268002AFAD139
:10C11000012B8CBF8020002070471020704700BF8B
:10C120002DE9F043857983B0002D41D1C7680646DB
:10C13000002F41D0102002F0FBF9804638460CF069
:10C14000A1FD441E00B3A94604E00134023C1BD407
:10C15000102D19D03B5D2D2B07EB040C4FF0100276
:10C160004FF0000101A8F0D08DF806901CF801CC2A
:10C170008DF804C08DF805300CF042FE6B1C023CBB
:10C1800008F80500DDB2E3D5C6F80880B8F1000F65
:10C190000ED0B11D4046FFF777FF321DB168102069
:10C1A000FFF774FFB0FA80F0400903B0BDE8F083F8
:10C1B000012003B0BDE8F083D0F80880E6E700BFB7
:10C1C0004BDF704710DF70477CDF70477DDF7047C3
:10C1D00060DF704769DF704761DF704766DF704777
:10C1E00067DF7047704700BF132005F0DBB800BF62
:10C1F00030B5154C154D83B04FF0FF31D4F87803AE
:10C2000002F0D2FE0028F7D095B101A8FFF7D8FFC1
:10C210000528F1D00028F8D10198831E012BF4D80D
:10C220000AF08CFF01A8FFF7CBFF0528F2D1E3E766
:10C2300001A8FFF7C5FF0528DED001A8FFF7C0FF62
:10C240000528F5D1D8E700BF783D00203D710300F7
:10C250002DE9F04F4FF4FA7089B002F069F9B14C52
:10C2600000F108030646039304F5747704F5227A77
:10C270004FF0FF31D4F8740302F096FE0028F7D097
:10C280004FF4FA730DF116013046ADF81630FFF792
:10C29000A3FF10B10528EBD0F2E7B6F80490B9F18E
:10C2A000130F00F2228104EB8903D3F884533DB1CC
:10C2B00031462846FFF77EFA31469B48FFF70CFED1
:10C2C0003388013B1B2B5AD8DFE813F0A20059003A
:10C2D0005900590059005900590059005900590096
:10C2E00059005900590059005900A7001C00590075
:10C2F0005900590059005900590059005900590076
:10C300005900FC00DFF834824FF0000B58F8043F6E
:10C31000184633B1FFF7C0F918B10BF1010B5FFA02
:10C320008BFB4745F2D1BBF1000F06D194F8803367
:10C330001BB15946132005F009F82846FFF7B6F956
:10C34000012800F00A81E26962B102230021009312
:10C3500096F808C0CDF81890084606ABCDF81CC07A
:10C3600004F0B8FE09F1E00804EB8803586810B146
:10C3700003685B68984704EB880300225A603146E3
:10C380005046FEF767FC3146684801F0D7F9B4F82B
:10C3900082334B45338800F0AA80102B1ED02DB37A
:10C3A0002846FFF783F9012803D131465D48FFF79E
:10C3B0009BFC2846FFF77AF902281BD05C4801F065
:10C3C000FDF800BB31465B48FFF71EFBD4F8D833BD
:10C3D000002B3FF455AF3046984751E7F37B012BD4
:10C3E000DDD1B388A4F88233002DD9D131464D4830
:10C3F000FFF77AFC5048314600F09CFF4C4801F0B2
:10C40000DDF80028DED03146494801F0D9F8D9E7F7
:10C4100000214846FFF7E2FEB1E74FF00008D4F8EC
:10C420007C03CDF80080434642460321434D04F08F
:10C4300049F955F8043F184633B1FFF72DF918B103
:10C4400008F101085FFA88F8BD42F2D194F8803310
:10C45000002B57D109F1E00804EB8805686820B18A
:10C4600003685B68984700236B60F37B012B0BBF6D
:10C4700094F8633394F8693394F862B394F868B32A
:10C480000293342004F0B0FB029B0093039A5B46B6
:10C4900049460546FFF7CCF804EB880328465D6063
:10C4A000FFF704F901284BD0A269002A3FF467AFD7
:10C4B000012300210093084606ABCDF8189004F044
:10C4C00009FE5CE7D4F8D423002A3FF458AF0223D6
:10C4D0000021009396F908C0CDF81890084606ABE5
:10C4E000CDF81CC004F0F6FD49E70546E8E6102B40
:10C4F0003FF474AF112B7FF452AF4FF6FF73A4F8E3
:10C5000082334CE718F1000118BF0121132004F019
:10C510001DFF94F88033002B9CD00121132004F0E0
:10C5200015FF97E7783D0020983D002064400020EB
:10C53000B8400020003E0020883D0020F840002048
:10C54000A268002A3FF41BAF0021009006AB08460A
:10C55000CDF8189004F0BEFD11E7E268002A7FF4E0
:10C56000F4AEFFE638B50446FFF77CFB04F110009B
:10C5700000F0B0FE04F12000FFF7E2FB04F18800B8
:10C58000FFF7EAF904F52270FEF760FA04F533705C
:10C59000FEF7E4F904F53B7001F04EF804F5507035
:10C5A00000F0F2FF4FF440630025C4F858331648FA
:10C5B0001649174AC4F85C0340F20113C4F860132B
:10C5C000C4F86423A4F86833A4F86A53A4F86C533D
:10C5D000294604F5617050220BF08BFC01224FF6C6
:10C5E000FF73C4F87453C4F87853C4F87C5384F8C8
:10C5F0006E53C4F8D853C4F8D45384F88023A4F8F5
:10C600008233204638BD00BF010A17000300010134
:10C610001700030004290DD8DFE801F02017200DD2
:10C620000300134BC0F85E330322012380F862231A
:10C6300080F8633370470F4BC0F85E33022201234A
:10C6400080F8622380F8633370470B4BC0F85E3389
:10C65000012380F8623380F863337047074BC0F8DA
:10C660005E33012380F8623380F86333704700BF84
:10C67000F7006400800006001700020017000300A6
:10C68000F0B5B04E8DB00CAB346943F8244D044680
:10C69000184684F86C1384F86D23AB49FFF792FDBC
:10C6A00018B1002528460DB0F0BDA84B099094F8AC
:10C6B0005D530493CDE90A001A4609A901208DF8BB
:10C6C0002450FFF787FD0028EBD194F86D330B90D1
:10C6D000CDE90900181C18BF012094F86C538DF89F
:10C6E0002700049A8DF8263009A940208DF825509E
:10C6F000FFF770FD0028D4D194F85C13099003462D
:10C7000061F30003CDE90A00049A8DF8243009A9E9
:10C71000A020FFF75FFD0028C3D1D4F858330A905A
:10C720000B90049A099309A9A120FFF753FD002853
:10C73000B7D194F86C33002B40F0B58094F86D338A
:10C74000002B47D000230225B4F86473049A0993A0
:10C7500009A92320CDE90A338DF82450ADF82670BD
:10C76000FFF738FD00289CD1CDE9090094F86D73DE
:10C77000B4F866330B90049A8DF8245009A9202050
:10C780008DF82670ADF82830FFF724FD002888D1F9
:10C79000099094F86833049A8DF82450CDE90A0082
:10C7A00009A922208DF82630FFF714FD00287FF418
:10C7B00078AFCDE909000B9094F86933049A8DF8AD
:10C7C000245009A921208DF82630FFF703FD002809
:10C7D0007FF467AF04A8FFF7FBFC00287FF461AF8C
:10C7E000C3B2CDE9070043F0010307A902208DF889
:10C7F0001C30FFF7F5FC00287FF453AF2046FFF70D
:10C800003FFA054600283FF44CAF04F12000FFF743
:10C81000ADFA0CA8337D00F8283D18224C49FFF7EB
:10C82000D3FC00287FF43DAF94F86D33002B40F02B
:10C83000848003220021012001F0FAFEC4F8740371
:10C8400000283FF42EAF05AB0326CDE900634FF47B
:10C85000A06200233F49404802F0F4FE3246002126
:10C86000012001F0E5FEC4F8780300283FF419AF79
:10C8700006ABCDE90063C82200233849384802F0EE
:10C88000E1FE384B4FF480021A60374B00930023CF
:10C89000184601224FF4807103F0BCFEC4F87C03FB
:10C8A00000F040FAFEE609900123B4F85E53049AC2
:10C8B0008DF82430CDE90A0009A92320ADF82650CF
:10C8C000FFF788FC00287FF4ECAECDE9090094F86E
:10C8D0006C73B4F860530B90049A8DF8243009A956
:10C8E00020208DF82670ADF82850FFF773FC002843
:10C8F0007FF4D7AE099094F86253049A8DF82430EF
:10C90000CDE90A0009A922208DF82650FFF762FC24
:10C9100000287FF4C6AECDE9090094F863530B906C
:10C92000049A8DF8243009A921208DF82650FFF7AC
:10C9300051FC00283FF402AFB3E604F1100000F010
:10C94000D7FC76E75CB30300E5C1020000360020A7
:10C9500080B303009CB3030051C20200A0B30300E4
:10C96000F1C1020000E100E0E9C1020030B5084B6E
:10C9700083B002AC1B7D04F8043D08460D460CF064
:10C9800081F9294682B22046FFF71EFC03B030BD74
:10C990005CB3030000B583B002AB084623F8022D58
:10C9A0001946FFF713FC20B99DF8060003B05DF8A7
:10C9B00004FB002003B05DF804FB00BF30B41B4A49
:10C9C0000B46054607CA84B001AC03C49DF90410A8
:10C9D0002270994223D09DF905209A421FD09DF9DB
:10C9E00006209A421BD09DF907209A4217D09DF944
:10C9F00008209A4213D09DF909209A420FD09DF940
:10CA00000A209A420BD09DF90B209A4207D09DF93B
:10CA10000C209A4203D0002004B030BC70470120A3
:10CA200085F86E3304B030BC704700BF74B30300A8
:10CA300090F96E03704700BF70B5044682B0D0F81D
:10CA40007C030D4603F06AFE4FF47A72064600231B
:10CA5000A90DA8020AF0E4FFD4F87C1300230246D3
:10CA600000930846042103F02DFE3EB9D4F87C0360
:10CA7000009633463246032103F024FE02B070BD17
:10CA800070B500F5607400F57476002554F8043F25
:10CA9000184623B1FEF700FE08B10135EDB2A642FB
:10CAA000F4D1284670BD00BF132906D800EB8100E1
:10CAB000D0F8840308B1FEF7EFBD0020704700BF37
:10CAC000B0F88203704700BF01290CBFB0F85E03C5
:10CAD000B0F86403704700BF13299ABF00EB8100D0
:10CAE000D0F884030020704710B5064C0021D4F81C
:10CAF000780302F09BF8D4F874030021BDE81040DD
:10CB000002F094B8783D002090F8803303B9704764
:10CB100010B582B0D0F87C4302F074FF00230246C7
:10CB200000932046012103F0CDFD02B010BD00BFEF
:10CB3000F0B583B0002507462B46D0F87C0300955E
:10CB40002A46032103F0BEFD07F5607407F57476ED
:10CB500054F8041F084621B1FEF79EFD08B10135C7
:10CB6000EDB2B442F4D197F880330BB903B0F0BD05
:10CB7000291C18BF0121132003B0BDE8F04004F0C8
:10CB8000E5BB00BF0148FFF7EDBC00BF783D0020CA
:10CB900008B51830FEF78CFB003018BF012008BD27
:10CBA0001830FEF76FBC00BF30B585B0044641F6C3
:10CBB0000F016846FFF774FA69462046FFF748FA06
:10CBC00025466846FFF764FA084B45F8183B684667
:10CBD00042F61921FFF764FA69462846FEF702FB80
:10CBE0006846FFF755FA204605B030BDE8B30300AC
:10CBF00038B50446FFF710FA00B138BD18340546C1
:10CC000012212046FEF728FB2A4620461121FEF776
:10CC10003BFB20460121FEF725FB2046BDE83840BE
:10CC2000FEF7B0B80022012142700170C0E9012274
:10CC3000C2818281704700BF017001B1704710B599
:10CC400004460A2001F036FD606010BD037810B57F
:10CC5000044613B9406802F05DFB002301226370B3
:10CC6000C4E90133E381A381227010BD00238160F8
:10CC70008281C381704700BF037870B504460E46B9
:10CC8000D3B94568012363704FF47A720023B00270
:10CC9000B10D0AF0C5FE0146284602F085F9B8B983
:10CCA0004FF0FF352378002666701BB1606802F0F4
:10CCB00031FB6660284670BD03220021012001F08F
:10CCC000B7FC054660600028DCD14FF0FF35F1E786
:10CCD000E589ADB2E6E700BF4078704770B5868958
:10CCE000964204463546806828BF154621B12A463B
:10CCF0000BF0DBF8A068A689E3892B442844761B57
:10CD00009BB2A060A681E381284670BD406820B137
:10CD100000231A46194601F0FFBC7047B1DF704787
:10CD2000B2DF704708B50C480AF04CF90B490A48C5
:10CD300004F032FC58B10A49074804F02DFC00B158
:10CD400008BD07490448BDE8084004F041BC034958
:10CD5000014804F03DFCEEE79C4C002054B4030075
:10CD600068B4030000B587B0032304910021039049
:10CD700005920093084603AB024A04F0ABF907B0F2
:10CD80005DF804FB41D0020010B586B00323CDE965
:10CD9000030114460093104603AB034A0594072190
:10CDA00004F098F906B010BD65D1020070B590B0DE
:10CDB0008D798B784A7803954D7902950E79CD78E7
:10CDC000074C08490196012808BF2146009504A890
:10CDD0000BF0F8FE04A9044804F054FC10B070BD38
:10CDE000F4B3030024B403009C4C00202DE9F0436D
:10CDF000D1B00B785B08012B04AF0D46044690467A
:10CE000068D9022B5FD14F4A4F49504BDFF8489108
:10CE1000012818BF11460022381D04F051FD07F10A
:10CE200068004A4904F038FD07F1CC0603E007F139
:10CE3000680004F0EDFF0022391D304605F01AF8B5
:10CE4000D7E93410D7E93632F966386797F8E01039
:10CE5000D7F8E4007B67BA67D7F8E83087F87C102A
:10CE6000412207F1EC01C7F8800007F18800C7F8FC
:10CE700084300BF01AF807F1680004F0F5FF04465F
:10CE8000C0B107F1680004F0A7FC5028CFD10246DA
:10CE9000414607F1680004F045FF08F138022946D1
:10CEA0004846FEF765FF04460028C0D007F1680039
:10CEB00004F0AEFF381D04F0ABFF204607F59A776B
:10CEC000BD46BDE8F0830024204607F59A77BD46AD
:10CED000BDE8F083E9468CB08979AB786A78039134
:10CEE0006979029129790191194E1A49E8780090DF
:10CEF00004AD012C08BF3146284607F1CC060BF0E3
:10CF000061FE1249304604F0C7FC29463046002233
:10CF100004F0A0FD044650B90024304604F078FF28
:10CF20002046CD4607F59A77BD46BDE8F0833046EA
:10CF300004F052FC021EEFDD92B24146304604F08E
:10CF4000F1FEEAE768B4030054B403009C4C0020EF
:10CF5000F4B3030024B40300983D00202DE9F04110
:10CF6000AAB00E4691799378557803915179029140
:10CF7000117901912F4C3049D278009204AF0128E9
:10CF800008BF21462A46381D0BF01CFE391D07F14B
:10CF900034002A4B002204F093FC07F1340004F023
:10CFA00063FF48B9002407F1340004F031FF204644
:10CFB0009837BD46BDE8F08107F1340004F00CFC61
:10CFC000041E08DD07F1340004F0EAFE211807F121
:10CFD000340004F0C7FE07F1340004F0FDFB041E2A
:10CFE00008DD07F1340004F0DBFE211807F13400FE
:10CFF00004F0B8FE07F1340004F0EEFB0028D1DDA8
:10D00000C31D23F00703E846ADEB030D84B204AD66
:10D010002246294607F1340004F084FE22462946C0
:10D0200030460323FFF77AFEB0FA80F46409C54660
:10D03000B9E700BFF4B3030024B403009C4C002004
:10D040002DE9F041B2B092F84E5092F84A30DFF834
:10D0500010C13F4E144692F84920039594F84D5064
:10D06000029594F84C50019504AF94F84B500095FC
:10D07000884601280CBF3146614607F124000BF0B9
:10D08000A1FD07F1240133486D4604F085FA88B903
:10D0900007F1240107F154002E4B012204F010FC8B
:10D0A00007F1540004F0E0FE50B9B837AD46BD4674
:10D0B000BDE8F08107F12401264804F0E3FAE7E730
:10D0C000502107F1540004F0B5FB5022214607F12E
:10D0D000540004F0EFFA20220021381D0AF009FF65
:10D0E00041461D48FFF7F8FC391D2022FEF712FCCF
:10D0F0003B799BB994F8491094F84D3094F84E2040
:10D10000039194F84A10029194F84B10019194F80D
:10D110004C100091381D11490BF054FD381D0BF0D7
:10D12000B1FD013084B2E1B207F1540004F082FB9A
:10D13000391D224607F1540004F0BCFA07F15400EF
:10D1400004F066FEB837AD46BD46BDE8F08100BFCD
:10D15000F4B303009C4C0020783D00207CB4030015
:10D1600024B403002DE9F047AAB004AF07F19804F6
:10D17000002324F8963D0D46814619469046032328
:10D1800022462846FFF7CCFD7B886E4623B9B5467C
:10D190009837BD46BDE8F0870733DB08A6EBC3032D
:10D1A0009D460DF1100A2246284651460323FFF7FB
:10D1B000B7FD04460028EAD198F8061098F8023026
:10D1C00098F80120039198F80510029198F804103E
:10D1D00001913C483C4998F803500095B9F1010F82
:10D1E00018BF0146381D0BF0EDFC391D07F1340066
:10D1F000364B012204F064FB07F1340004F034FEE6
:10D200000028C4D0214607F1340004F0ABFD07F13B
:10D21000340004F0E1FA041E08DD07F1340004F0E4
:10D22000BFFD211807F1340004F09CFD07F1340024
:10D2300004F0D2FA041E08DD07F1340004F0B0FD5A
:10D24000211807F1340004F08DFD07F1340004F0DB
:10D25000C3FA7C8883B2A34210D0E1B207F1340054
:10D2600004F0E8FA2246514607F1340004F022FAAD
:10D2700007F1340004F0CCFDB54689E70733E846F2
:10D28000DB08A8EBC3039D4604AD2246294607F1FF
:10D29000340004F047FD29467A8850460AF0F6FD2E
:10D2A00008B9C546E4E707F1340004F095FD798834
:10D2B000C943014407F1340004F054FDC5467C889D
:10D2C000CBE700BF24B40300F4B303009C4C002060
:10D2D00075DF704710B44FF010144FF4480100226E
:10D2E000C0E90041C0E902225DF8044B704700BF6D
:10D2F000014800F057B900BFB8400020F8B500243D
:10D300000B4F2546A1B23846FFF7E6FB013406462F
:10D3100048B1FEF7C1F930B13046FEF7C7F902282F
:10D3200004BF0135EDB2142CECD12846F8BD00BF86
:10D33000783D002070B58D881B480C4694B0294676
:10D34000FFF7CAFB23881A2B1FD01F2B0ED0102BE0
:10D3500001D014B070BD6946FEF70AFA0028F8D073
:10D360006A4629461148FEF7A9FDF2E754F8080F6E
:10D3700061686B4603C32846BDF80030ADF8023043
:10D380006946FFF7A5FF14B070BD0646FEF786F9A3
:10D390000028DED03046FEF783F90028D9D1304688
:10D3A000FEF7FEF9D5E700BF783D0020983D00204C
:10D3B000A1DF7047A3DF7047A4DF7047002383839A
:10D3C000704700BF006A00F0DDB800BF808B704777
:10D3D0002DE9F0410B88CE88382B86B00C460546E7
:10D3E00042D0392B25D0362B02D006B0BDE8F081D3
:10D3F000006A00F0C7F801466148FFF76DFBFEF7D1
:10D4000057F905F1240807466EB9E28904F11001C5
:10D410004046FFF763FC2B8E2BB1033FBFB2E3897D
:10D42000013FBB4270DA4046FFF770FC06B0BDE832
:10D43000F0810B7B012B57D0022BD6D1836B002BB5
:10D44000D3D090F83C20B1F80480CE89920701F146
:10D45000100700F184803246394628469847618992
:10D460004046FFF7A9FFC0E700F12407002E35D1A1
:10D470000A8A38463146FFF731FC94F80C80B8F13F
:10D48000010F2BD0B8F1040FAFD1286A00F07AF861
:10D4900001463B48FFF720FBFEF70AF92B8E0538C3
:10D4A00080B2834228BF0346002B37D0218AE2890D
:10D4B000286AAC8BADF80C600A44E96A05918DF8D6
:10D4C0000C80ADF81230ADF81020ADF80E4000F031
:10D4D00059F803A9FFF76EFF002886D03846FFF7FA
:10D4E00015FC06B0BDE8F081436B002B3FF47DAF27
:10D4F00090F83C20CE8901F11007D1071ED43246A6
:10D5000039462846984770E7286A00F03BF86A8E4B
:10D51000A98BFFF74DFF002885D166E740F2051182
:10D52000AA8B286AADF80C10CDE90433ADF80E20B3
:10D5300000F028F803A9FFF73DFFCFE703201A46C4
:10D540000090314603AB3846CDE90357059603F00A
:10D55000C1FD00287FF449AFE6896B6BCFE703205C
:10D560001A460090314603AB3846CDE9035705967D
:10D5700003F0B0FD00287FF472AFAB6BE6896AE779
:10D58000783D00208088704710B504460430FFF7CE
:10D5900049FB034B236000232375204610BD00BFC9
:10D5A0000100FFFF017D01B1704710B50446043052
:10D5B000FFF742FB0123237510BD00BF007D7047BC
:10D5C00010B50B88322B18D0332B0CD0302B00D059
:10D5D00010BDCB88041D0BB94B892BBB2046BDE881
:10D5E0001040FFF793BBCB88041D002BF6D14A896E
:10D5F000002AF3D002EB42020EE04A8922B1002356
:10D600000133DBB29342FBDBCB88041D002BE5D159
:10D61000002AE3D002EB82025200023292B20A31B7
:10D620002046FFF75BFBD9E70A310A222046FFF7C5
:10D6300055FBD3E78ADF704730B403461F2201242D
:10D6400018628025828480F82D4000220B4C80F8DF
:10D650002E50C0E911228262C0F8464080F82C208A
:10D6600080F82F20028680F838204263C0E90F221C
:10D67000C264A0F8502030BC704700BFA00050002A
:10D680002DE9F04710468AB017460C46FEF736FDE6
:10D69000C0B210282ED0BF6807220623D4F818A0E5
:10D6A00094F81C808DF805208DF80430C6084FF0E2
:10D6B00000091F22002102A80AF01BFCB8F1010F8B
:10D6C00006D8B9F1000F35D000200AB0BDE8F087C8
:10D6D00001AB514613F809C042460B784878DC4349
:10D6E000604503F10105224408D012F0FF022944ED
:10D6F000F3D1E6E7043703220223CFE7013B0231EF
:10D70000DDB2DED02A4602A80AF0CFFB002DD8D029
:10D7100002AC02E013F0FF05D3D020463246394672
:10D720000AF0B4FB3444AB1B0028F3D101200AB04B
:10D73000BDE8F0874FF00109BBE700BF2DE9F043DA
:10D740000B888E88103B87B00C4605460D2B2CD8D5
:10D75000DFE803F082072B2B2B2B2B2B2B2B2B6D96
:10D760002B2E836AF340DB071FD55A48FFF7C6FD0F
:10D77000D8B9AB6A95F82C20012404FA06F623EAFE
:10D780000606AE628AB995F82D3073B11F232D625B
:10D79000AB8405F1200105F14400FFF74BFF20B9F0
:10D7A0004D48FFF7B1F985F82C4007B0BDE8F0838C
:10D7B00090F92E2091F91B309A4230DC90F83830E5
:10D7C00001F108061BB3454F4FF0000803E05FFA74
:10D7D00082F8434519D96B6B029703EB0813D3E921
:10D7E000011002AADB680391049031462846059394
:10D7F000FFF746FF814602A8FEF74AFC08F1010246
:10D8000095F83830B9F1000FE1D0984507D095F878
:10D810002F30002B39D094F82430012B42D805F159
:10D8200020010020FFF706FF07B0BDE8F0830B7A68
:10D83000012BBAD1002480F82C402748FFF778F953
:10D840002A6C002AB1D006AB0094214643F8104D53
:10D85000204603F03FFCA8E7CB7B022BA5D1012299
:10D86000836A02FA06F633430022836280F82C2092
:10D870009BE70139CCB2911CD1D0022C20D953881E
:10D88000ADF808302A8E9A42C9D1EA6B002A8CD0B2
:10D8900006AB012143F8106D30460091242103F0BE
:10D8A00019FC82E7226A11785078CC43FF2801F1F5
:10D8B00001072344DDD013F0FF033A44F3D1AEE770
:10D8C000224602A80AF0F1FA002CA8D0BDF80830D0
:10D8D000D8E700BF883D0020783D002054B3030006
:10D8E00000207047704700BF203000F0A7BA00BF8B
:10D8F000203000F095BA00BF203000F0A5BA00BF7C
:10D9000038B5437F0BB9002038BD00F168042046CC
:10D910000D4600F0A1FA0028F5D12046294600F076
:10D920006DFA012038BD00BF2DE9F0475AB3064615
:10D93000DFF8588033681B684D1E434517464FF08B
:10D94000000400F1680915F801AF16D1737F13B90F
:10D950002046BDE8F087484600F07EFA0028F7D15F
:10D960005146484600F04AFA0134A742F0D03368E5
:10D9700015F801AF1B684345E8D05146304698473B
:10D980000028F1D1E4E71446E2E700BF01D9020024
:10D9900030B4827E4FF0A04302F5E07240F20C6496
:10D9A0000121C17643F82240427E02F5E0724FF039
:10D9B000CC7543F822400369C3F824550369062255
:10D9C000C3F800250369827EC3F808250369427EF7
:10D9D000C3F80C2590F91830002B13DA124A03F023
:10D9E0000F031A446023137690F91830002B07DBDD
:10D9F0000E4903F01F0001225B09824041F82320F9
:10DA000030BC70475C09603403F01F03074A01FA19
:10DA100003F342F8243090F91830002BDEDB134476
:10DA2000602283F80023DFE7FCEC00E000E100E087
:10DA3000C37EE3B10E4B026910B499424FF000046B
:10DA4000C2F8004510D90B4B994294BF4FF080614A
:10DA50004FF0C86103695DF8044BC3F824150369EE
:10DA60000622C3F8002570474FF0CC71F2E77047EB
:10DA7000A086010090D00300034B53F8211041769B
:10DA800053F8223083767047C0B40300C37E1BB9BD
:10DA90004269C2F80035704703690022C3F80025C7
:10DAA000704700BF0AB910467047F8B5054600F147
:10DAB0002007384614460E4600F0AEF92B69C3F82D
:10DAC00088652A69012313622A69C2F834752A69B4
:10DAD000C2F838452A6913602B6902E0D3F8242183
:10DAE0001AB9D3F84C21002AF8D00022C3F84C21EF
:10DAF0002B6902E0D3F824211AB9D3F85C21002A5B
:10DB0000F8D00022C3F85C212B6901225A612A69EE
:10DB1000D2F80431002BFBD00021C2F804112B698C
:10DB2000D3F8242112B1C3F824112B69D3F83C0592
:10DB30002866C0B2F8BD00BF10B50446683084F84E
:10DB4000B01000F069F90123637710BDF8B5044601
:10DB5000026990F8B00000236377C2F88805226953
:10DB6000C2F80431236901271F62236904F16806A2
:10DB7000C3F8446530460D4600F060F92369C3F8E8
:10DB8000480523699F60236902E0D3F824211AB96C
:10DB9000D3F85021002AF8D00022C3F85021304693
:10DBA00000F04CF9236940BB0022C3F860212369CF
:10DBB00015B9D3F824212AB301225A612269D2F877
:10DBC0000431002BFBD00023C2F804312369D3F8C1
:10DBD000240168B10022C3F824212369D3F8C404C6
:10DBE000C3F8C404022803D0042814BF042003206F
:10DBF000F8BDD3F82421002AD6D1D3F86021002A19
:10DC0000F7D0D1E70122DA612269D2F84831002B3E
:10DC1000FBD00023C2F84831D8E700BF70B50269D5
:10DC200090F8B01000234377C2F888150269C2F853
:10DC30000431036901261E62036900F16805044688
:10DC4000C3F84455284600F0F9F82369C3F848059D
:10DC500023699E60236902E0D3F824211AB9D3F81E
:10DC60005021002AF8D00022C3F85021284600F0A5
:10DC7000E5F8236918BB0022C3F86021236901225B
:10DC80005A612269D2F80431002BFBD00021C2F87E
:10DC900004112369D3F8240160B1C3F82411236966
:10DCA000D3F8C404C3F8C404022803D0042814BF62
:10DCB0000420032070BDD3F82421002ADBD1D3F83F
:10DCC0006021002AF7D0D6E770B5294C6369D3F8F4
:10DCD0006421002A3AD1D3F86821E2B9D3F80421AB
:10DCE00062B1227F0021C3F804113AB1D4F8B82000
:10DCF000D3F83C0520660AB190476369D3F8242124
:10DD000042B10022C3F82421D3F8D024C3F8D02490
:10DD100001225A6170BD0022C3F86821154822779C
:10DD20000123637700F078F8D4F8B43003B1984752
:10DD300063691048C3F844050023637700F07EF858
:10DD400063690122C3F848055A63C7E7002204F15A
:10DD50002006C3F8642101253046257700F05CF8E1
:10DD600063694022C3F83465C3F838251D63B2E700
:10DD700054410020BC41002038B50E4C0E4A2046CC
:10DD80004FF47A7340F8202B0025C4E9015300F0CA
:10DD90002BF804F1680000F027F8084A084B657773
:10DDA000D2E91912032020766176A276C4E9043301
:10DDB00038BD00BF54410020A4B40300C0B4030028
:10DDC0000030004008B50121112003F027FA11208E
:10DDD00003F014FB1320012103F020FA1320BDE807
:10DDE000084003F00BBB00BF08B5402200210AF039
:10DDF00080F80022C0E9102208BD00BF10B4D0E9AD
:10DE00001024531C03F03F039C4218BF81545DF85B
:10DE1000044B18BF036470470023C0E910337047F8
:10DE2000D0E91023934206D05A1CC35C02F03F0293
:10DE30004264184670474FF0FF307047D0E9103009
:10DE4000181A48BF40307047D0E91023934214BFDE
:10DE5000C05C4FF0FF307047D0E91030013303F061
:10DE60003F03181AB0FA80F04009704790F8A300F9
:10DE7000704700BF38B590F99D30002B04460DDB8C
:10DE80005A0920320121234803F01F0301FA03F34A
:10DE900040F82230BFF34F8FBFF36F8F23694FF4E9
:10DEA0008872C3F8082322690023C2F8443122692A
:10DEB000C2F858312269012353602269D36001E01E
:10DEC00003F032F82369D3F85821002AF8D0D3F8A8
:10DED0004421002AF4D00025C3F8005522694FF0F0
:10DEE000FF33C2F80C352269C2F814352269C2F832
:10DEF0000835226904F11400C2F81035FFF78CFFD1
:10DF0000D4F8A40001F006FAC4F8A45084F8A35091
:10DF100038BD00BF00E100E01430FFF78FBF00BF45
:10DF20001430FFF791BF00BF1430FFF779BF00BF77
:10DF300008B5D0F8A40001F0E3F9002814BF402090
:10DF4000002008BD90F8A33003B9704710B54FF01A
:10DF5000FF310446D0F8A40001F026F80023D4F8DD
:10DF6000A4001A461946BDE8104000F0D5BB00BF1A
:10DF700010B50368104A5B6882B093428DF80710B1
:10DF800013D104464FF0FF31D0F8A40001F00CF893
:10DF900022699DF8073084F85D300123C2F84835C6
:10DFA00022691846936002B010BD01220DF10701ED
:10DFB000984702B010BD00BFBDDF02002DE9F04759
:10DFC0001AB317468846064600F15D0A00254FF051
:10DFD00001097C1B402C28BF40244FF0FF31D6F8AC
:10DFE000A40000F0E1FF08EB05012246504609F0CD
:10DFF0005CFF3369C3F8484533692544AF42C3F831
:10E000000890E6D82846BDE8F08715462846BDE8C2
:10E01000F08700BF70B504687D4A246A944240F0DE
:10E02000B68090F8A3200346002A40F0AF800D464A
:10E03000016990F89F00C1F80C05196993F89E00DA
:10E04000C1F8140593F8A210012900F0AF801969F6
:10E05000C1F86C25B5F5966F45D9B5F5166F40F248
:10E060009B80B5F5965F40F2AF80B5F5165F40F244
:10E07000AD80B5F5615F40F2AB80B5F5964F40F2EB
:10E08000A980B5F5E14F40F2A78047F612229542EC
:10E0900040F2A480B5F5164F40F2A3804DF6C022A1
:10E0A000954240F2A180B5F5614F40F2A080B5F5F0
:10E0B000963F40F29F80B5F5E13F40F2A080B5F574
:10E0C000613F40F29980534A954240F29E80B5F5F7
:10E0D000E12F40F29780B5F5612F8CBF4FF0805251
:10E0E0004FF0706201E04FF49E221969C1F82425B7
:10E0F0001A690821C2F800151A6903F15D01C2F816
:10E1000044151A690021C2F820111A6903F15C0153
:10E11000C2F834151A690121C2F838151A6911605C
:10E120001A694FF48870C2F8040393F99D20002AFD
:10E1300035DB5409603402F01F02374801FA02F25D
:10E1400040F8242093F99D20002A28DB0244602116
:10E1500082F8001393F99D20002A07DB2E4802F075
:10E160001F0401215209A14040F82210032200217E
:10E1700001201C4600F05CFA00231A461946C4F838
:10E18000A40000F0C9FA012384F8A33070BD23462F
:10E190000022BDE8704018474FF41D22A5E71F4933
:10E1A00002F00F02114460220A76D3E71A6993F84D
:10E1B000A000C2F810051A6993F8A100C2F808057A
:10E1C0001A69C2F86C1545E7154A8EE7154A8CE7BF
:10E1D000154A8AE7154A88E7154A86E74FF4000290
:10E1E00083E74FF41D0280E74FF465027DE74FF4AB
:10E1F0006B027AE70F4A78E74FF06C7275E74FF0E1
:10E20000EB7272E74FF0E8626FE74FF080626CE705
:10E2100039E2020090D0030000E100E0FCEC00E0F5
:10E2200000B013000050270000F03A0000A04E009C
:10E2300000C0750000903A0190F8A330002B5BD12C
:10E2400010B5036990F89F40C3F80C45036990F836
:10E250009E40C3F8144590F8A230012B036900F0EA
:10E26000A080C3F86C25B1F5966F46D9B1F5166F4D
:10E2700040F2A680B1F5965F40F2AC80B1F5165F32
:10E2800040F2AA80B1F5615F40F2A880B1F5964FE7
:10E2900040F2A680B1F5E14F40F2A48047F6122388
:10E2A000994240F2A180B1F5164F40F2A0804DF6A0
:10E2B000C023994240F29E80B1F5614F40F29D80AB
:10E2C000B1F5963F40F29C80B1F5E13F40F29A8073
:10E2D000B1F5613F40F29980504B994240F29B80EA
:10E2E000B1F5E12F40F29480B1F5612F8CBF4FF072
:10E2F00080534FF0706302E070474FF49E23026931
:10E30000C2F8243503690822C3F80025036900F127
:10E310005D02C3F8442503690022C3F82021036984
:10E3200000F15C02C3F8342503690122C3F83825E3
:10E3300003691A6003694FF48871C3F8041390F9F4
:10E340009D30002B3FDB5C09603403F01F03344930
:10E3500002FA03F341F8243090F99D30002B32DBB0
:10E360000B44602283F8002390F99D30002B07DBDB
:10E370002B4903F01F0401225B09A24041F823202E
:10E38000044603220021012000F052F900231A461E
:10E390001946C4F8A40000F0BFF9012384F8A330A3
:10E3A00010BD90F8A040C3F81045036990F8A14053
:10E3B000C3F80845036942F00102C3F86C2552E72F
:10E3C0004FF41D239BE7174A03F00F031A44602301
:10E3D0001376C9E7144B92E7144B90E7144B8EE782
:10E3E000144B8CE7144B8AE74FF4000387E74FF494
:10E3F0001D0384E74FF4650381E74FF46B037EE769
:10E400000E4B7CE74FF0EB7379E74FF06C7376E7D8
:10E410004FF0E86373E74FF0806370E790D003003C
:10E4200000E100E0FCEC00E000B013000050270029
:10E4300000F03A0000A04E0000C0750000903A01C4
:10E4400008B5054B1BB10548FFF7F8FC00B908BD3E
:10E45000AFF3008008BD00BF000000002442002090
:10E4600010B5114C2369D3F810213AB10022C3F83A
:10E470001021D3F83C2572B901221A60D3F820216B
:10E4800002B910BD0021D4F8A400C3F82011BDE8E2
:10E49000104000F0CBBB94F85C1004F11400FFF7BF
:10E4A000ADFC2369E8E700BF1042002038B50F4CEF
:10E4B0000F4A204600254FF47A7340F8142BC4E924
:10E4C0000153FFF791FC0B4B0B481A6A9B6984F8C8
:10E4D000A2500221C4F8A45084F8A350206184F80B
:10E4E0009D1084F89E2084F89F3038BD1042002093
:10E4F00048B50300C0B403000020004008B501F097
:10E5000081FA4FF47A72A0FB0223900A40EA83500A
:10E5100008BD00BF08B5014600238002890D4FF4F5
:10E520007A7209F07DFABDE8084001F08FBB00BFA8
:10E5300010B5044601F0E4FD022804D02046BDE8F1
:10E54000104009F081BC01F055FA204609F07CFC2E
:10E55000044601F0F5FA0CB1204610BD02F0F2FCC1
:10E56000FAE700BF10B5044601F0CAFD02280AD13F
:10E5700044B101F03FFA204609F06EFCBDE81040BE
:10E5800001F0DEBA10BD2046BDE8104009F064BCC1
:10E5900010B5044601F02EFA204609F055FC044659
:10E5A00001F0CEFA0CB1204610BD02F0CBFC2046A3
:10E5B00010BD00BF50B110B5044601F01BFA204653
:10E5C00009F04AFCBDE8104001F0BABA704700BF3C
:10E5D00038B51C469DF8105043B3002908BF1A46B1
:10E5E0000123C4E90F01226084F8463002F0E2F80A
:10E5F000D4E90F132268A26001FB03F1CB1A134484
:10E6000000200A44FF21A063E36084F844106260A4
:10E6100084F8451004F1100002F0FEFE04F124001D
:10E6200002F0FAFE02F0D0F884F84C50204638BDD3
:10E63000F8B5074615460E4669B100FB01F05030AB
:10E64000FFF7A6FF044690B3002200F1500380F8C4
:10E650004620036007E05020FFF79AFF044630B3DE
:10E6600084F846602460C4E90F7602F0A3F8D4E988
:10E670000F132268A26001FB03F1CB1A13440020A0
:10E680000A44FF21A063E36084F84410626084F8C8
:10E69000451004F1100002F0BFFE04F1240002F066
:10E6A000BBFE02F091F884F84C502046F8BD0024DF
:10E6B0002046F8BDF8B5074650200D46FFF768FF25
:10E6C000044630B30026206080F846600664C763C5
:10E6D00002F070F8D4E90F322168A66303FB02F35D
:10E6E0009A1A0A440B44FF26C4E90131E26084F817
:10E6F000446004F1100084F8456002F08DFE04F1DE
:10E70000240002F089FE02F05FF80223A56384F87A
:10E710004C302046F8BD00BF2DE9F04F044685B0CF
:10E720001D460192884602F045F8A26BE36BA84FA4
:10E730004FF000099A424E46C0F08B80022D00F047
:10E7400006810198002800F03081B9F1000F00F037
:10E75000958002F039F801F04DF902F02BF894F8A9
:10E760004430FF2B08BF84F8446094F84530FF2BF9
:10E7700008BF84F8456002F027F801A902A801F05B
:10E7800067FC002840F0188102F014F8A26BE36BDC
:10E790009A4277D002F018F802F00CF894F845305D
:10E7A0004FFA83FABAF1000F1ADD636AC3B104F1BC
:10E7B000240907E00AF1FF33DBB24FFA83FA7BB199
:10E7C000636A6BB1484601F0E9FB0028F2D001F022
:10E7D00077FC0AF1FF33DBB24FFA83FA002BEFD15B
:10E7E000FF2384F8453001F0EFFF01F0E3FF94F8D8
:10E7F00044304FFA83FABAF1000F1ADD2369C3B12E
:10E8000004F1100907E00AF1FF33DBB24FFA83FA93
:10E810007BB123696BB1484601F0C0FB0028F2D000
:10E8200001F04EFC0AF1FF33DBB24FFA83FA002B02
:10E83000EFD1FF2384F8443001F0C6FF01F080F9E6
:10E8400001F0B8FFA26BE36B9A424FF00109BFF4ED
:10E8500075AF226CA66B002A40F0FC80256801365B
:10E86000002D00F01881A663636A002B40F08C80B5
:10E8700001F0AAFF012005B0BDE8F08F02A801F069
:10E88000DBFB66E704F1100901F09EFF48460199A1
:10E8900001F008FB01F08EFF94F845A04FFA8AFAC8
:10E8A000BAF1000F1CDD636AD3B104F1240B08E058
:10E8B0000AF1FF3A5FFA8AF34FFA83FA83B1636A87
:10E8C00073B1584601F06AFB0028F1D00AF1FF3A13
:10E8D00001F0F6FB5FFA8AF34FFA83FA002BEED1D0
:10E8E000FF2384F8453001F06FFF01F063FF94F8D7
:10E8F00044304FFA83FABAF1000F06DC15E00AF152
:10E90000FF33DBB24FFA83FA7BB123696BB1484620
:10E9100001F044FB0028F2D001F0D2FB0AF1FF33F2
:10E92000DBB24FFA83FA002BEFD1FF2384F8443097
:10E9300001F04AFF01F004F9002881D14FF0805323
:10E940007B6040BFBFF34F8FBFF36F8F78E7226CC0
:10E95000A66B002A82D04146E06809F0A6FA236C33
:10E96000E26821685B421A448A42E26080F0898052
:10E9700062681344E360022D00F083800136A663D1
:10E98000636A002B3FF474AF04F1240001F006FB2E
:10E9900000283FF46DAF0E4B4FF080525A6040BFDD
:10E9A000BFF34F8FBFF36F8F62E7009001F00CFF52
:10E9B000009805B0BDE8F08F01F0FCFE94F84550DA
:10E9C0006DB2002D18DD636AB3B104F1240607E0CF
:10E9D00000ED00E0013DEBB25DB26BB1636A5BB18B
:10E9E000304601F0DBFA0028F4D0013D01F068FB6D
:10E9F000EBB25DB2002BF1D1FF2384F8453001F07A
:10EA0000E3FE01F0D7FE94F844506DB2002D16DD00
:10EA10002369A3B104F1100605E0013DEBB25DB23C
:10EA20006BB123695BB1304601F0B8FA0028F4D02D
:10EA3000013D01F045FBEBB25DB2002BF1D1FF23AC
:10EA400084F8443001F0C0FE01F07AF8002005B0EF
:10EA5000BDE8F08F41465DBBA06809F026FAA368C7
:10EA6000216C62680B44934206F10106A360FFF437
:10EA7000FAAEA663636A2268A260002B3FF4F8AE88
:10EA800082E7002E7FF4EFAE0123A363636A002BBD
:10EA90003FF4EEAE78E7606801F084FBA663636A3A
:10EAA0006560002B7FF470AF00287FF474AFDFE661
:10EAB000E06809F0FAF9236CE26821685B421A44C5
:10EAC0008A42E260BFF457AF52E700BFF8B50C4688
:10EAD00079B300250123216081F84630C1E90F3563
:10EAE000064601F067FED4E90F322168A56303FBF7
:10EAF00002F39A1A0A440B44FF27C4E90131E26089
:10EB000084F8447004F1100084F8457002F084FC2D
:10EB100004F1240002F080FC01F056FEC4E9005527
:10EB2000E56084F84C602B462A4629462046FFF7CC
:10EB3000F3FD2046F8BD00BF2DE9F0418C4682B0C0
:10EB400004461746EFF31186402282F31188806B4A
:10EB5000E26B904221D3022B05D0002086F311886E
:10EB600002B0BDE8F08194F84550226CD4F83880AA
:10EB70006DB252BB236808F10108002B4FD06B1C0B
:10EB8000C4F8388037D001356DB284F84550012083
:10EB900086F3118802B0BDE8F08194F84550226CEC
:10EBA000D4F838806DB2002AE4D073B9A06809F0B7
:10EBB0007CF9A368216C62680B44934208F1010858
:10EBC000A360DCD32368A360D9E76146E0680193C2
:10EBD00009F06BF9206CE2682168019B4042024415
:10EBE0008A42E26002D262681044E060022B10D0D8
:10EBF00008F10108C3E7636A002BC8D004F12400C0
:10EC000001F0CCF90028C2D0002FC0D0012038601C
:10EC1000A4E7B8F1000F08BF4FF00108AFE7606844
:10EC2000019301F0BFFA019B6360A8E738B5EFF3E9
:10EC30001184402383F31188826BC36B93420ED9F6
:10EC400090F8453001325BB282635A1C0BD001331D
:10EC50005BB280F84530012084F3118838BD002074
:10EC600084F3118838BD436A002BF4D024300D465C
:10EC700001F094F90028EED0002DECD0012028609E
:10EC8000EAE700BF2DE9F047044684B088460192C8
:10EC900001F090FDD4F83890B9F1000F40F0938066
:10ECA000019B002B00F00A8102A801F0C5F9B34FC7
:10ECB0004E4604F1240501F087FD00F09BFE01F0B3
:10ECC00079FD94F84430FF2B08BF84F8446094F831
:10ECD0004530FF2B08BF84F8456001F075FD01A9A0
:10ECE00002A801F0B5F9002840F0878001F062FD2C
:10ECF000A36B002B40F0E88001F066FD01992846E7
:10ED000001F0D0F801F056FD94F845304FFA83F940
:10ED1000B9F1000F06DC15E009F1FF33DBB24FFA61
:10ED200083F97BB1636A6BB1284601F037F900289B
:10ED3000F2D001F0C5F909F1FF33DBB24FFA83F9E4
:10ED4000002BEFD1FF2384F8453001F03DFD01F0A9
:10ED500031FD94F844304FFA83FABAF1000F1ADD0E
:10ED60002369C3B104F1100907E00AF1FF33DBB2F4
:10ED70004FFA83FA7BB123696BB1484601F00EF973
:10ED80000028F2D001F09CF90AF1FF33DBB24FFA10
:10ED900083FA002BEFD1FF2384F8443001F014FDF7
:10EDA00000F0CEFE00287ED14FF080537B6040BF44
:10EDB000BFF34F8FBFF36F8F01F0FCFCD4F8389096
:10EDC000B9F1000F76D0226C52B1E168636811444A
:10EDD0009942E16024BF2168E160404609F065F88E
:10EDE00009F1FF33A3632369002B40F0C98001F0D0
:10EDF000EBFC012004B0BDE8F08701F0DBFC94F8E7
:10EE000045304FFA83F9B9F1000F06DC15E009F13E
:10EE1000FF33DBB24FFA83F97BB1636A6BB12846EB
:10EE200001F0BCF80028F2D001F04AF909F1FF33F3
:10EE3000DBB24FFA83F9002BEFD1FF2384F8453082
:10EE400001F0C2FC01F0B6FC94F844304FFA83FAAA
:10EE5000BAF1000F1ADD2369C3B104F1100907E00C
:10EE60000AF1FF33DBB24FFA83FA7BB123696BB14E
:10EE7000484601F093F80028F2D001F021F90AF198
:10EE8000FF33DBB24FFA83FA002BEFD1FF2384F874
:10EE9000443001F099FC00F053FE01F08BFCA36BB1
:10EEA00063B101F091FC01F085FCD4F83890B9F120
:10EEB000000F88D1019B002B7FF4FDAE01F084FC94
:10EEC000002004B0BDE8F08701F07EFC01F072FC88
:10EED00094F845304FFA83F9B9F1000F06DC15E0DC
:10EEE00009F1FF33DBB24FFA83F97BB1636A6BB18F
:10EEF000284601F053F80028F2D001F0E1F809F1BA
:10EF0000FF33DBB24FFA83F9002BEFD1FF2384F8F4
:10EF1000453001F059FC01F04DFC94F844304FFAB3
:10EF200083FABAF1000F1ADD2369C3B104F11009A5
:10EF300007E00AF1FF33DBB24FFA83FA7BB12369B2
:10EF40006BB1484601F02AF80028F2D001F0B8F879
:10EF50000AF1FF33DBB24FFA83FA002BEFD1FF2324
:10EF600084F8443001F030FC00F0EAFD01F022FCAE
:10EF7000D4F83890B9F1000F9CD024E700ED00E000
:10EF800004F1100001F00AF800283FF430AF054BFF
:10EF90004FF080525A6040BFBFF34F8FBFF36F8F67
:10EFA00025E700BF00ED00E02DE9F043044685B001
:10EFB0000026019101F0FEFBA36BB24FB04635462F
:10EFC000002B40F0F380019B002B00F05D81B8F135
:10EFD000000F00F0FC8001F0F7FB00F00BFD01F0EA
:10EFE000E9FB94F84430FF2B08BF84F8445094F8B0
:10EFF0004530FF2B08BF84F8455001F0E5FB01A91F
:10F0000002A801F025F800286CD101F0D3FBA36B16
:10F01000002B40F0E08001F0D7FB2368002B00F0CC
:10F020003C8104F124094846019900F03BFF01F0BE
:10F03000C1FB94F845304FFA83F8B8F1000F06DCB5
:10F0400015E008F1FF33DBB24FFA83F87BB1636A56
:10F050006BB1484600F0A2FF0028F2D001F030F872
:10F0600008F1FF33DBB24FFA83F8002BEFD1FF2317
:10F0700084F8453001F0A8FB01F09CFB94F8443083
:10F080004FFA83F8B8F1000F1ADD2369C3B104F118
:10F09000100907E008F1FF33DBB24FFA83F87BB1C8
:10F0A00023696BB1484600F079FF0028F2D001F0E7
:10F0B00007F808F1FF33DBB24FFA83F8002BEFD1EA
:10F0C000FF2384F8443001F07FFB00F039FD002875
:10F0D00064D14FF080537B6040BFBFF34F8FBFF3CD
:10F0E0006F8F5BE001F066FB94F845304FFA83F8D0
:10F0F000B8F1000F1ADD636AC3B104F1240907E017
:10F1000008F1FF33DBB24FFA83F87BB1636A6BB16E
:10F11000484600F043FF0028F2D000F0D1FF08F18C
:10F12000FF33DBB24FFA83F8002BEFD1FF2384F8D3
:10F13000453001F049FB01F03DFB94F844304FFAB3
:10F1400083F8B8F1000F1ADD2369C3B104F1100987
:10F1500007E008F1FF33DBB24FFA83F87BB1236994
:10F160006BB1484600F01AFF0028F2D000F0A8FF6B
:10F1700008F1FF33DBB24FFA83F8002BEFD1FF2306
:10F1800084F8443001F020FB00F0DAFC01F012FBBF
:10F19000A36B002B00F08A8001F016FB01F00AFB44
:10F1A000A36B4FF00108002B3FF40DAF2268013B29
:10F1B000A363002A00F09E802369002B40F0898021
:10F1C00001F002FB0126304605B0BDE8F08302A83D
:10F1D00000F032FFFFE601F0F7FA01F0EBFA94F8E5
:10F1E00045304FFA83F8B8F1000F1ADD636AC3B1F6
:10F1F00004F1240907E008F1FF33DBB24FFA83F88A
:10F200007BB1636A6BB1484600F0C8FE0028F2D0BB
:10F2100000F056FF08F1FF33DBB24FFA83F8002B02
:10F22000EFD1FF2384F8453001F0CEFA01F0C2FAA5
:10F2300094F844304FFA83F8B8F1000F1ADD2369CF
:10F24000C3B104F1100907E008F1FF33DBB24FFA54
:10F2500083F87BB123696BB1484600F09FFE00281C
:10F26000F2D000F02DFF08F1FF33DBB24FFA83F844
:10F27000002BEFD1FF2384F8443001F0A5FA00F011
:10F280005FFC8BE700ED00E0009301F09DFA009B2E
:10F290001E46304605B0BDE8F08301F08BFA606889
:10F2A00000F03EFF064601F08FFABAE601F08CFA54
:10F2B000002E88D001F07EFA616A19B1236B1968BB
:10F2C000C1F10501606800F099FF002601F07CFAA9
:10F2D00079E704F1100000F061FE00283FF470AF00
:10F2E000064B4FF080525A6040BFBFF34F8FBFF3C1
:10F2F0006F8F65E700F0B8FF60605DE700ED00E04C
:10F3000010B5044601F056FAA46B01F05DFA2046F0
:10F3100010BD00BF104B5A68904208D0DA68904286
:10F3200008BF012204D090F8463093B17047002204
:10F33000002110B403EBC20443F8321090F84630B9
:10F34000616013B15DF8044B70475DF8044BFFF743
:10F3500031B9FFF72FB900BF4C5D0020074B1A6889
:10F360001AB19A6802B17047012210B403EBC204CB
:10F3700043F8321060605DF8044B70474C5D00202C
:10F3800070B505460C46164601F014FA95F844305F
:10F39000FF2B04BF002385F8443095F84530FF2B40
:10F3A00004BF002385F8453001F00EFAAB6B2BB992
:10F3B0003246214605F1240000F0B0FD01F0FAF9D3
:10F3C00095F8454064B2002C16DD6B6AA3B105F1D7
:10F3D000240605E0013CE3B25CB26BB16B6A5BB141
:10F3E000304600F0DBFD0028F4D0013C00F068FE60
:10F3F000E3B25CB2002BF1D1FF2385F8453001F078
:10F40000E3F901F0D7F995F8444064B2002C16DD19
:10F410002B69A3B105F1100605E0013CE3B25CB233
:10F420006BB12B695BB1304600F0B8FD0028F4D019
:10F43000013C00F045FEE3B25CB2002BF1D1FF23AA
:10F4400085F84430BDE8704001F0BEB92DE9F041C7
:10F45000044601F0AFF9344A344D136801331360A8
:10F460002B68002B2FD0324EE36A32682AB3314822
:10F47000314907680A689F4238BF03602F4801324C
:10F4800003EB83030A6000EB8300E263211D01F0BC
:10F49000D3FF01F099F933686BB12A68E36AD26A45
:10F4A0009A4208D2264B4FF080525A6040BFBFF3B9
:10F4B0004F8FBFF36F8FBDE8F0812A68D26A9A42FE
:10F4C00098BF2C60D3E72C601368012B02D0E36A4D
:10F4D000174ECCE71948DFF894801A4F144E01F00C
:10F4E0009BFF194801F098FF184801F095FF184854
:10F4F00001F092FF174801F08FFF404601F08CFFAA
:10F50000384601F089FF144801F086FF134801F0E6
:10F5100083FF134801F080FF124B134AC2F80080AA
:10F520001F60E36AA3E700BF28430020B842002021
:10F53000884300203C43002038430020C442002080
:10F5400000ED00E054430020D8420020EC420020AF
:10F55000004300201443002074430020A0430020F7
:10F560008C430020C0420020BC42002040430020C9
:10F570002DE9F843DDE90964002C60D016B9304666
:10F58000BDE8F8830D469700984602233A4684F872
:10F590005130814626633046A52108F0AAFC2A781E
:10F5A000236B84F83420043F2A781F4427F0070790
:10F5B00002B36B7884F835306B78DBB1AB7884F8C4
:10F5C0003630AB78B3B1EB7884F83730EB788BB169
:10F5D0002B7984F838302B7963B16B7984F8393022
:10F5E0006B793BB1AB7984F83A30AB7913B1EB79F5
:10F5F00084F83B30089D042D28BF04250026E562D1
:10F600006564201D84F83B60A66401F011FFC5F11C
:10F61000050504F1180001F00BFFE6644246494677
:10F62000A561246184F850606462384601F086F870
:10F6300020602046FFF70AFF2046BDE8F8832046F9
:10F64000BDE8F8832DE9F0479600804630460D4628
:10F650009946099FFEF79CFF002869D082465420F6
:10F66000FEF796FF044600285BD00023C0F830A0C8
:10F670003246504684F85130A52108F03AFC2A78E9
:10F68000236B84F83420043E2A781E4426F0070AAF
:10F6900002B36B7884F835306B78DBB1AB7884F8E3
:10F6A0003630AB78B3B1EB7884F83730EB788BB188
:10F6B0002B7984F838302B7963B16B7984F8393041
:10F6C0006B793BB1AB7984F83A30AB7913B1EB7914
:10F6D00084F83B30089D042D28BF04250026E562F0
:10F6E0006564201D84F83B60A66401F0A1FEC5F1AD
:10F6F000050504F1180001F09BFEE664A561246194
:10F7000084F8506064624A464146504601F016F85B
:10F71000206007B13C602046FFF798FE0120BDE85D
:10F72000F0875046FEF746FF4FF0FF30BDE8F08708
:10F730004FF0FF30F3E700BF70B504464C4E01F0C8
:10F7400039F8002C39D0251D284601F09FFEA36A08
:10F750001BB104F1180001F099FE29464548464DB9
:10F7600001F06AFE94F85030012B04BF002384F8A6
:10F77000503001F029F82B6893B93368A34200D0C8
:10F7800070BD2B68DBB93B493C4A0968126891425D
:10F7900026D03B4B1B682BB33A4B01221A6070BD3D
:10F7A00001F008F8384B1A68126892B9374B4FF0DD
:10F7B000FF321A6001F008F8DFE73468C3E7344B22
:10F7C0004FF080525A6040BFBFF34F8FBFF36F8F2F
:10F7D00070BD1A682D4BD268D26852681A60E9E78A
:10F7E000336070BD274A13603268336812681B6B40
:10F7F0009A4236D9274C28492268930098188000ED
:10F800000858E0B9551EAB0058198000085830BBA5
:10F81000951EAB0058198000085800BBD51EAB00E0
:10F82000581980000858D0B9151FAB00581980002E
:10F830000858A0B9053A9300981880000858134456
:10F840009B00CD1808336868406868600B44984294
:10F8500004BF40686860C3683360226070BD2A4698
:10F86000EDE730683168343101F06AFBC2E700BF70
:10F87000B84200208C430020884300202843002009
:10F8800034430020B8430020BC4200206C430020D9
:10F8900000ED00E03C430020C442002080B170B580
:10F8A0001B4D2B6883420AD0044600F083FF194B9E
:10F8B00062699A4205D0BDE8704000F085BF70BD16
:10F8C0007047A36A144A9342F5D0002BF3D1261D4A
:10F8D000304601F0DBFD114AE36A116810488B42A3
:10F8E00088BF136003EB830300EB8300314601F014
:10F8F000A3FD2B68E26ADB6A9A42DCD3094B4FF026
:10F9000080525A6040BFBFF34F8FBFF36F8FD2E773
:10F91000B84200208C430020744300203C43002068
:10F92000C442002000ED00E070B584B0002503AAB9
:10F9300002A901A8CDE9015501F006FB019C002CAC
:10F9400046D00298002843D0039E20630223B600CD
:10F95000A521324684F8513008F0CBFA236B1F4AB8
:10F960006263201D84F83850043E84F83B50E56201
:10F97000C4E911551E4401F05BFD04F1180001F0CB
:10F9800057FD26F007060523A3612A461449E564BE
:10F9900030462461646284F8505000F0CFFE20604D
:10F9A0002046FFF753FD0F4B1C6000F0DBFD0128E4
:10F9B00011D1402383F311880B490C4A0C4B4FF0B3
:10F9C000FF340C6010601D6000F0CEFE04B070BD0E
:10F9D000044B00221A6004B070BD00BF49444C457E
:10F9E000D1FC0200684300206C43002088430020C3
:10F9F000B4430020024A136801331360704700BF0C
:10FA000034430020014B1868704700BFB443002006
:10FA1000024A136818441060704700BFB4430020C6
:10FA20002DE9F04F3B4B1B6883B0002B42D13A4B82
:10FA30001F6801371F60002F4AD0384B01931B68A5
:10FA4000BB423BD8364EDFF8EC80DFF8ECA0DFF8A5
:10FA5000EC90002525E03368DB68DC68636804F11E
:10FA6000040B9F42584651D301F010FDA36A04F1E4
:10FA700018000BB101F00AFDE36AD8F8002003EB8F
:10FA80008300934259460AEB800088BFC8F80030D3
:10FA900001F0D2FCD9F80030E26ADB6A9A4228BF52
:10FAA000012533681B68002BD5D1019A4FF0FF3335
:10FAB000136004E01B4A13680133136000251A4BDE
:10FAC0001B68002B0CBF2846012003B0BDE8F08F57
:10FAD000134E164B3168164A186830601960136867
:10FAE0000133136033681B683BB90C4B01931A4612
:10FAF0004FF0FF3313601346A1E73368074ADB6812
:10FB00000192DB685B681360134698E7019A136003
:10FB1000D5E700BF34430020B44300206C430020ED
:10FB2000BC42002030430020B8430020C0420020E7
:10FB3000704300203C430020C4420020B842002013
:10FB40002DE9F04700F036FE354B1A68013A1A608D
:10FB50001C68002C57D1334B1B68002B53D0DFF8A7
:10FB6000E0A0314E314FDFF8DC90DFF8DC80336805
:10FB700013B3F368DC68251D04F1180001F086FC5E
:10FB8000284601F083FCE36A3A6803EB8300934262
:10FB9000294609EB800088BF3B6001F04DFCD8F896
:10FBA0000030E26ADB6A9A424FF00103DFD3CAF801
:10FBB00000303368002BDCD13CB11D4B1A68126851
:10FBC0003ABB1C4B4FF0FF321A601B4D2C6844B1FE
:10FBD0000126FFF725FF08B1CAF80060013CF8D103
:10FBE0002C60DAF8003073B1144B4FF080525A6039
:10FBF00040BFBFF34F8FBFF36F8F012400F0E4FDD0
:10FC00002046BDE8F087002400F0DEFD2046BDE878
:10FC1000F0871A68074BD268D26852681A60D4E736
:10FC20003443002028430020744300203C4300203C
:10FC3000BC4200206C4300203043002000ED00E077
:10FC4000B8430020C4420020B842002070B548B933
:10FC5000184B4FF080525A6040BFBFF34F8FBFF335
:10FC60006F8F70BD144A15491368154E0133136028
:10FC70000D6804463068043001F008FC33686419EC
:10FC80005C600FD20F4B18683168043101F0E4FB5F
:10FC90000D4B1A68944238BF1C60FFF751FF0028D3
:10FCA000D6D070BD094B18683168043101F0D4FB1F
:10FCB000F3E700BF00ED00E034430020B443002030
:10FCC000B8420020BC4200206C430020C04200200B
:10FCD0002DE9F84F3C4E3D4D3D4CDFF80891DFF8E3
:10FCE0000881DFF808B14FF0805A2368D3B100F0E3
:10FCF00061FDF368DF68381D01F0C8FB2B68013B2C
:10FD00002B602368013B236000F05EFD97F85130C3
:10FD1000002B37D0012BE8D13846FEF74BFC236887
:10FD2000002BE4D12B4B1B68012B06D9CBF804A088
:10FD300040BFBFF34F8FBFF36F8F00F0CDFED9F8F8
:10FD4000003033BBD8F80030DB6A002BCDD1214B1B
:10FD50001B68012BC9D8204B204A1B6812689B1ACC
:10FD6000012BC2D91E4A136801331360D9F8003041
:10FD7000BBB1D8F80030DB6A0BB9164B1B68FFF734
:10FD8000DFFEB2E7386BFEF715FC3846FEF712FCD3
:10FD9000ABE7D8F80030DB6A002BA6D10D4B1B680F
:10FDA000A3E7D8F80030DB6A002BE8D1094B1B68C9
:10FDB000012BE4D8084B1868084B1B68C01A0128AF
:10FDC000DDD900F06DFDDAE7A043002028430020D4
:10FDD0002C430020C44200206C430020B443002088
:10FDE000344300203C430020B842002000ED00E0F6
:10FDF000274B1B68002B40D1264A70B5264C136058
:10FE00002268236812681B6B9A423AD9234D244911
:10FE10002A689300981880000858E0B9561EB3006D
:10FE200098198000085830BB961EB30098198000BE
:10FE3000085800BBD61EB300981980000858D0B9E6
:10FE4000161FB300981980000858A0B9053A93000E
:10FE500098188000085813449B00CE180833706827
:10FE6000406870600B44984204BF40687060C3688B
:10FE700023602A6070BD3246EDE7064B01221A600E
:10FE8000704720682168343101F05AF8BEE700BF9E
:10FE900034430020B8430020B84200203C430020F7
:10FEA000C442002070B5174D2B680C4603F11801B1
:10FEB00001F0D2FA144B1E682868043001F0E6FA0B
:10FEC000631C17D02B68A4195C600BD20F4B186809
:10FED0002968043101F0C0FA0D4B1A68944238BF0A
:10FEE0001C6070BD0B4B18682968BDE87040043178
:10FEF00001F0B2BA296808480431BDE8704001F049
:10FF00009BBA00BFB8420020B4430020BC4200208E
:10FF10006C430020C04200208C43002070B5194D76
:10FF20002B680C46164603F1180101F085FA164BB2
:10FF30005EB11B682868043001F0A8FA29681348EC
:10FF40000431BDE8704001F077BA1E6828680430BB
:10FF500001F09CFA2B68A4195C600BD20C4B18685A
:10FF60002968043101F078FA0A4B1A68944238BFC4
:10FF70001C6070BD084B18682968BDE870400431EA
:10FF800001F06ABAB8420020B44300208C4300203C
:10FF9000BC4200206C430020C042002038B5C3683A
:10FFA000DC6804F11805284601F070FA1A4B1B684A
:10FFB0002BBB251D284601F069FA184AE36A11682F
:10FFC00017488B4288BF136003EB8303294600EB7D
:10FFD000830001F031FA134BE26A1B68DB6A9A4234
:10FFE00082BF114B01201860104B1A68126898BF2D
:10FFF00000204AB90E4B4FF0FF321A6038BD294637
:020000023000CC
:100000000C4801F019FAE6E71A68094BD268D26881
:1000100052681A6038BD00BF344300203C430020C2
:10002000C4420020B8420020B8430020BC42002057
:100030006C43002074430020034A044B12681B6881
:10004000C0E90023704700BF70430020B443002084
:10005000F8B50D46044600F0ADFB2B681649581C58
:100060000A6813D0DFF854C0D4E90060DCF80070EF
:10007000BE4201D090421AD9121A93420BD80023E3
:100080002B60012500F0A0FB2846F8BD002500F0FC
:100090009BFB2846F8BDDCF800009B1A0A682B6021
:1000A000C4E90002002500F08FFB2846F8BD0125B9
:1000B00000F08AFB2846F8BDB443002070430020BE
:1000C000014B01221A607047B8430020084B1868A2
:1000D00060B9084B1B6853B9074A084B10681B6886
:1000E000013B984214BF0120022070470020704756
:1000F00074430020B84300208C4300202843002094
:10010000054B1B6833B1054B1B68002B0CBF02204D
:1001100000207047012070478843002034430020AE
:1001200018B3F8B51C4CC36A2268D26A934214D241
:100130008269002A04DB2268D26AC2F10502826168
:10014000164D426903EB830305EB83039A420DD0FE
:100150002368DB6AC3620120F8BD2368406CDB6A58
:1001600098422CBF00200120F8BD7047061D0746AD
:10017000304601F08BF92268094BD06A1A68F862A0
:10018000904200D9186000EB800005EB80003146FA
:1001900001F052F90120F8BDB8420020C44200200D
:1001A0003C43002050B138B5C16A836C426C013BBE
:1001B0009142836400D01BB1002038BD00207047FD
:1001C000051D0446284601F061F90A4A636C11686E
:1001D000E362C3F105008B42A061074888BF13604A
:1001E00003EB830300EB8300294601F025F901208E
:1001F00038BD00BF3C430020C442002048B1426CDF
:10020000C36A914238BF11468B4202D0826C012AE8
:1002100000D07047826970B5114DC162002A03EBAE
:1002200083034269A8BFC1F1050105EB8303A8BFA1
:1002300081619A4200D070BD061D0446304601F02F
:1002400025F9084BE06A1A68904288BF186000EBF5
:10025000800005EB80003146BDE8704001F0ECB84D
:10026000C44200203C430020044B1A681AB11968AC
:100270008A6C01328A641868704700BFB842002057
:100280002DE9F04FAD4EDFF8C482AD4D89B0336833
:100290001C68002C00F08E80DB681C68FFF7AAFB4E
:1002A000FFF7B0FBD8F80030984207465DD3844290
:1002B000C8F8000040F20B810022E11B2868FFF71C
:1002C0005FF8FFF73DFC88B99E4A4FF080535360BA
:1002D00040BFBFF34F8FBFF36F8F07E0019B0399C0
:1002E00020469847009B002B80F238812868002226
:1002F0006946FEF7C7FC0028C9D0009B029C002B72
:10030000ECDB636913B1201D01F0C0F8FFF77AFB45
:10031000D8F800309842814643D3009BC8F800903B
:10032000092BE3D8012202FA03F313F4047F69D105
:1003300013F0C70F40F0A1809B06D7D594F82C305E
:10034000002BD3D12046FEF735F9CFE7DB68DC6818
:10035000D3F800A004F10409484601F097F8636A55
:1003600020469847E369012B36D033681A68002A83
:10037000ECD17549C8F800700A6832600B60FFF76D
:10038000DFFBB3E7DB68DF68D3F800B007F1040AEE
:10039000504601F07BF87B6A38469847FB69012B91
:1003A00025D033681A68002AECD167490A683260A0
:1003B0000B60B2E7FFF71EFBFFF724FBD8F8003015
:1003C00083420746D1D8604BC8F800701B681A6892
:1003D000B2FA82F2520970E7A36953449A4549463A
:1003E00022D263602461306801F036F8BDE7BB6952
:1003F0005B449B45514627D27B603F61306801F0EA
:100400002BF8CEE7019B246103EB09024A45A36167
:1004100062602CD8002B3FF469AF4B4B211D18684C
:1004200001F01AF8286862E72B68002B9DD00023A2
:10043000CDE9043A0694FFF763FE00231A4604A9A7
:100440002868FEF769F990E72B68002BA9D00023F4
:10045000CDE9043B0697FFF753FE00231A4604A993
:100460002868FEF759F99CE74B4500D998B13068E8
:10047000211D00F0F1FF286839E7019BA269246182
:1004800099182CBF0120002049456160ECD8A9EBE8
:1004900003039A42C1D8636A20469847E369012B57
:1004A0007FF424AF019BA2692868134400283FF41D
:1004B0001EAF0022CDE904230694FFF721FE00239E
:1004C0001A4604A92868FEF727F928680FE7FFF7FE
:1004D00037FB3368DB68D3F80C9009F1040A504607
:1004E00000F0D4FFD9F81C30012B04D0D9F8243007
:1004F00048469847FAE6D9F81830C9F81090E2183B
:10050000BA42C9F8042004D95146306800F0A4FF6B
:10051000ECE73F1BBB421BD82B68002BE6D0002327
:10052000CDE90434CDF81890FFF7EAFD00231A4610
:1005300004A92868FEF7F0F8D8E700BFBC43002004
:100540004046002000ED00E0C0430020EC450020C4
:10055000034B5146186800F07FFFC7E7029CD0E6C6
:10056000C0430020F0B5204C89B000F023F9256885
:10057000FDB100F029F92068C8B1002407AA06A936
:1005800005A8CDE9054400F0EDFCDDE905300221C8
:10059000CDE90010079A0293144915482346FEF747
:1005A000E7FF144A0346001B18BF0120136009B07F
:1005B000F0BD114F114E384600F02EFF304600F0CE
:1005C0002BFF0F4A0F4900950F4B17600E600F4A23
:1005D00010212020FDF7FCFF20600028C9D00C4925
:1005E000FEF7BCFEC5E700BF404600207CB5030017
:1005F0008102030044460020C4450020D845002065
:10060000BC430020C0430020F0450020C44300202C
:1006100074B503002DE9F04F804685B030200F46B9
:1006200016461D46FDF7B4FF0446A8B1DFF88890D2
:1006300000F0C0F8D9F8003093B100F0C5F80E9B77
:100640006362C4F80080C4E906762562201D00F0CC
:10065000EFFE002384F82C30204605B0BDE8F08F73
:10066000DFF858B0DFF858A00393584600F0D4FEE6
:10067000504600F0D1FE0B4A0B49039B009320200B
:10068000C2F800B0C1F800A0084B094A1021FDF7DC
:100690009FFFC9F800000028CFD00649FEF75EFE94
:1006A000CBE700BFBC430020C0430020F045002042
:1006B000C443002074B5030040460020C445002018
:1006C000D845002030B5144D2C6885B0C4B105293B
:1006D000CDE9001202900BDCFFF712FD022812D0C8
:1006E000002328681A466946FEF716F805B030BDA3
:1006F0001A46204600236946FEF71EFA05B030BDB3
:10070000204605B030BD2868089A00236946FEF7E8
:1007100003F805B030BD00BF4046002010B50446C8
:1007200000F048F86469003418BF012400F04CF868
:10073000204610BD402383F31188FEE730B46FF0EC
:1007400002034FF08075074C40F8045C40F80C4CF5
:1007500040F8081C40F8202C40F8243C30BC4438B9
:10076000704700BF350703000F4C08B5E02384F83D
:10077000223000F077F80D4B0D4A00211960D4F8B3
:10078000883043F47003C4F88830536843F0404322
:100790005360236943F01003236100F04BF94023B9
:1007A00083F31188FEE700BF00ED00E0484600201B
:1007B00030EF00E0402383F31188024A13680133CD
:1007C0001360704748460020034A1368013B1360DA
:1007D0000BB983F3118870474846002041DF70470A
:1007E00012DF704770B51B4B00251D6082B01B687F
:1007F0000193019BEFF31186402383F31188164A7E
:10080000164BD2F804451D601B680093009BFFF750
:10081000F9F8241A24F07F44012C0DD844B1FFF7D5
:10082000FFF8054625B10E4B4FF080525A6040BF8D
:1008300086F3118802B070BDFFF762FC0228EED18A
:10084000013CFFF7EDF8013C631C45EA0005F8D1D7
:10085000E8E700BF401101400010014000110140D5
:1008600000ED00E00B4B0C4930B41F200B4DC3F8DA
:10087000080501220224E020C3F804232A601A603C
:10088000C3F8444381F811034FF400330B6030BCCC
:10089000704700BF0010014000E100E00810014077
:1008A0002DE9F041804684B0EFF3108272B6564CC9
:1008B000A36883B9554B56480121A160D3F8801035
:1008C00001402160C3F88000D3F8841061604FF0CC
:1008D000FF31C3F8841002B962B64E4ED6F80475E3
:1008E000FFF7F4FB00283DD04B4A4C49424528BF56
:1008F0004246BB1823F07F4301200025C6F80803B9
:10090000C6F840350D600B6801934FF480330199B0
:10091000C6F80433BFF34F8FB8F1000F54D13D4BED
:100920003E4D3F494FF48030C3F808030020286053
:100930002D680395039D08600968029101210298C2
:10094000C3F80413D3F804353049DB1B23F07F458B
:10095000954228BF15464FF40033012DC1F8803170
:1009600011D827D0A3685BB1EFF3108372B6274A82
:1009700021681160616851600022A26003B962B60B
:1009800004B0BDE8F081681EFFF742F8254BDB6834
:10099000DA010FD5244A1368DB070BD5234B5168C6
:1009A00003FB05F5A5F57425A5F51075AD0A01EB5A
:1009B00085155560FFF734F80028D3D01C4B4FF055
:1009C00080525A6040BFCDE7F1EE103A23F09F030A
:1009D000E1EE103AF1EE103A0C4B04A84021C3F8B6
:1009E000841100F8045DFFF7FBFE9DF80C1039B987
:1009F00020BFD3F80001D3F804110143F8D08EE7EB
:100A0000FFF7ECFE8BE700BF5C5D002000E100E03B
:100A1000FC06FFBD00100140FDFFFF00401101403A
:100A200000110140F0ED00E0001000E040420F0036
:100A300000ED00E00748006880F3088862B661B600
:100A4000BFF34F8FBFF36F8F4FF0E00080F311883B
:100A500000DF00BF00600200064B19680868B0E8BC
:100A6000F04F80F30988BFF36F8F4FF0000080F3E1
:100A700011887047B8420020EFF30980BFF36F8FF1
:100A8000144B1A681EF0100F08BF20ED108A20E9E1
:100A9000F04F10604DF8043D4FF0400080F3118896
:100AA000BFF34F8FBFF36F8FFFF7A2F94FF0000036
:100AB00080F3118808BC19680868B0E8F04F1EF090
:100AC000100F08BFB0EC108A80F30988BFF36F8F56
:100AD000704700BFB8420020704700BF0A490B4A68
:100AE0000B4B9B1A03DD043BC858D050FBDC094874
:100AF00009494FF0AD32026004300439FBD100F0F7
:100B00008DF8F5F7A5FB0000B8BB03000036002008
:100B10007838002000F8002000080000FEE7FEE71B
:100B2000FEE7FEE7FEE7FEE7FEE7FEE7FEE7FEE79D
:100B300008B5F7F727F90E4B43B10E4B7BB1F6F72B
:100B40009BFC00F0F1F9FDF77BFCF8E7F6F794FC6D
:100B500000F0EAF9F6F790FC00F0E6F9F6E7F6F7B0
:100B60008BFC00F0E1F9F6F787FC00F0DDF9F6E721
:100B70000000000041E4020000B583B000F014FB67
:100B8000FDF720F90E4B019301234FF480620D49CC
:100B900000930D480023FEF755FD4FF4407000F020
:100BA000DFFAFEF7C1FEBFF34F8F0849084BCA6852
:100BB00002F4E0621343CB60BFF34F8F00BFFDE749
:100BC0004C46002084B50300310B030000ED00E02B
:100BD0000400FA05034B93F8A30000B970471846C8
:100BE000FDF7ECB910420020FDF7A2BCFDF7BABC3E
:100BF000084A094908B513681844884202D81060A9
:100C0000184608BD07F0CCF80C2303604FF0FF3303
:100C1000184608BD2836002000F80020AB4B1B68A2
:100C20005A1C30B400F0D080A94A1268062B00F09C
:100C3000C080A84B1B78062B00F0B080A34B1B682C
:100C40005D1C00F0A480A24A1268062B00F094807C
:100C5000A04B1B78062B00F082809C4B1B685C1C11
:100C600076D09B4A1268062B65D09A4B1B78062BD0
:100C70004CD0964B1A68501C13D0954B062A1B6813
:100C800017D0954AD2F8883043F47003C2F8883000
:100C9000BFF34F8FBFF36F8F904B914A1A6030BCF8
:100CA00070478C498F4B09781B680629C3F30313DF
:100CB00012D1053B012B40F28E80511C40F0F78091
:100CC000844A884B12781B68062AC3F30313D8D1D1
:100CD000033B032B40F2C9807E4B1B78062BD0D1FF
:100CE000804B1B684FF0FF32C3F30313033B032B0E
:100CF00040F2CB80764B1B68062AC2D1062BC0D1AE
:100D0000794A136843F480631360BAE7754B1B6834
:100D1000C3F30313032BACD1744D75482B60754C92
:100D20007549764A05230360012500203F2325608D
:100D3000086013609DE7033A032A96D84FF080437A
:100D40000022C3F80C21C3F81021C3F838258CE722
:100D5000644A604B12681B78C2F3031283E7614B4D
:100D60001B68C3F30313032B7FF477AF644AD36884
:100D700023F08073D36070E7033A032A3FF668AF2D
:100D8000604B614A1B68C3F34233136060E7554A06
:100D9000504B12681B78C2F3031256E7514B1B6885
:100DA000C3F30313032B7FF449AF584B584A1A601F
:100DB00044E7033A032A3FF63CAF564B564A1B68BA
:100DC000C3F30423136034E7464A424B12681B788E
:100DD000C2F303122AE74FF08052504BD2F80414AA
:100DE000C3F82015D2F80814C3F82415D2F80C144F
:100DF000C3F82815D2F81014C3F82C15D2F814141F
:100E0000C3F83015D2F81814C3F83415D2F81C14EE
:100E1000C3F84015D2F82014C3F84415D2F82414AE
:100E2000C3F84815D2F82814C3F84C15D2F82C147E
:100E3000C3F85015D2F83014C3F85415D2F834144E
:100E4000C3F86015D2F83814C3F86415D2F83C140E
:100E5000C3F86815D2F840141C48C3F86C15D2F8D2
:100E600044140268C3F8701527E72D4B174A1B6816
:100E700012682C4903F04F030B60531C1FD1154B14
:100E80001B78062B7FF4FDAE2AE74FF08041D1F8A6
:100E9000003413F0010F0E4B01D11B682CE70B4AF5
:100EA0001B6812686FF00100C1F8000424E7084BCA
:100EB000062A1B687FF4E5AE033B032BD5D9044B10
:100EC000062A1B687FF4DDAE10E700BF300100107A
:100ED00034010010E00F00F000ED00E02C3600209F
:100EE0000090D003E80F00F03C170040A005004040
:100EF00010560040885600401856004014560040D6
:100F0000F0ED00E0440200103C05004074C00740D2
:100F10000DF0ADBA240300104035014000C0004080
:100F200058020010E40E0040044B4FF080525A600B
:100F300040BFBFF34F8FBFF36F8F704700ED00E0EE
:100F4000704700BF704700BF044B036010B46423B8
:100F5000034C0C6013605DF8044B70475046002052
:100F6000A4460020054B036010B44FF48073044C7A
:100F70000C6013605DF8044B704700BF34480020DC
:100F80008848002070B51F4C84B04FF0FF3203A991
:100F90002068FDF777FE0028F7D00398037A4568AC
:100FA000052B0DD8DFE803F0272A221C1503D0E912
:100FB0000361D0E90523C06900903046A847039833
:100FC00003681BB11846FDF7CDFA0398FDF7CAFA7E
:100FD000DBE7D0E90523D0E90301A8470398EFE751
:100FE000D0E90412C068A8470398E9E7D0E90301F3
:100FF000A8470398E4E7A8470398E1E7C068A84733
:101000000398DDE78C4C00202DE9F0432D4B2E4C4E
:101010005B6885B0C3F30803019001AF2068002B23
:1010200044D0002339461A46FDF786FD01283AD000
:10103000DFF89880D8F80000002240000421FDF776
:10104000F7FA064678B3DFF88890D9F80000FEF783
:1010500073FBFFF7AFFB02E03046FDF75DFB0022BC
:1010600003A92068FDF70EFE00230546642203A9AC
:101070000028F1D12068FEF74DF92660FFF7A4FBA8
:10108000D9F80000FEF70AFCD8F800300D4A2068B5
:101090005B00C8F800305368C3F30803394653B9FE
:1010A0006422FDF739FB05B0BDE8F08339466422C0
:1010B000FDF732FBBAE72B462A46FDF73DFD05B0AA
:1010C000BDE8F08300ED00E08C4C0020884C00204F
:1010D000904C00202DE9F8439DF8205006460F461D
:1010E00091469846CDB1A8000C30FDF721FA044690
:1010F00088B10023C0F804900572036006B177B987
:101100002DB1AA00414604F10C0006F0CEFE2046A7
:10111000FFF77AFF0120BDE8F8831020E5E73846A5
:10112000FDF706FA81462060A0B13A46314606F046
:10113000BCFE002DEBD0691EC9B208EB8101A8F1FD
:10114000040353F8042FB24208BFC3F80090994239
:10115000F7D1D6E72046FDF705FA4846DBE700BFA2
:1011600030B540230B4D83B00446002218460421BD
:101170002B60FDF75DFA084B084918600223CDE9A2
:101180000031A2B2002306490648FEF75BFA03B01D
:1011900030BD00BF884C00208C4C0020904C0020BB
:1011A0008CB50300850F03004FF08043174AD3F836
:1011B0000014174830B41160D3F80054D3F8002459
:1011C000144C15492A43C3F80024D4F84025026082
:1011D00001224FF40030C3F818259A60C1F880004E
:1011E000BFF34F8FBFF36F8F4FF0A04003F58833ED
:1011F0004FF480314FF0FF34C3F84813C3F808139D
:101200005A609A60C0F8084530BC7047944C002082
:10121000984C002000A0004000E100E01F2816D8F4
:10122000474B53F820300E2911D8DFE801F08179BF
:101230007169615950473E352C231A11080003F596
:10124000E0734FF0A04240F2037142F82310704760
:1012500003F5E0734FF0A04240F2036142F823101F
:10126000704703F5E0734FF0A04240F2035142F89B
:101270002310704703F5E0734FF0A04240F20341A2
:1012800042F82310704703F5E0734FF0A04240F29C
:10129000033142F82310704703F5E0734FF0A0428A
:1012A00040F2032142F82310704703F5E0734FF03A
:1012B000A04240F2031142F82310704703F5E07397
:1012C0004FF0A0424FF4403142F82310704703F52D
:1012D000E0734FF0A0424FF4003142F82310704702
:1012E00003F5E0734FF0A042164942F8231070470F
:1012F00003F5E0734FF0A042134942F82310704702
:1013000003F5E0734FF0A042042142F82310704728
:1013100003F5E0734FF0A0420C2142F82310704710
:1013200003F5E0734FF0A042032142F82310704709
:1013300003F5E0734FF0A042002142F823107047FC
:10134000C0B40300040002000C0003001F2809D8E9
:10135000064B53F82020012393404FF0A04211B1D7
:10136000C2F808357047C2F80C357047C0B40300A6
:101370001F2813D80A4B4FF0A04253F82000D2F890
:101380001415012383400B4214BFD2F80425D2F870
:101390001025134214BF0120002070470020704721
:1013A000C0B403001F2800D970470C4B4FF0A04277
:1013B00053F82000D2F81415012383400B4214BFC8
:1013C000D2F80425D2F8102513424FF0A04202D1E2
:1013D000C2F808357047C2F80C357047C0B4030036
:1013E0001F2808D8044B53F820104FF0A0420123C7
:1013F0008B40C2F808357047C0B403001F2808D8D6
:10140000044B53F820104FF0A04201238B40C2F848
:101410000C357047C0B4030000F108034FF0FF31F2
:101420000022816002604360C0E90333704700BF5F
:1014300000230361704700BF4368026810B49C68D2
:101440008C609C684B600132616099605DF8044B70
:1014500008610260704700BF30B40D686B1C11D08A
:1014600000F1080200E01A4653681C68AC42FAD941
:1014700004684B60013499608A60516008610460BF
:1014800030BC704702695368F2E700BF4268816868
:10149000036910B4916081685C684A601A6884428C
:1014A00008BF5960013A002101611A6018685DF8AF
:1014B000044B7047704700BF10B50446FFF796FB1A
:1014C000204610BD38B50A4B04460D46442240F86C
:1014D0000C3B002106F00DFD0023A560237104F1F3
:1014E00054010120FDF7F2FA2065204638BD00BF07
:1014F000A0B5030070B504460E46006D4FF0FF31F5
:10150000FDF752FD257955B98EB1A660314604F13B
:101510000C0003F041FEB0FA80F56D09257100233F
:10152000206D1A461946FDF7F7F8284670BDA668E3
:10153000002EF4D0EAE700BF70B505464FF0FF314A
:10154000006DFDF731FD2B7905F10C06F3B1002399
:101550002B71304603F022FF044668B9A968304673
:1015600004F094FE044638B93046A96803F014FE2E
:10157000044608B901232B710023286D1A46194629
:10158000FDF7CAF8B4FA84F0400970BD3046A96886
:1015900004F07CFE0446EFE730B5044695B00D46F6
:1015A000006D4FF0FF31FDF7FFFC294601AA04F161
:1015B0000C0003F0ABFD002305461A46206D1946CA
:1015C000FDF7AAF8B5FA85F0400915B030BD00BFA7
:1015D0002DE9F04F83B00B7800AF2F2B78600CBF54
:1015E0004C1C0C4605460E46006D4FF0FF31FDF7D2
:1015F000DBFC05F10C084FF0000918E0ADEB000D25
:101600008A456D468DF800900DF1010001DD06F070
:1016100070FC31465246284606F047FC29464046B3
:1016200005F000F908B1113028D10134DD4620461B
:101630002F2107F0F6FAA0EB060A0AF10802044689
:10164000EB4622F0070000215246002CD6D131464D
:10165000404605F0E7F878B1113014BF00240124AA
:101660007A680023106D19461A46FDF755F8204692
:101670000C37BD46BDE8F08F0124F1E70024DD46BC
:10168000EEE700BF38B504460D46006D4FF0FF3160
:10169000FDF78AFC294604F10C0005F0E1FA00236D
:1016A00005461A46206D1946FDF736F8B5FA85F05D
:1016B000400938BD70B5036904460D46186D4FF0FA
:1016C000FF311646FDF770FC237D4BB100252269E2
:1016D0000023106D19461A46FDF71EF8284670BD06
:1016E0002069A1692A4633460C3002F0F7FD20EA52
:1016F000E075ECE770B50369044682B04FF0FF3146
:10170000186DFDF751FC257D45BB2069A1690C30A2
:1017100003F0F0FC02AA0646206902F8015D0123ED
:10172000A1690C3003F044FC00282069A169C8BFFE
:101730009DF80750324600F10C004FF00003D8BF6F
:101740004FF0FF3503F0A4FC22690023106D194609
:101750001A46FCF7E1FF284602B070BD4FF0FF3596
:10176000F2E700BF38B5036904464FF0FF31186D4A
:10177000FDF71AFC237D4BB1002522690023106D73
:1017800019461A46FCF7C8FF284638BD2069A169EA
:101790000C3003F0B1FC05462069A1690C3003F060
:1017A000A9FC2D1AE9E700BF10B5036904464FF004
:1017B000FF31186DFDF7F8FB237D23B92069A1697E
:1017C0000C3005F043F922690023106D19461A46C2
:1017D000BDE81040FCF7A0BF70B50369044682B0B5
:1017E0004FF0FF31186DFDF7DFFB257D55B1226904
:1017F0000023106D19461A46FCF78EFF4FF0FF309C
:1018000002B070BD2069A1690DF1070201230C30FF
:1018100003F0CEFB226906462B46106D29462A4668
:10182000FCF77AFF002ECCBF9DF807004FF0FF3089
:1018300002B070BD30B50368164A5B6883B093424E
:101840008DF807101ED1036904464FF0FF31186D63
:10185000FDF7AAFB237D53B1002522690023106DFB
:1018600019461A46FCF758FF284603B030BD2069D8
:10187000A1690C3001230DF1070202F02FFD20EACF
:10188000E075EAE701220DF1070198470546284671
:1018900003B030BDB516030030B4084C016100221E
:1018A0004FF47A758560C0E90042027580F8202007
:1018B00080F86020C0E9062230BC7047BCB5030048
:1018C0002DE9F04104466248236100254FF47A7601
:1018D00084E86100C4E90655257584F8205084F831
:1018E000605094B00E46186D4FF0FF319046FDF7F2
:1018F0005BFBA16981B12069277D0C30002F6AD084
:1019000002F07EFBA069FCF72DFEE069A56108B13D
:10191000FCF728FE0023E361206901AA0C30314660
:1019200003F0F4FB0546A8BB9DF804302769112B92
:1019300058D02C20FCF7FCFDA06108B301463246CC
:1019400007F10C0002F0AEFA002854D101232375F0
:10195000304607F097F90130FCF7EAFD3146E061C7
:1019600007F076F927692F21304607F0A8F904F12E
:10197000200300B1461C31461846402207F08AF980
:101980000023386D1A461946FCF7C6FE204614B0EF
:10199000BDE8F081851C2769F2D1B8F1010FEFD1C4
:1019A0003820FCF7C5FDA0610028E9D0014640F2CF
:1019B000031307F10C00324604F094FF054600289B
:1019C00035D12069A1690C3002232A4603F060FB5F
:1019D00027692575C7E705F0B3F8A069FCF7C2FDD4
:1019E000A76199E7B8F1000F0BD0B8F1010FBAD198
:1019F00040F2031506E0A069FCF7B4FDA561276974
:101A0000BEE701253820FCF793FDA0610028B7D080
:101A100001462B4607F10C00324604F063FF30B953
:101A2000B8F1010F276909D0002323759BE7A0694E
:101A3000FCF798FD0023A3612769A1E70246022372
:101A400007F10C00A16903F023FB2769ECE700BF55
:101A5000BCB503002DE9F0410369044694B00D467E
:101A6000186D4FF0FF319046FDF79EFAA16989B1DC
:101A70002069267D0C30002E51D002F0C1FAA069F9
:101A8000FCF770FDE0690023A36108B1FCF76AFD73
:101A90000023E361206901AA0C30294603F036FBDC
:101AA000074660BB9DF804302669112B5BD02C20C3
:101AB000FCF73EFDA06180B301462A4606F10C000A
:101AC00002F0F0F9002857D101232375284607F0CA
:101AD000D9F80130FCF72CFD2946E06107F0B8F891
:101AE00026692F21284607F0EAF8203400B1451C6A
:101AF00029462046402207F0CDF8012503E0871C47
:101B0000266913D000250023306D1A461946FCF7CC
:101B100003FE284614B0BDE8F0810546F3E705F062
:101B20000FF8A069FCF71EFDA661B3E7B8F1010F3D
:101B3000E8D13820FCF7FCFCA0610028EDD001467C
:101B400040F2031306F10C002A4604F0CBFE0746D0
:101B500078BB2069A1690C3002233A4603F098FA59
:101B600026692775BDE7B8F1000F0CD0B8F1010F59
:101B7000B7D140F2031707E0A069FCF7F3FC3D463C
:101B8000A7612669BFE701273820FCF7D1FCA061D7
:101B90000028C2D001463B4606F10C002A4604F05C
:101BA000A1FE30B9B8F1010F266909D000232375D1
:101BB00097E7A0690025FCF7D5FCA5612669A2E797
:101BC0000246022306F10C00A16903F061FA2669BE
:101BD000ECE700BFF0B504460E460069A16995B078
:101BE00017460C3089B1257D002D46D002F008FA49
:101BF000A069FCF7B7FCE0690023A36108B1FCF71A
:101C0000B1FC206900230C30E36101AA314603F0E6
:101C10007DFA054660BB9DF80430112B52D02C2074
:101C2000FCF786FCA06128B323690146324603F124
:101C30000C0002F037F900284AD101232375304601
:101C400007F020F80130FCF773FC3146E06106F044
:101C5000FFFF2F21304607F032F8203400B1461C38
:101C600031462046402207F015F8012015B0F0BD9E
:101C7000851C0BD0002015B0F0BD04F061FFA069F9
:101C8000FCF770FC2069A5610C30BEE7012FF1D193
:101C90003820FCF74DFCA0610028EBD023690146F9
:101CA000324603F10C0040F2031304F01BFE05461C
:101CB00048BB2069A1690C3002232A4603F0E8F9E9
:101CC0002575C6E757B1012FC3D140F2031506E0D1
:101CD000A069FCF747FCA5612846CCE70125382020
:101CE000FCF726FCA0610028C4D0226901462B46DF
:101CF00002F10C00324604F0F5FD20B9012F08D0A6
:101D000000232375A5E7A069FCF72CFC0020A06147
:101D1000B1E72369A169024603F10C00022303F035
:101D2000B7F9EDE770B5036904460D46186D4FF03D
:101D3000FF311646FDF738F9237D4BB100252269A6
:101D40000023106D19461A46FCF7E6FC284670BDC4
:101D50002069A1692A4633460C3003F029F905466B
:101D6000EDE700BF38B5036904460D46186D4FF026
:101D7000FF31FDF719F9237D4BB1002522690023BE
:101D8000106D19461A46FCF7C7FC284638BD206975
:101D9000A1692A460C3003F07BF9C543ED0FEDE74E
:101DA00038B5036904464FF0FF31186DFDF7FCF8B4
:101DB000237D4BB1002522690023106D19461A4678
:101DC000FCF7AAFC284638BD2069A1690C3003F055
:101DD00091F90546EFE700BF38B5036904464FF0B7
:101DE000FF31186DFDF7E0F8237D4BB10025226926
:101DF0000023106D19461A46FCF78EFC284638BDA4
:101E00002069A1690C3003F077F90546EFE700BFC0
:101E100070B5036904464FF0FF31186DFDF7C4F843
:101E2000A16981B12069257D0C30ADB102F0E8F8DF
:101E3000A069FCF797FBE0690023A36108B1FCF7F8
:101E400091FB0023E36122690023106D19461A46B5
:101E5000BDE87040FCF760BC04F072FEA069FCF7BE
:101E600081FBA561EFE700BF8069003018BF01204A
:101E7000704700BF2DE9F04794B00B690C4605464A
:101E80004FF0FF31186D00AF9146FDF78DF82369D3
:101E9000314A2B610023C5E90023C5E906334FF41D
:101EA0007A71A9602B7585F8203085F86030237D24
:101EB000002B44D0294EDFF8AC802069A1690C309A
:101EC0003A1D02F0B1F8012807F10C01304636D175
:101ED00006F0B4FE07F10C010028EED0404606F0F3
:101EE000ADFE0028E9D0D4F81C80404606F0CAFEBA
:101EF000064607F10C0006F0C5FE3318093323F03F
:101F00000703EA46ADEB030D721C6846414605F037
:101F1000CCFF98F800202F2A6B4602D198F80120B8
:101F200012B10F4A12889A5307F10C01184606F0B5
:101F300069FE4A4601462846FFF74CFED54622690F
:101F40000023106D19461A46FCF7E6FB2846503769
:101F5000BD46BDE8F08700BFBCB50300A8B50300CF
:101F6000B0B50300ACB503002DE9F047804600682A
:101F70001646026A82B0B2420B9F4AD90C461D46F1
:101F80008FB92DE0B5FBF1F201FB1252D0F80490AD
:101F900052B3AA1AA3682660626000913146C8470E
:101FA000F8B9D8F80000236841699E42EAD1636815
:101FB0009D42E7D3CA189542E4D2A2EB0509B94580
:101FC000A1680A9828BFB946EB1A19444A46BF1AB5
:101FD00005F06BFF0A9B4B444D440A93002FE0D160
:101FE000002002B0BDE8F087B942D2D8B7FBF1FAC1
:101FF00001FB1A7AA7EB0A0700970A9B2A4631468B
:10200000C8470028EDD10A9B3B443D440A935746FC
:10201000E4E7034B034A0448122105F095FE00BF94
:102020005CB60300D8B503007CB603002DE9F04F81
:1020300085B00392002B5AD088460168C9695C1E9E
:10204000A1F108090E9BB4FBF9F50746B3FBF9F6BD
:10205000BDB3681E029205F0FBFC851CA4EB850550
:10206000029AB5FBF9F56EBBB5424AD90DF10C0ADF
:102070004FF004094FF0010B0AE0012A4BD93B68ED
:102080001B6A9A4247D80BFA04F42D1BB54238D983
:10209000AC1BB4FA84F495FAA5F3C4F11F04B3FAA7
:1020A00083F39C4228BF1C46CDE900A9A30041460A
:1020B0003846FFF759FF039A0028DED005B0BDE887
:1020C000F08FF6B1701E029205F0C2FC0E9B861CCA
:1020D000A3EB8606B6FBF9F6304605F0B9FC0E9B7D
:1020E000029A06FB1939A9EB80030E93BCE70F99FE
:1020F0004FF0FF320A60109A1846136005B0BDE831
:10210000F08F0F9B1A60109B1A460E9B13600020E5
:1021100005B0BDE8F08F034B034A04484FF48F61CC
:1021200005F012FEF0B60300F8B503007CB603001C
:102130002DE9F04F0446D2E900038FB00026089045
:102140000291099304F11409B3460DF1280A08AB72
:10215000494653F826701023CDE900A33A460023E0
:102160002046FFF701FF002839D1BBF1000F63D1F2
:102170000B9B23F00043132B54D92268D26993425E
:1021800050D80EAB4FF0FF3143F81C1D10221846FB
:102190005146039304F0A2FE0B9B23F00042102A49
:1021A00025D0CDE904B610250DF11B081646DDF843
:1021B0000CB004E0584604F091FEAE4215D0012365
:1021C000CDE900833A462B4649462046FFF7CCFE30
:1021D0000122414615440028ECD0DDE904B610F197
:1021E000340F1FD00FB0BDE8F08FDDE904B6079BB8
:1021F000751CBBB905F001050DF1380C0CEB850C15
:10220000029D03959AE80F006F605CF8187CAF6040
:102210002F46BC461C351027CCF80C7085E80F0003
:102220004FF0010B7EB1BBF1000F14BF00206FF027
:1022300033000FB0BDE8F08F029A0A9BD2699B1A57
:10224000002B95DAEEE7012681E700BF2DE9F04F7C
:10225000984603681B6A87B04345109EDDE911A7C5
:1022600040F2D780002F4AD081468B461546DBF8D6
:10227000003043454ED0013340F0C580D9F800000E
:102280008269B6FBF2F302FB1363002B3BD1BA4227
:1022900039D8B7FBF2F302FB13730393FB1A0093D5
:1022A00002938468534632464146A047002840F0D6
:1022B000A380029B002D00F09B80DBB15446371BAE
:1022C0009A4408E014F8013B9DF817209A4240F028
:1022D0009180A2450ED0012301930DF117030093C5
:1022E00042463B1929464846FFF73EFE0028E9D002
:1022F000C0F28280029B039F1E44002FB7D10020B2
:1023000007B0BDE8F08FF31ACBE90083DBF80030AB
:102310004345B0D1DBF80420B242ACD8D9F8001064
:102320008C691444B442A6D9A41BBC42DBF8080053
:1023300028BF3C46B21A10445146224605F0B5FD6E
:10234000D9F80000D0F818C02644B6FBFCF30CFB0B
:1023500013633F1BA244002BCFD1DBF800104B1CB2
:10236000CBD0DBE90123CDF800C08468A04700286A
:1023700042D1D9F80030DBF808009A696DB3DBE987
:10238000001352B382181B1ACDF808B0CDF80C8098
:102390001096044693460E46984607E014F8013B13
:1023A0009DF817209A4225D1A34528D001230193F7
:1023B0000DF117030093324608EB04032946484603
:1023C000FFF7D2FD0028E9D0DDE902B8109E13DB4B
:1023D000D9F80030DBF808009A69FF2105F089FD83
:1023E0004FF0FF33CBF80030002F7FF440AF86E78B
:1023F0009A447FE76FF0330007B0BDE8F08FDDE966
:1024000002B8109EE4E7064B064A0748B72105F0DC
:102410009BFC064B034A04489C2105F095FC00BF39
:1024200040B60300E8B503007CB603005CB60300C9
:102430002DE9F04F90460268126A83B04245DDF8FC
:1024400030900D9E6CD91EB382460F461D463B68E8
:10245000984527D001335DD1DAF800008269B5FBD9
:10246000F2F302FB1353BBB9B24215D8B6FBF2F438
:1024700002FB1464361B0096D0F808B04B462A467F
:102480004146D84728B9B14435442646002EDED10E
:10249000002003B0BDE8F08FEB1AC7E900833B686A
:1024A0009845D7D17968A942D4D8DAF80020926942
:1024B0000A44AA42CED9541BB442B86828BF344655
:1024C000691A08442246494605F0EFFCDAF8000094
:1024D00082692544B5FBF2F302FB1353361BA1447A
:1024E000002BD3D139684B1CD0D0D7E901C300925F
:1024F00084686246A0470028CBD1DAF80030B8687B
:102500009A69FF2105F0F5FC4FF0FF333B60002E88
:102510009DD1BDE7054B064A0648B72105F014FCDE
:10252000054B034A03489C2105F00EFC40B603000E
:10253000E8B503007CB603005CB603002DE9F04F5C
:10254000934691B000240122CDE905315B46CBE9E9
:1025500009429A468346DAF82830013300F00F81A9
:102560000AF1240251465846FFF7E2FD0790002881
:102570007AD15246DAF80C30DA469346DBF820106E
:1025800021F00042043A03F10C00824228BF0AF114
:10259000140980F0AA80002980F2ED800AF1140964
:1025A000DBE909234FF000080A920B9347460AAB78
:1025B000494653F82860102301930CAB0093324630
:1025C00000235046FFF7D0FC00283FD12FB10C9BD1
:1025D000DBF81C209B1A002B65DB0D9B23F00043CE
:1025E000132B60D9DAF80020D26993425BD810AB84
:1025F0004FF0FF3143F81C1D102218460CA902931E
:1026000004F06CFC0D9B23F00042102A32D003979B
:10261000CDF8108010240DF123051746DDF8088051
:1026200004E0404604F05AFCA74221D00123CDE942
:1026300000533246234649465046FFF795FC012297
:10264000294614440028ECD0DDE9037810F1340F5A
:1026500029D05B46D3469A46831C40F09380DAF833
:10266000243001337FF477AF079811B0BDE8F08FC5
:10267000DDE90378099B08F10104A3B90CAB10ADA7
:102680000FCB04F0010405EB8404102554F8184C1A
:10269000CBF808400BF11C04CBF80460CBF80C50CD
:1026A00084E80F000127B8F1000F1AD0002F5BD08B
:1026B000DBF82010DBF8182021F00043043B143233
:1026C00010201B2BCBF81820CBF80C000CD80029BD
:1026D000FFF666AF5B46D3469A460346059A1360FB
:1026E000BDE74FF0010862E70346059DDBF80420D3
:1026F000281D0C24CDE9000449465046FFF734FC60
:102700000028A6D16B79A979EA79DBF80C0028605A
:1027100004330B4413440344CBF80C306A79AC798E
:10272000E879DBF818100432224402440A44CBF85A
:1027300018202A7902F07002202A7FF41FAF059832
:10274000069C81682268914208D0C0686468A042F3
:1027500004D0A14202D082427FF410AF012307933C
:10276000079811B0BDE8F08F6FF033030793079817
:1027700011B0BDE8F08F5A46D3469246AEE700232B
:10278000079371E707906FE72DE9F04FA3B001239E
:102790000691002417A90BAACDE90B438346FFF746
:1027A000C7FC079000287DD1209B01337AD0219B64
:1027B000013377D020AA17A95846FFF7B9FC0028A3
:1027C0006FD11A9CDA461F9A22F00043043B04F1B1
:1027D0000C018B4228BF0AF1140B80F09380002A71
:1027E00080F28B800AF1140BDDE9202300250D9285
:1027F0000E93A8464FF010090DAB594653F82560CB
:10280000CDF8049013AB0093324600235046FFF7F7
:10281000ABFB00283FD1B8F1000F04D0139B1E9AE8
:102820009B1A002B57DB149B23F00043132B52D928
:10283000DAF80020D26993424DD822AB4FF0FF3135
:1028400043F8601D102213A91846039304F046FBB9
:10285000149F27F00042102A2AD0CDE904851024C5
:102860000DF127071546DDF80C8004E0404604F022
:1028700035FBA5421AD00123CDE900733246234629
:1028800059465046FFF770FB012239461444002890
:10289000ECD0DDE9048510F1340F1CD0831CD34645
:1028A00082D00790079823B0BDE8F08FDDE904855A
:1028B0000A9B6C1C7BB913AB0FCB22AF04F0010455
:1028C00007EB840407E90F0054F8543C1896CDE94F
:1028D00019394FF001089DB1B8F1000F41D01F998F
:1028E0001D9A21F00043043B143210241B2B1D922F
:1028F0001A9407D80029FFF677AFD3460F9453E711
:10290000012579E710A80C25CDE90005189A234682
:1029100059465046FFF728FB0028BFD19DF84120BB
:102920009DF842509DF843001A9C1D999DF9403036
:102930000F9404322A4402441444002B0A441A948B
:102940001D92FFF640AF0822069911A805F09EFAE5
:1029500000287FF438AF01230793079823B0BDE820
:10296000F08F6FF033030793079823B0BDE8F08F23
:102970002DE9F04F97B01C460C9340F62203824697
:102980002468536010460892DAE90123D3460A947A
:102990008260C3608A460A9DBF49284606F0A3F9B3
:1029A0002B4603440446BC490993184606F058F9DF
:1029B0000128079000F07281022800F07881099BBD
:1029C000079A9D18CDE90A550124B349284606F017
:1029D0008AF905442846B04906F042F978B1022840
:1029E00002D001340544F0E72B782E2BF9D16B7817
:1029F0002E2BF6D1013CF5D1AB1C0A93CBE7099BFA
:102A00001878002800F088800C9A1360089A1379CF
:102A1000222B40F05B8102F108031A4651465846CA
:102A20000D93FFF785FB002876D15246DAF80C307B
:102A3000DA469346DBF8201021F00042043A03F115
:102A40000C00824228BF0AF1140980F0A4800029FA
:102A500080F294800AF1140912ABD0460393CA465F
:102A6000DBE9092300255F4610921193A946AB4686
:102A700010AB514653F82B5010230193039B009346
:102A80002A4600234046FFF76FFA002841D1B9F1EA
:102A9000000F04D0129BFA699B1A002B58DB139B82
:102AA00023F00043132B53D9D8F80020D269934266
:102AB0004ED816AB4FF0FF3143F81C1D10221846BC
:102AC0000399049304F00AFA139B23F00042102A9E
:102AD00027D0CDF81490CDF818B010240DF13B0696
:102AE0009146DDF810B004E0584604F0F7F9A1452E
:102AF00015D00123CDE900632A46234651464046BE
:102B0000FFF732FA0122314614440028ECD0DDE907
:102B1000059B10F1340F1BD017B0BDE8F08FDDE935
:102B2000059B0F9B0BF1010493B9039B7D600FCBB9
:102B300004F0010416AE06EB8404102554F8184C7A
:102B4000BC6007F11C04FD6084E80F004FF0010930
:102B5000BBF1000F19D0BB46B9F1000F76D0396A2E
:102B6000BA6921F00043043B143210201B2BBA61D8
:102B7000F8600DD80029FFF673AF0346089A6FF08E
:102B80000100136017B0BDE8F08F4FF0010B6FE745
:102B9000D1460346C246089FDBF804200C20391DAD
:102BA000CDE9001049465046FFF7DEF90028B3D1C1
:102BB0007B79BA79F879DBF80C403C600433134434
:102BC00003442344CBF80C307D79B879FE79DBF8E7
:102BD00018102A1D024432440A44CBF818203A79CE
:102BE00002F07F01112902D022297FF423AF079937
:102BF0008E427FF41FAF04342C440444DBF804609D
:102C000000295FD0099DCDF80CB012AB641B0127E1
:102C1000DDF82CB0984607E015F8013B9DF84820F8
:102C20009A4216D15D4519D0CDE900876319324625
:102C300049465046FFF798F90028EDD0D346DDF815
:102C40000CA0FFF669AF089B1A790CE06FF0330017
:102C500062E7DDF80CB0DBF80C30EBE6089BD346FE
:102C60001A79DDF80CA013067FF595AEDBF8043079
:102C700001330BD0DBF80830013307D00D995846EB
:102C8000FFF782FD002824D1089B1A79089B02F0E7
:102C90007F021A717FE600BFB0B503002B5D2E2BBB
:102CA0007FF48DAE099B079A13440A9373E6099B40
:102CB0001B782E2B7FF483AE099B5B782E2B7FF441
:102CC0007EAEEFE75B46D3469A46CCE76FF0130043
:102CD00022E7FFF621AF6FF001001DE72DE9F04F6D
:102CE0004468013493B000F08B80846801348246DC
:102CF00000F0868090468946002101230A910AAAA5
:102D000041460B93FFF714FA00287AD143460AF1A3
:102D1000140BC8469946D9F82430581C70D0D9F8FD
:102D20002820511C6CD0D8F8001099426CD0D8F8EB
:102D30000400904268D0834266D0914264D0CDE9CD
:102D40000C32002503950EAFCDF810800CAB594620
:102D500053F825601023CDE9007332460023504616
:102D6000FFF702F9002840D1039B2BB10E9BD9F845
:102D70001C209B1A002B3BDB0F9B23F00043132BE3
:102D800036D9DAF80020D269934231D812AB4FF02D
:102D9000FF3143F8241D102218463946059304F0EC
:102DA0009DF80F9B23F00042102A33D00695CDF8F2
:102DB0001C9010240DF123081546DDF8149004E052
:102DC000484604F08BF8A54222D00123CDE90083C8
:102DD0003246234659465046FFF7C6F8012241467F
:102DE00014440028ECD0DDE9065910F1340F08D165
:102DF00065B3DDE90338002B8DD16FF0330000E0BF
:102E0000002013B0BDE8F08F012013B0BDE8F08FB3
:102E1000DDE90659099B6C1C002BE9D197E80F00EE
:102E200004F001040DF1480C0CEB8404C9F80460B3
:102E300054F8184CC9F80840102609F11C04C9F8C8
:102E40000C6084E80F0001230393D1E701257DE79F
:102E50002DE9F04F4FF0010BA1B081468A464FF0AB
:102E60000008D9E90C52D9F8384013E05109531C35
:102E7000601ED9F83C60C9F83430C9F8380056F8FB
:102E8000217002F01F010BFA01F1394200F071814B
:102E900004461A469542E9D1002C00F01383D9F874
:102EA0000020D9F82C30D9F83C00D2E908121D4492
:102EB000944228BF1446B5FBF1F301FB1355C9F842
:102EC0003480C9F83040D208C9F82C50002105F0F0
:102ED00010F8D9F804300133C3D0D9F808300133E1
:102EE000BFD015AA01230592524609F11407CA461C
:102EF000CDF834800E9300249146DAF80060DAF8B9
:102F00002C20316ADAF830508A1A1444B4FBF1F0FC
:102F100001FB1040A84212D2DAF83C10440900F03C
:102F20001F0351F824200BFA03F3134341F8243014
:102F3000316ADAF82C200E9BDAF830508A1A1A44DB
:102F4000B2FBF1F301FB1322AA420BD25409DAF8C7
:102F50003C0002F01F0250F824100BFA02F30B435E
:102F600040F824300DAA05995046FFF7E1F80028F3
:102F700040F0BA81CDF81C900C26B946189B12ACD3
:102F80001CE0169ACDE9004649465046FEF7ECFF94
:102F9000002840F0A9819DF849309DF84A209DF80D
:102FA0004B001899043313449DF84820034402F061
:102FB00070020B44102A189300F089821D9A22F0A7
:102FC0000042043A03F10C019142DAD9DDE91E43D3
:102FD000601C4F46CDE90D43DDF81C9001D0591C13
:102FE0008BD14B46D1469A46D9F80C50002D3FF470
:102FF00038AFCDF824A0AA46DAF81C30DA0340F145
:103000009C81DAF81440002C00F09781D9F8001068
:10301000CD69013C083DB4FBF5F3069353B1581E4E
:10302000059104F015FD05990230A4EB8004B4FB72
:10303000F5F30693DAF810300593D9F82C400B6AB3
:10304000D9F83000059A1A44141BB4FBF3F203FBC1
:10305000124383420BD25C09D9F83C0003F01F03F2
:1030600050F824200BFA03F3134340F82430069B56
:10307000002B00F0608103F00103C3F102030A6A30
:1030800007939D00059B934280F012810FAF0024AF
:1030900008461A4620E0D9F81430059A46699A4243
:1030A00000F0CF82B4FBF6F2436806FB12429C4666
:1030B000002A00F0EC820599D9F81C30C9F81410E8
:1030C000A21AC9F8182000966646B047002840F0BA
:1030D0000B81D9F80000059ADAF82C309A42DAD13F
:1030E000DAF83020A242D6D883691344A342D2D959
:1030F0001B1BDAF83410AB4228BF2B46A21A11442E
:103100001E461A463846AD1A04F0CFFE3444374402
:10311000D9F80000002DDED1079B5D1E012D014670
:10312000036AD9E90B4019D10F9A121BD618B6FBC6
:10313000F3F203FB1262824210D25409D9F83C0028
:1031400002F01F0350F8242005FA03F3134340F85C
:103150002430D9F82C400B6AD9F8300020AA02EBB1
:103160008505DDE90626921B069255F8442C05924A
:1031700069E7D9F80000D9F82C10076A0A44AB4275
:10318000B2FBF7F107FB112206921BD0590903F09D
:103190001F0256F82110012707FA02F20A4211D045
:1031A000023C0AE0590903F01F0256F821100BFAFD
:1031B00002F20A4204F1FF3404D00133AB42C9E900
:1031C0000D34EFD1C368069998470346079038B18C
:1031D00013F1340F3FF443AE184621B0BDE8F08F31
:1031E000DAF82830D9F80000002B00F08180DAF8F6
:1031F0002440036A09F114029C42089258D215AB8C
:103200000593079F09F1200309933D46DDF81480DB
:1032100017E0D9F8143041699C424FD0B5FBF1F268
:1032200001FB1252002A54D0D9F81C300091AA1A7E
:10323000C9E9054246682146B047002854D1D9F86B
:103240000000DAF82C309C42E3D1DAF83030AB429F
:10325000DFD886691E44AE42DBD9DAF83410761B1B
:10326000012E28BF0126EB1A324640461944354448
:10327000B044C6F1010604F018FE002EDFD1012390
:103280000293059BDDE90821CDE900734846069BC2
:10329000FEF7DCFF002849D1DAF82830D9F8000021
:1032A0000137BB4224D9DAF82440036A9C42ACD3EC
:1032B000AC4BAD4AAD48122104F046FDD9F81830A8
:1032C000AB42ABD85E18AE42A8D9761BD9F81C1019
:1032D000C6E70129A8D801230093214643462A4680
:1032E0004468A0470028CAD0079021B0BDE8F08FFD
:1032F0008269D9F82810DAF8340004F0D6FDD9E94B
:103300000813D9F80020D9F828009269CAE90B13EC
:10331000FF2104F0EEFD4FF0FF33C9F8203007988D
:10332000069BCAF8243021B0BDE8F08F10F1340FAD
:103330003FF495ADD8E7DAF81C309B0340F1B98033
:10334000DAF82040002C00F0B480D9F80010CD69E4
:10335000013C083DB4FBF5F3069353B1581E0591AB
:1033600004F076FB05990230A4EB8004B4FBF5F37E
:103370000693DAF824300593D9F82C400B6AD9F873
:103380003000059A1A44141BB4FBF3F203FB1243FA
:1033900083420BD25C09D9F83C0003F01F0350F8BC
:1033A00024200BFA03F3134340F82430069B002B30
:1033B0007FD003F00103C3F102030A6A07939D0063
:1033C000059B9342BFF474AF0FAF002408461A4622
:1033D00020E0D9F81430059A46699A4200F04481F9
:1033E000B4FBF6F2436806FB12429C46002A00F04A
:1033F00064810599D9F81C30C9F81410A21AC9F8CB
:10340000182000966646B04700287FF46DAFD9F8C3
:103410000000059ADAF82C309A42DAD1DAF8302036
:10342000A242D6D883691344A342D2D91B1BDAF82F
:103430003410AB4228BF2B46A21A11441E461A462E
:103440003846AD1A04F031FD34443744D9F8000051
:10345000002DDED1079BD9F82C405D1E012D0146C1
:10346000036AD9F8300019D10F9A121BD618B6FB8F
:10347000F3F203FB1262824210D25409D9F83C00E5
:1034800002F01F0350F8242005FA03F3134340F819
:103490002430D9F82C400B6AD9F8300020AA02EB6E
:1034A0008505DDE90626921B069255F8442C059207
:1034B00068E7DAF800A0BAF1000F7FF49DADDDF8FF
:1034C00024A0CEE46FF01B030793184685E6149CF6
:1034D000002C3FF454ADDAF80010CD69013C083DF2
:1034E000B4FBF5F3089353B1581E069104F0B0FAFB
:1034F0000699831CA4EB8303B3FBF5F30893139B9A
:103500000693DAF82C500B6ADAF83040069ACDF8B8
:103510002C9008461A44551BB5FBF3F203FB1253DB
:10352000A3420BD25C09DAF83C1003F01F0351F8F8
:1035300024200BFA03F3134341F82430089B002B9B
:1035400000F0E78003F00103C3F10203026A09936C
:103550009C00069B9342BFF4ABAE0DF13C090025E5
:1035600020E000BF5CB60300D8B503007CB60300C2
:103570004368B5FBF1F201FB12529C46002A00F0B1
:10358000B280069FCAF81470AA1ADAF81C30CAF87A
:103590001820009139466746B84700287FF4A4AE4A
:1035A000DAF80000DAF81430069A41699A42DFD15D
:1035B000DAF81830AB42DBD85A18AA42D8D9521BD5
:1035C000DAF81C10A242A5EB030328BF22464846A6
:1035D00019441746A41A154404F067FCB944DAF8F4
:1035E0000000002CDED1099BDAF82C50DAF83040CC
:1035F000591E0129036A19D10F9A521B1A44B2FBB2
:10360000F3F703FB1722A24210D2DAF83C50570915
:1036100002F01F0355F8274001FA03F3234345F84E
:103620002730DAF82C50036ADAF8304020AA02EB8F
:103630008101DDE90827D21B089251F8442C06923B
:1036400068E7D9F81830A3423FF62CAD9A19A24288
:103650007FF628AD121BD9F81C10AA4228BF2A46B3
:10366000E31A164619444DE5D9F81830A3423FF63F
:10367000B7AE9A19A2427FF6B3AE121BD9F81C104E
:10368000AA4228BF2A46E31A16461944D8E6B5428C
:10369000FFF411ADB5FBF6F306FB1353ED1A0893D7
:1036A00000953B46224605996646B04700287FF4C0
:1036B0001BAE2F442C44089D2AE5B542FFF499AE79
:1036C000B5FBF6F306FB1353ED1A089300953B4642
:1036D000224605996646B04700287FF405AE2F4480
:1036E0002C44089DB2E68C42FFF44BAFB4FBF1F7DB
:1036F00001FB1743E41A0A9300944B462A460699A5
:103700006746B84700287FF4EFADA14425440A9CE2
:1037100065E7DDF82C9031E42DE9F04FD0E90C633A
:10372000A1B04FF0010901F1040801F10C020446B7
:103730000392CA460491C3464FF000082746B96B6E
:103740000FE05A090139581CFD6BB963786355F8CD
:10375000224003F01F0209FA02F2224200F06581C2
:1037600003469E42EDD1002900F0BA813A68FB6A17
:10377000D2E908021E44914228BF1146B6FBF0F37D
:1037800000FB13663963C7F83480D208FE6200215B
:10379000F86B04F0AEFB7B68013300F09881BB68E6
:1037A000013300F09481CDE90D8A07F11406CDF8BC
:1037B00014B001230024B3463E68FA6A306A3D6BB8
:1037C000821A1444B4FBF0F100FB1141A9420FD25C
:1037D000F86B4C0901F01F0350F8242009FA03F399
:1037E000134340F82430FA6A306A0E9B3D6B821A0C
:1037F0001A44B2FBF0F300FB1323AB420AD2580980
:10380000F96B03F01F0351F8202009FA03F3134367
:1038100041F820300DAA15A93846FEF789FC00288A
:1038200040F050815B460C26BB461F46189B12ACED
:103830001CE0169ACDE9004639465846FEF794FB3F
:10384000002840F03F819DF849309DF84A209DF8BE
:103850004B001899043313449DF84820034402F0A8
:1038600070020B44102A189300F03D811D9A22F03B
:103870000042043A03F10C019142DAD93B465F461B
:103880009B46DDE91E43601CCDE90D4301D0591C68
:1038900092D1FD68DDF814B0002D00F01881CDF84C
:1038A00028B0AB460CE09B0304D5DBF82040002C8D
:1038B00040F0F681DBF800B0BBF1000F00F00581AD
:1038C000DBF81C30DA03EED5DBF81440002CEAD02C
:1038D0003B68DD69013C083DB4FBF5F2079252B14B
:1038E000501E059304F0B4F80230A4EB8004B4FB3E
:1038F000F5F30793059BDBF810200592FC6A1A6A22
:10390000386B0599CDF818B011440C1BB4FBF2F1DB
:1039100002FB114282420AD25409F86B02F01F02E4
:1039200050F8241009FA02F20A4340F82420079ABA
:10393000002A00F0A28202F00102C2F10202196A1A
:1039400008929500059A8A4280F09F820DF13C0B07
:103950000024069A0599D26A914222D07A69059884
:103960005969904200F07181B4FBF1F2586801FB93
:1039700012428446002A00F07B81FE690598786136
:10398000A21ABA6118460091334605996646B047B7
:10399000002840F09780069A0599D26A3B689142C8
:1039A000DCD1069A106BA042D8D89A690244A24290
:1039B000D4D90993069B121B596BAA4228BF2A46E9
:1039C000201A164601445846AD1A04F06EFA099BB7
:1039D0003444B344002DBCD1089A551E012DD7E9BB
:1039E0000B401A6A16D10F99091B1144B1FBF2F66C
:1039F00002FB161181420DD2FC6B4E0901F01F0231
:103A000054F8260005FA02F2024344F82620D7E9CA
:103A10000B401A6A20A901EB8505DDE90716891B11
:103A2000079155F8441C05916EE73968FA6A096AEE
:103A30001344B3FBF1F201FB12334BF8043BD7E91B
:103A40000C63B3423C461BD0590903F01F0255F8E2
:103A500021100AFA02F20A4212D0B86B01380AE0C9
:103A6000590903F01F0255F8211009FA02F20A421F
:103A700000F1FF3004D00133B342C4E90D30EFD17F
:103A8000039A5A457FF458AEDDF810B004210BF1CB
:103A90001C03DBF804202046CDE90031002304F1AB
:103AA0001401FEF761FAA8B9DBF81C304FF0FF32C1
:103AB000CBE90922142001331021CBE90730CBF8E0
:103AC0000C10002021B0BDE8F08FDDF828B0D7E958
:103AD0000C6334E610F1340FE6D021B0BDE8F08F6E
:103AE0006FF01B00EEE7149C002C3FF4A0AEDBF857
:103AF0000010CD69013C083DB4FBF5F3089353B1C8
:103B0000581E069103F0A4FF0699831CA4EB8303BF
:103B1000B3FBF5F30893139B0693DBF82C500B6A69
:103B2000DBF83040069A0B9708461A44551BB5FB44
:103B3000F3F203FB1253A3420BD25C09DBF83C10F7
:103B400003F01F0351F8242009FA03F3134341F84B
:103B50002430089B002B00F08E8103F00103C3F199
:103B60000203026A09939D00069B934280F08D81B7
:103B70000FAB0793002718E04368B7FBF1F201FB96
:103B800012729C46002A00F05E81069CCBF814401D
:103B9000BA1ADBF81C30CBF8182000912146644695
:103BA000A04700288ED1DBF80000DBF81430069A1D
:103BB00041699A42E0D1DBF81830BB42DCD85A1890
:103BC000BA42D9D9D21BDBF81C100798FB1AAA42BB
:103BD00028BF2A4619441446AD1A174404F065F963
:103BE000079B23440793DBF80000002DDDD1099BE0
:103BF000DBF82C50DBF83040591E0129036A19D13B
:103C00000F9A521BD718B7FBF3F203FB1272A242B2
:103C100010D25509DBF83C4002F01F0254F8253061
:103C200001FA02F2134344F82530DBF82C50036A02
:103C3000DBF8304020AA02EB8101DDE90827D21B26
:103C4000089251F8442C06926FE7BA69A2423FF6F7
:103C50008BAE5018A0427FF687AE001BF96909931E
:103C6000A84228BF2846A21A114406460246AAE6E0
:103C70008D42FFF482AEB5FBF1F601FB1652AD1A90
:103C80000992184600955B46224605996646B0475C
:103C900000287FF417AFAB442C443B68099D99E69C
:103CA0003B68DD69013C083DB4FBF5F2069252B178
:103CB000501E059303F0CCFE0230A4EB8004B4FB4D
:103CC000F5F30693059BDBF824200592FC6A1A6A3B
:103CD000386B0599CDF81CB011440C1BB4FBF2F104
:103CE00002FB114282420AD25409F86B02F01F0211
:103CF00050F8241009FA02F20A4340F82420069AE8
:103D0000002A00F0BF8002F00102C2F10202196A2B
:103D100008929500059A8A4280F0B7800DF13C0B1D
:103D20000024079A0599D26A914220D07A690598B1
:103D3000596990425FD0B4FBF1F2586801FB12421E
:103D40008446002A68D0FE6905987861A21ABA6193
:103D500018460091334605996646B04700287FF41F
:103D6000B1AE079A0599D26A3B689142DED1079AB3
:103D7000106BA042DAD89A690244A242D6D90993BC
:103D8000079B121B596BAA4228BF2A46201A1646C7
:103D900001445846AD1A04F088F8099B3444B344F2
:103DA000002DBED1089A551E012DD7E90B401A6A85
:103DB00016D10F99091B1144B1FBF2F602FB161143
:103DC00081420DD2FC6B4E0901F01F0254F826000F
:103DD00005FA02F2024344F82620D7E90B401A6A9A
:103DE000089E20A901EB85050699891B069155F8C7
:103DF000441C059170E7BA69A2429CD85018A042B1
:103E000099D9001BF9690993A84228BF2846A21A2C
:103E1000114406460246BCE78D4294D3B5FBF1F649
:103E200001FB1652AD1A0992184600955B462246D0
:103E300005996646B04700287FF444AEAB442C4455
:103E40003B68099DACE78D42FFF49FAEB5FBF1F4F2
:103E500001FB1453ED1A0A930095079B06993A4605
:103E60006446A04700287FF42DAE079B2B442F44C7
:103E700007930A9DB7E60B9FD8E4DDF818B0DBF88E
:103E80001C3010E5DDF81CB014E5034B034A044870
:103E9000122103F059FF00BF5CB60300D8B5030040
:103EA0007CB603002DE9F04F95B014AB054643F8FE
:103EB000342DD0E90162C1E901620CAA0C46FEF77B
:103EC00057FD834600285FD19DF83430222B40F007
:103ED0008E80DDE90E23CDE90A2305F11408814621
:103EE00002900DF1400A03900AAB414653F8297045
:103EF0001023CDE900A33A4600232846FEF734F804
:103F000000283DD1029B23B1109BE2699B1A002B34
:103F100058DB119B23F00043132B53D92A68D26935
:103F200093424FD814AB4FF0FF3143F82C1D1022B1
:103F300018465146049302F0D1FF119B23F0004232
:103F4000102A27D0CDE9059410260DF1230B144635
:103F5000DDF8109004E0484602F0C0FFB44217D0EC
:103F60000123CDE900B33A46334641462846FDF7E2
:103F7000FBFF0122594616440028ECD0DDE90594E8
:103F800010F1340F1ED08346584615B0BDE8F08FAF
:103F9000DDE90594099B09F101069BB99AE80F0038
:103FA00006F001060DF1500C0CEB8606676056F822
:103FB000286CA660102704F11C06E76086E80F0055
:103FC00001230293B9F1000F14D0DDE9023BA3B144
:103FD000D4E901122B69216162610E211022584639
:103FE000A161E26023602C6115B0BDE8F08F6FF035
:103FF000130BC9E74FF0010976E76FF0330BC3E706
:10400000026942B18A4203D107E0994207D01A46B9
:104010001368002BF9D10020704700F110020B68E3
:1040200013600020704700BF2DE9F04F93B0134696
:104030008946029282464C221846002103F059FF1D
:10404000D9F818300E2B00F01E810F2B00F02881BC
:10405000D9F80C30CB46DBF8201021F00042043AAE
:1040600003F10C00904298BF0AF1140940F2A080BD
:10407000002980F294800AF11409D046CA46DBE98F
:104080000923002508920993A94608AB514653F825
:104090002560102301930EAB009332460023404667
:1040A000FDF762FF002840D1B9F1000F05D00E9B4B
:1040B000DBF81C209B1A002B5ADB0F9B23F00043DC
:1040C000132B55D9D8F80020D269934250D812AB9F
:1040D0004FF0FF3143F82C1D10220EA91846039310
:1040E00002F0FCFE0F9F27F00042102A27D0CDE9F6
:1040F000049510240DF11B071546DDF80C9004E023
:10410000484602F0EBFEA54217D00123CDE900732B
:104110003246234651464046FDF726FF01223946E6
:1041200014440028ECD0DDE9049510F1340F1FD0C1
:10413000831C34D013B0BDE8F08FDDE90495079BF4
:104140006C1CABB90EAB0FCB04F0010412AF07EB44
:104150008404CBF8046054F8284CCBF808401026AF
:104160000BF11C04CBF80C6084E80F004FF0010940
:10417000CDB1B9F1000F00F0A480DBF82010DBF81E
:10418000182021F00043043B143210201B2BCBF8E5
:104190001820CBF80C0008D80029FFF670AF0020DB
:1041A00013B0BDE8F08F01256FE7D1460346C24644
:1041B0000C200BA9DBF80420CDE90010494650463D
:1041C000FDF7D2FE0028B3D19DF82D509DF82E406A
:1041D0009DF82F60DBF80C00DBF818109DF82C70B0
:1041E0000A902A1D2244324483180A4407F07F01B2
:1041F0001129CBF80C30CBF8182002D022297FF4FB
:104200002AAF3A0660D5DAF80430013334D0DAF850
:104210000830013330D00CA95046FEF7B5FA00281B
:1042200088DB2DD19DF82C100A989DF82D509DF813
:104230002E409DF82F605B4601F07F01CB469946EA
:104240008DF82C10029B1129197002D11A460D9B72
:1042500053600299D9F804200196031D2B440831BC
:104260000091234459465046FDF77EFE002808BFC2
:10427000012013B0BDE8F08F5B46CB469946DFE7DF
:10428000DBF80C30E7E6134A029912880A812223F0
:104290000B70D9F818300133C9F81830012049E7FC
:1042A00002980D4A0346222103F8081B11889278D0
:1042B00001819A70D9F818300133C9F818300120FB
:1042C00038E76FF0330035E75B463946CB46994611
:1042D000B8E700BFA8B50300ACB503002DE9F04F67
:1042E000A9B00992CA690A9302F00304012C00F0F4
:1042F000268454038A46834602F4003300F1E882A0
:10430000100507D5DAF81420DAF82010914238BFEA
:10431000CAF82020002B00F0E5820A9B1846002BEB
:1043200000F0F1810AF12C0305930A9B0B93D04610
:104330004FF00109DA46D8F81C30990300F19F814B
:10434000D8F82010002940F0F482D3465BF8143BE3
:104350001D6ACAF83850D8E90823CDF83080069293
:104360001493D0464FF0000AD8E90C1413E0620908
:10437000631C681ED8F83C60C8F83430C8F83800B0
:1043800056F8227004F01F0209FA02F23A4200F0D5
:10439000C18105461C46A142E9D1002D00F0F18201
:1043A000D8F80020D8F82C30D2E9080219449542F8
:1043B00028BF1546B1FBF0F300FB1311C8F82C1011
:1043C000C8F834A0C8F83050D2080021D8F83C0012
:1043D00003F08FFDD8F80430013300F02082D8F8C4
:1043E0000830013300F01B8201231DADCDF854A02D
:1043F000169300240C272E46D8F800C0D8F82C209D
:10440000DCF82000D8F83050821A1444B4FBF0F1E4
:1044100000FB1141A94213D2D8F83C004C0901F02D
:104420001F0350F8242009FA03F3134340F8243003
:10443000DCF82000D8F82C20169BD8F83050821ACF
:104440001A44B2FBF0F300FB1323AB420BD2580922
:10445000D8F83C1003F01F0351F8202009FA03F3A9
:10446000134341F8203015AA31464046FDF760FE5F
:10447000002840F0BD811AAC0D96209B1CE01E9ACE
:10448000CDE9004759464046FDF76EFD002840F053
:10449000AF819DF869309DF86A209DF86B002099E6
:1044A000043313449DF86820034402F070020B4467
:1044B000102A209300F06A82259A22F00042043AE2
:1044C00003F10C019142DAD9DDE92643621C0D9E0D
:1044D000CDE9154301D05D1C8ED1D8F80C50002DCC
:1044E00000F09D81CDF83CB0AB460CE0990304D5BB
:1044F000DBF82040002C40F03B83DBF800B0BBF140
:10450000000F00F08A81DBF81C30D803EED5DBF811
:104510001440002CEAD0D8F80010CD69013C083DC9
:10452000B4FBF5F3089353B1581E079103F090FACA
:1045300007990230A4EB8004B4FBF5F30893DBF891
:1045400010300793D8F82C400B6AD8F83000079A3F
:104550001A44141BB4FBF3F203FB124383420BD245
:104560005C09D8F83C0003F01F0350F8242009FA36
:1045700003F3134340F82430089B002B00F004841D
:1045800003F00103C3F102030A6A0D939D00079B28
:10459000934280F0F38317AF00240846DBF82C30F9
:1045A000079A9A4224D0D8F81430079A46699A425A
:1045B00000F0AB82B4FBF6F2436806FB12429C4665
:1045C000002A00F0BF820799D8F81C30C8F81410F0
:1045D000A21AC8F8182000966646B047002840F096
:1045E0000781DBF82C30079AD8F800009A42DAD11C
:1045F000DBF83020A242D6D883691344A342D2D933
:104600001B1BDBF83410AB4228BF2B46A21A114407
:104610001E461A463846AD1A03F047FC3444374468
:10462000D8F80000002DB9D10D9B5D1E012D01466B
:10463000036AD8E90B4017D1179A121BD618B6FB9C
:10464000F3F203FB126282420ED25409D8F83C0006
:1046500002F01F0350F8242005FA03F3134340F837
:104660002430D8E90B400B6A0D9E28AA02EB850581
:10467000089A921B089255F8442C079268E7D34693
:10468000D8F828505BF8143BDE69B5423FF460AEC1
:10469000D8F824400B9B059F761B9E4228BF1E46E0
:1046A0002346099C0CE010F1340F40F0368141465E
:1046B0005046FEF7CDFB002840F02F81D8E90935A0
:1046C000CDE9014600955A4639465046FDF7BEFDF4
:1046D0000028E8D1D8F82020D8F82830DAF80010DF
:1046E00032443344096AC8F82020C8F82830099AAF
:1046F0000B9BCAF8381032449B1B09920B937FF432
:104700001AAE0A98C246DAF81C3023F40023CAF81D
:104710001C3075E0D8F80000D8F82C20076A144443
:104720008B42B4FBF7F207FB124420D04FEA531C34
:1047300003F01F0256F82CC04FF0010E0EFA02F2E1
:1047400012EA0C0F13D0023D0CE04FEA531C03F0A9
:104750001F0256F82CC009FA02F212EA0C0F05F1FA
:10476000FF3504D001338B42C8E90D35EDD1012C62
:1047700040F2F282A742C0F0EF82C3682146984718
:10478000002840D1069BD8F80070002B00F0D081A3
:104790001A46FB69561EA3F1080AB6FBFAF5002D6E
:1047A00040D1721C9342069251D01346002A00F069
:1047B000A7819A4600251DAE059F0EE00123CDE995
:1047C0000163009523465A4639464046FDF73EFDB3
:1047D000C8B90135AA4500F0CC800123CDE90063BA
:1047E000149A2B4659464046FDF7BEFB0028E5D0FB
:1047F000DDF830A0DAF81C3043F40023CAF81C308E
:1048000029B0BDE8F08F10F1340FF1D14FF0FF3334
:10481000C8F82030D8F83850A4E5DDF83CB0D8F816
:104820003850A1E5681E069303F012F9851CA6EB2B
:104830008505B5FBFAF5284603F00AF905FB1A666B
:10484000069BA6EB8006721C93420692ADD16E1CAD
:1048500096FAA6F3B3FA83F30793013300250DF11B
:10486000500A08930426AF005A46CDE901A60097E6
:10487000234605994046FDF7E9FC149A0028C2D169
:10488000079BAB4209D0CDE900A63B4659464046BE
:10489000FDF76AFB0028ABD1149A012A40F263822B
:1048A000D8F800703B6A9342C0F05D82089B0135E6
:1048B000AB42D8D8C246DDF830809D00C8E9094532
:1048C000D8F81C30FE6943F40033C8F81C30E1E628
:1048D0004FF0FF3522F48024CD62CC61FBB9120584
:1048E0003FF510ADDAF82040DAF814309C427FF63C
:1048F00014ADCAF82030002501230DF14F025146B6
:1049000058468DF84F50FFF7E9FC0028FFF678AFC6
:10491000DAF820309C42EFD8FFE4C2466AE700F0A4
:1049200043FA00287FF46CAFDAF81C2002F400335D
:10493000E6E4013908F1240008F12804D8E9042349
:104940000091CDE9010405995046FDF76FFB002861
:10495000E3D1DAF80030D8F834009A69D346FF2161
:1049600003F0C7FA4FF0FF325BF8143BC8F82C2075
:10497000EEE4C246DDF83080DAF80070C8E9094597
:104980009EE7DDF830A06FF01B0033E71C9E002E81
:104990003FF492ADD8F80010CD69013E083DB6FB5A
:1049A000F5F30E9353B1581E079103F051F8079990
:1049B000831CA6EB8303B3FBF5F30E931B9B0793BA
:1049C000D8F82CC0D8F83050079A0B6ACDF844B00C
:1049D000084661461A44511AB1FBF3F203FB121365
:1049E000AB420BD25D09D8F83C1003F01F0351F81D
:1049F000252009FA03F3134341F825300E9B002BC1
:104A000000F0B88103F00103C3F10203026A0F93BF
:104A10009E00079B934280F0B18117AB08934FF043
:104A2000000B1AE04368BBFBF1F201FB12B29C469B
:104A3000002A00F07981079DC8F81450ABEB020200
:104A4000D8F81C30C8F81820009129466546A847B8
:104A500000287FF4CDAED8F80000D8F81430079ABB
:104A600041699A42DED1D8F818305B45DAD85A1835
:104A70005A45D7D9A2EB0B02D8F81C100898ABEB1B
:104A80000303B24228BF324619441546B61A93446E
:104A900003F00BFA089B2B440893D8F80000002E73
:104AA000DBD10F9BD8F82C10D8F830505E1E012EA9
:104AB000036A1AD1179A521A02EB030CBCFBF3F2E9
:104AC00003FB12C2AA4210D25509D8F83C1002F0DA
:104AD0001F0251F8253006FA02F2134341F825303F
:104AE000D8F82C10036AD8F8305028AA02EB860CAC
:104AF000DDE90E26921B0E925CF8442C079269E7C2
:104B0000C2461546DDF8308038E7D8F81830A342A1
:104B10003FF650AD9A19A2427FF64CAD121BD8F861
:104B20001C10AA4228BF2A46E31A1646194471E50A
:104B3000C246DDF830801D46C8E90943C0E66FF083
:104B400008005DE6B542FFF43EADB5FBF6F306FBAB
:104B50001353ED1A0E9300953B462246079966467D
:104B6000B04700287FF444AE2F442C440E9D57E5F7
:104B7000D8F80010CD69013C083DB4FBF5F308936B
:104B800053B1581E079102F063FF07990230A4EB5E
:104B90008004B4FBF5F30893DBF824300793D8F8CE
:104BA0002C400B6AD8F83000079A1A44141BB4FB47
:104BB000F3F203FB124383420BD25C09D8F83C00AA
:104BC00003F01F0350F8242009FA03F3134340F8BD
:104BD0002430089B002B3FF490AC03F00103C3F199
:104BE00002030A6A0D939D00079B934280F0C680E2
:104BF00017AF00240846DBF82C30079A9A4222D0DF
:104C0000D8F81430079A46699A4267D0B4FBF6F296
:104C1000436806FB12429C46002A70D00799D8F8D8
:104C20001C30C8F81410A21AC8F81820009666465E
:104C3000B04700287FF4DCADDBF82C30079AD8F8B9
:104C400000009A42DCD1DBF83020A242D8D8836938
:104C50001344A342D4D91B1BDBF83410AB4228BF4A
:104C60002B46A21A11441E461A463846AD1A03F0C6
:104C70001CF934443744D8F80000002DBBD10D9BFB
:104C8000D8F82C405D1E012D0146036AD8F830008B
:104C900019D1179A121BD618B6FBF3F203FB126256
:104CA000824210D25409D8F83C0002F01F0350F899
:104CB000242005FA03F3134340F82430D8F82C409D
:104CC0000B6AD8F830000D9E28AA02EB8505089AD9
:104CD000921B089255F8442C079266E7D8F81830D2
:104CE000A34293D89A19A24290D9121BD8F81C104B
:104CF000AA4228BF2A46E31A16461944B5E7B54228
:104D00008CD3B5FBF6F306FB1353ED1A0E93009507
:104D10003B46224607996646B04700287FF468ADB7
:104D20002F442C440E9DA6E78E42FFF484AEB6FBC2
:104D3000F1F501FB1563F61A10930096089B07998D
:104D40005A466546A84700287FF452AD089B334475
:104D5000B3440893109EA0E60D4B0E4A0E4840F255
:104D60008C4102F0F1FF0D4B0A4A0B4840F2D3414F
:104D700002F0EAFFDDF844B0FFF77FBB084B094AB9
:104D80000548122102F0E0FFDBF81C30FFF7AEBB54
:104D90003CB7030008B603007CB60300F0B603007E
:104DA0005CB60300D8B503002DE9F04F8A4699B0F0
:104DB000064606F11404DAF8207005942C2200212E
:104DC0000AA8079703F095F894E807004FF0FF351D
:104DD000DAE904340DF154097561DAF820500E93C4
:104DE00089E80700DAF81410129701238D420F9416
:104DF00011936DD29F033BD4129A0F9B9A4247D2D4
:104E00000DF127080DF14C0B1BE03368149DDF6991
:104E1000BD421BD07C1B012C28BF0124CDF8008093
:104E2000139A01942B4649463046FDF79DF8A0445D
:104E300060BB129A149B2244AF421C4412921494F9
:104E400026D1119B5C0349463046DED4DDE90E4392
:104E500014AD0092CDE901B52246FDF7E7F8A8B9F7
:104E6000119B3268149DD76943F480231193D1E7D5
:104E70005D0305D523F480234FF0FF321193159283
:104E80000AA93046FFF790FF0028B5D000281CDBA8
:104E900001230DF1270251463046FFF71FFA002883
:104EA00013DB7369013303D04FF0FF331593736144
:104EB000DAF82020DAF814309A4209D2119B03F074
:104EC0000302022A96D16FF0080019B0BDE8F08FF6
:104ED0000DF1270B4FF00109DAF82C104B1C4AD0CA
:104EE0003068DAF834308469DAF830200094846865
:104EF000A04720BB3368DAF82C809A69DAE90C7590
:104F0000002A4DD02C46CDF818A015443F1BDDF8E3
:104F100014A007E014F8013B9DF827209A421AD10B
:104F2000AC421BD0CDE900B93B1942465146304650
:104F3000FDF71AF80028EDD0DDF818A032DA10F1EC
:104F4000340FC2D151463046FDF782FF0028C3D04E
:104F500019B0BDE8F08FDDF818A0F3E7DDF818A070
:104F60003368DAF834009A69FF2102F0C2FF4FF08B
:104F7000FF33CAF82C30DAF81C3023F40033DAE9B6
:104F8000082143F48033CAF81C30079BCAF810107C
:104F90000020CAF81420CAF8203019B0BDE8F08FFC
:104FA0002846E1E73368DAF834009A69DCE700BFA5
:104FB0002DE9F04F0D46C969074601F003000228AC
:104FC00087B061D08803904647D42A6A69698A42CB
:104FD0003FD2891A99420E4628BF1E460596002EDA
:104FE0004ED005F12C0905F1280B05F1240A1AE031
:104FF0003C68AB6AE469A3421AD0E41AB44228BF01
:1050000034466A6ACDF80080019449463846FCF778
:10501000ABFFA044F0B92A6AAB6A22442344361B92
:105020002A62AB622CD0EB695B0349463846DFD479
:10503000D5E904430092CDE901AB2246FCF7F6FF27
:1050400040B9EA693968AB6ACC6942F48022EA6106
:10505000D3E7002007B0BDE8F08F4A0305D521F45F
:1050600080214FF0FF32E961EA6229463846059314
:10507000FFF79AFE059B0028A7D007B0BDE8F08F88
:10508000059807B0BDE8F08F6FF00800E2E700BFB9
:1050900070B50C46C96916464A031D4605D521F46C
:1050A00080214FF0FF33E161E3628B0304D5214699
:1050B000FFF77AFE00B170BD15B93046266270BDAB
:1050C000012D03D0022D07D0206A70BD002E206A6A
:1050D0000BDB3044206270BD002E6069F9DA734248
:1050E0008342F6D96FF0150070BD73429842F0D23A
:1050F000F8E700BF086A7047CB6948699B0303D58E
:105100000B6A984238BF1846704700BFF0B595B09B
:1051100014AB154643F8441D05AA09A90646FDF738
:1051200027FC044610B1204615B0F0BD4C220146C4
:10513000284602F0DEFE9DF818302B70112B04BFBC
:10514000089B6B607268079B934205F108071BD0B0
:105150000898B168884217D08B4215D0824213D08C
:1051600005999DF819009DF81A300A9A00970431A4
:1051700001449DF81B0001900B44304606F11401D8
:10518000FCF7F2FE0446CEE7024B1B882B8120463B
:1051900015B0F0BDB0B5030030B58B6A016099B0B1
:1051A0000446002B73D0C361C86A8A69002879D08D
:1051B000A062FF2102F09DFE4FF0FF3321682362C1
:1051C0006361486AC30640F0C480002800F0B380E1
:1051D0000B6B002B6ED0E363D1E90503B3FBF0F258
:1051E00000FB1232002A40F0C280C869B0FBF3F223
:1051F00003FB1203002B40F0B3804FF0FF35A0F10A
:105200000802B5FBF2F22A44B2FA82F2C2F120029D
:10521000B0EB820FC0F096800A6AA263C4E9015520
:10522000C4E90333012584F84030C4E90B336363D8
:1052300002AA0DA92046CDE90235FCF779FF054603
:1052400060B123689A6A002A44D0DA6A002A3CD006
:105250001B6B002B35D0284619B030BD202105AB83
:10526000CDE900310E9A102304F114012046FCF719
:105270007BFE05460028E4D1404B0B9ADDE9060190
:105280009A42C4E901012AD06FF03305D9E7486991
:10529000F9F77EF9E061002833D02168C86A8A698D
:1052A000002885D11046F9F773F9A06248B3236846
:1052B0009A697EE7C008F9F76BF9E06308B32168E3
:1052C0008AE7E06BF9F776F9C5E7A06AF9F772F9B2
:1052D0002368BDE7E069F9F76DF92368B5E70C9A33
:1052E000A3F18773A3F580639A42CDD10A9B1A0C70
:1052F000012A02D06FF01505A3E79BB2012BF9D864
:10530000A9E723689A6A8AB1DA6A52B11B6B13B1B2
:105310006FF00B059FE7E06BF9F74CF96FF00B05A9
:1053200099E7A06AF9F746F92368EFE7E069F9F72A
:1053300041F92368E8E7124B124A134840F614017A
:1053400002F002FD114B0F4A0F4840F6240102F013
:10535000FBFC0F4B0B4A0C4840F6130102F0F4FC27
:105360000C4B084A08484FF4026102F0EDFC0A4B6E
:10537000044A054840F61F0102F0E6FC6C697474AB
:105380008CB7030034B603007CB6030004B80300F6
:105390006CB70300D4B70300A4B7030003689A6A8C
:1053A00010B5044652B1DA6A7AB11B6B0BB100201A
:1053B00010BDE06BF9F7FEF8002010BDC069F9F7E9
:1053C000F9F82368DA6A002AEFD1A06AF9F7F2F84F
:1053D0002368EAE742680121013280F8401004D0D6
:1053E0008368013301D001F09BB80020704700BFF3
:1053F0002DE9F04F88468246C869D1E90141A9B03C
:105400000130C8F804100792C8F81C00C8F808401A
:1054100004937BB11E465068D3681546D8F8202007
:105420001B1A022E134403D1E8696A6903449B1ACC
:10543000C8F82030DAF8000000230693CDE90D14F7
:10544000C3689847D1460546002800F0798115F1D8
:10545000340F40F037810D9B4FF0FF32C9F8202008
:10546000002B00F04482012B0E9A00F04082012AAA
:1054700040F23D820127BB464FF0000AD9E90C53A8
:10548000D9F8381012E05A090139581CD9F83C40B3
:10549000C9F83810C9F8340054F8226003F01F022C
:1054A00007FA02F2324200F0118103469D42EAD12E
:1054B000002900F02282D9F80020D9F82C30D2E956
:1054C00008021D44914228BF1146B5FBF0F300FBD2
:1054D0001355C9F83010C9F834A0D208C9F82C50B7
:1054E0000021D9F83C0002F004FDD9F80430013362
:1054F000C4D0D9F808300133C0D0012309F1140514
:10550000CDF80C80CDF83CA010930024A846D9F823
:105510000060D9F82C20306AD9F83050821A14442F
:10552000B4FBF0F100FB1141A94212D2D9F83C00C2
:105530004C0901F01F0350F8242007FA03F313432A
:1055400040F82430306AD9F82C20109BD9F830501C
:10555000821A1A44B2FBF0F300FB1323AB420BD2C6
:105560005809D9F83C1003F01F0351F8202007FA1E
:1055700003F3134341F820300FAA1DA94846FCF756
:10558000D7FD002840F09D800C26209B16AC1CE027
:105590001E9ACDE9004641464846FCF7E5FC002846
:1055A00040F08F809DF859309DF85A209DF85B009F
:1055B0002099043313449DF85820034402F07002EC
:1055C0000B44102A209300F0A081259A22F000427B
:1055D000043A03F10C019142DAD9DDE92643601C5B
:1055E000CDE90F4301D0591C91D1D9F80C40DDF819
:1055F0000C80002C3FF442AFCDF82880C846A1466D
:10560000D9F81C30DA0304D5D9F81440002C40F046
:1056100037829B0304D5D9F82040002C40F0EC825F
:10562000D9F80090B9F1000FEAD1C146DDF8288021
:1056300024E7DAF80430013300F04984DAF808305E
:1056400001331DAC0DAE00F044842246314611AB4F
:105650005046FCF773FF002833DB00F03A84D8E9AA
:105660000103119E159621460C360C2413909DF8CB
:105670004B001996149312AE169418941A900024A5
:105680001C904A460123504617961B94FFF7B0FE24
:10569000B8B90D98DAF80420904200F00E840E9B01
:1056A000DAF808108B4200F00884884200F0058484
:1056B0009A4200F002845046FFF78CFE002800F06A
:1056C00088830546284629B0BDE8F08FD9F8000048
:1056D000D9F82C20016A1344B3FBF1F201FB12311B
:1056E000C8F80410D9E90C329A4221D0560902F0C8
:1056F0001F0554F826600BFA05F5354218D0D9F885
:10570000385005F1FF3C654601279C462B460AE0D0
:10571000560902F01F0554F8266007FA05F53542D0
:1057200003F1FF3304D001326245C9E90D23EFD103
:1057300001230693C3689847054600287FF487AE87
:105740000DF1A00A4FF0FF334AF84C3D08F11C045C
:1057500021465046102201F0C1FBD8F804200094E5
:1057600009F1200310241946039301942B4648465F
:10577000FCF75EFE834628B110F1340F3FF46BAEA8
:1057800005469FE709F11403264605930127D8F83B
:10579000203023F00043043BA34232D9049B9B45B5
:1057A00007DA4FEA0B13079AD518D358B34200F023
:1057B00086801DAB00930E9A0197334605994846A3
:1057C000FCF7D2FB00287FF47CAF01221DA95046D4
:1057D00001F084FB1DABD8F80420039900930197D6
:1057E00023464846FCF724FE002840F08C80D8F879
:1057F000203023F000430134043BA34206F10106AC
:10580000CCD80420D8F8042003990190CDF800A04A
:1058100023464846FCF70CFE054600287FF417AEE9
:10582000D9F82010D9F800004FF0FF339942C9F899
:10583000143017D08469D9E9092300948468A047FB
:10584000054600287FF403AED9F80030D9F82800C7
:105850009A69FF2102F04DFB4FF0FF33D9F80000A9
:10586000C9F8203003699847054600287FF4EFAD5A
:10587000D8F820704FF0FF3327F000471D93043F06
:10588000D8F80430039309F1140B00F09682064611
:1058900011AC08E00136012221461DA801F01EFBD3
:1058A000B74200F08A820123CDE90043039A3346D0
:1058B00059464846FCF758FB0028EBD001E7D5E9EC
:1058C0000212504601F00AFBD5E90231D8F8042053
:1058D0004846CDE9003123460399FCF7A9FD90B96C
:1058E0006A68EB680BF1010B16441C444FE76FF03C
:1058F0003305284629B0BDE8F08F6FF01B05284618
:1059000029B0BDE8F08F0546A1E5189C002C3FF4B6
:105910003DAED9F80010CD69013C083DB4FBF5F06F
:10592000002800F0AD820138059102F091F8059948
:10593000831CA4EB8303B3FBF5F30893179B059338
:10594000D9F82CC0D9F83040059A0B6ACDF82C80D4
:10595000084661461A44511AB1FBF3F203FB1213D5
:10596000A3420BD25C09D9F83C1003F01F0351F895
:10597000242007FA03F3134341F82430089B002B3B
:1059800000F0918203F00103C3F10203026A09935C
:105990009D00059B934280F0808211AB06934FF0EF
:1059A00000081AE04368B8FBF1F201FB12829C4642
:1059B000002A00F04D82059CC9F81440A8EB0202B1
:1059C000D9F81C30C9F81820009121466446A04738
:1059D00000287FF476AED9F80000D9F81430059A83
:1059E00041699A42DED1D9F818304345DAD85A18BD
:1059F0004245D7D9A2EB0802D9F81C100698A8EBAB
:105A00000303AA4228BF2A4619441446AD1A9044FB
:105A100002F04BFA069B23440693D9F80000002DB0
:105A2000DBD1099BD9F82C10D9F830405D1E012D2F
:105A3000036A1AD1119A521A02EB030CBCFBF3F25F
:105A400003FB12C2A24210D25409D9F83C1002F052
:105A50001F0251F8243005FA02F2134341F82430B2
:105A6000D9F82C10036AD9F8304028AA02EB850C2B
:105A7000DDE90825521B08925CF85C2C059269E769
:105A8000D8F80010CD69013C083DB4FBF5F00028C2
:105A900000F0FA810138039101F0DAFF0399023036
:105AA000A4EB8004B4FBF5F30693D9F8103003930C
:105AB000D8F82C400B6AD8F83000039ACDF814902F
:105AC0001A44141BB4FBF3F203FB124383420BD2C0
:105AD0005C09D8F83C0003F01F0350F8242007FAB3
:105AE00003F3134340F82430069B002B00F0DF81C2
:105AF00003F00103C3F102030A6A08939D00039BAC
:105B0000934280F0CA810DF1440900240846059BA8
:105B1000039ADB6A9A4224D0D8F81430039A466973
:105B20009A4200F02481B4FBF6F2436806FB12426D
:105B30009C46002A00F076810399D8F81C30C8F8FA
:105B40001410A21AC8F8182000966646B04700281C
:105B50007FF4B7AD059B039ADB6AD8F800009A4240
:105B6000DAD1059B1A6BA242D6D883691344A342AB
:105B7000D2D905991B1B496BAB4228BF2B46A21AF1
:105B800011441E461A464846AD1A02F08EF93444B6
:105B9000B144D8F80000002DB9D1089BD8F82C40AA
:105BA00001465D1E012DD8F830000B6A19D1119AFB
:105BB000121B1A44B2FBF3F603FB1622824210D2E8
:105BC000D8F83C40560902F01F0354F8260005FAA5
:105BD00003F3034344F82630D8F82C400B6AD8F876
:105BE0003000089E28AA02EB8505069A921B0692B1
:105BF00055F85C2C039263E7D8F80010CD69013C9E
:105C0000083DB4FBF5F0002800F03C810138039119
:105C100001F01EFF03990230A4EB8004B4FBF5F3FE
:105C20000593D9F824300393D8F82C400B6AD8F8A0
:105C30003000039ACDF818901A44141BB4FBF3F209
:105C400003FB124383420BD25C09D8F83C0003F0FB
:105C50001F0350F8242007FA03F3134340F82430BD
:105C6000059B002B00F0158103F00103C3F1020333
:105C70000A6A08939D00039B934280F00E810DF108
:105C8000440900240846069B039ADB6A9A4223D003
:105C9000D8F81430039A46699A427BD0B4FBF6F2E6
:105CA000436806FB12429C46002A00F0A580039937
:105CB000D8F81C30C8F81410A21AC8F8182000969A
:105CC0006646B04700287FF4FCAC069B039ADB6A6B
:105CD000D8F800009A42DBD1069B1A6BA242D7D8B3
:105CE00083691344A342D3D906991B1B496BAB426A
:105CF00028BF2B46A21A11441E461A464846AD1A22
:105D000002F0D3F83444B144D8F80000002DBAD1E1
:105D1000089BD8F82C405D1E012D0146036AD8F877
:105D2000300019D1119A121B1A44B2FBF3F603FB8F
:105D30001622824210D2D8F83C40560902F01F03C6
:105D400054F8260005FA03F3034344F82630D8F844
:105D50002C400B6AD8F83000089E28AA02EB850573
:105D6000059A921B059255F85C2C039264E7D8F8CB
:105D70001830A3423FF6D7AE9A19A2427FF6D3AEAF
:105D8000121BD8F81C10AA4228BF2A46E31A16464E
:105D90001944F8E6D8F81830A3423FF67FAF9A19B5
:105DA000A2427FF67BAF121BD8F81C10AA4228BF74
:105DB0002A46E31A16461944A0E71D9A159B9A42F3
:105DC0007FF449AB5346CA469946069B002B7FF4A5
:105DD00030ACDAF81030002B3FF474ACD8E9011283
:105DE0005C688C4252D0986890424FD094424DD01B
:105DF00081424BD01B68EEE7B542FFF458AFB5FBCC
:105E0000F6F306FB1353ED1A099300954B46224611
:105E100003996646B04700287FF453ACA9442C444C
:105E2000099D71E7B542FFF487AEB5FBF6F306FBBB
:105E30001353ED1A099300954B4622460399664683
:105E4000B04700287FF43DACA9442C44099DA0E64E
:105E50008D42FFF4B0ADB5FBF1F401FB1453ED1A24
:105E60000A930095069B059942466446A047002880
:105E70007FF427AC069B2B44A84406930A9DCCE5EF
:105E800008905BE50590CCE606900EE6C3E90112AA
:105E9000B0E7DDF81890FFF7C3BB194B194A1A4851
:105EA000122101F051FFDDF82C80FFF76EBBDDF809
:105EB0001490D9F81C30FFF7ACBBD8F80430CAF8FE
:105EC0000430D8F80830CAF80830FFF7F4BB1DAC2E
:105ED0000DAE314622465046FCF700FF0028FFF683
:105EE000F0AB3FF476AF2146D8E9010400232690B9
:105EF0001A4650462794FFF77BFAFFF7DFBB00BF37
:105F00005CB60300D8B503007CB603002DE9F04F62
:105F10009DB000F1140882468B4691460593474692
:105F200099F8053099F8060099F80740DAF800204A
:105F3000DBF82010D2690433034423440B4493421A
:105F400040F28A80002980F2A180DBE909234FF02A
:105F50000008CDE9028909920A9309AB394653F842
:105F600028501023019311AB00932A46002350467A
:105F7000FBF7FAFF00283DD1029B2BB1119BDBF808
:105F80001C209B1A002B59DB129B23F00043132B80
:105F900054D9DAF80020D26993424FD80DF1700934
:105FA0004FF0FF3349F8503D102211A9484600F048
:105FB00095FF129E26F00043102B25D0CDF81080BF
:105FC00010240DF11F06984604E0484600F086FFB5
:105FD000A04517D00123CDE900632A462346394660
:105FE0005046FBF7C1FF0122314614440028ECD093
:105FF000DDF8108010F1340F20D0034618461DB094
:10600000BDE8F08FDDF81080089B08F10104ABB902
:1060100011AB0FCB04F001041CAE06EB8404CBF8EB
:10602000045054F84C4CCBF8084010250BF11C04DC
:10603000CBF80C5084E80F0001230293B8F1000F55
:1060400007D0DDE90239002B7FF46AAF6FF033032C
:10605000D4E74FF0010880E74D460B1F45F8043B9D
:10606000059F139500261193159311AA5946504682
:106070000C250223CDE91774129616961495FFF796
:10608000B7F9034618461DB0BDE8F08F5D460FCD49
:1060900011AC0FC40FCD0FC495E8070084E80700CA
:1060A00059465046FDF738FB03460028A6D1DBF8D9
:1060B00020201A99CBF824104846043A1B99CBF8B3
:1060C000281040F8042B0A9399F807100E93059BAB
:1060D0000F93099202230D9210910B900C2409AAA0
:1060E000594650460C94FFF783F90346002885D1A2
:1060F000DBE90114199A1A9142F0004511A91A46D8
:10610000504619951B94FFF773F9034676E700BFD5
:106110002DE9F041537996790D460433D179334412
:1061200014462A6A0B4403F1140122F000428A4209
:106130008EB0064664D003AF206804933A460390BD
:106140000027012329463046CDE90577FFF750F9AE
:1061500000284FD1F36823B34FF0FF370BE0D3F89B
:1061600008E0D5F808C0E64509D0624507D071457A
:1061700005D01B68ABB15A6869688A42EFD1DA680A
:1061800021688A4239D0F4D9617994F806E094F80C
:1061900007C0043171446144521ADA601B68002B55
:1061A000E9D1336953B925E09F68AE68B74209D099
:1061B000B24207D0B94205D01B68DBB15A686968A2
:1061C0008A42F1D1D96822689142F5D96279A779DA
:1061D000E67904323A4432448A1ADA606279A7795D
:1061E000E679996904323A4432448A1A9A611B6802
:1061F000002BE3D10EB0BDE8F081C3E90177B8E729
:106200004368013324D08368013321D0002203AFD7
:1062100001230192394601AA0293FBF789FF90BB43
:106220000C9B5A1C15D0DDF834C0BCF1FF3F0CAA02
:10623000394630460DD0D5F804E09E4509D0D5F852
:106240000880E04505D0434503D0E645E5D100E0B0
:1062500003AF0B9A002A06DB6379A179E279043354
:106260000B44134468E7D5E90831AC6A0C9163F03C
:10627000004500231540394630461A460B950D94CB
:10628000FFF7B6F8B6E70028B4DBE2E72DE9F04700
:106290008B6A0160A6B00446002B62D0C361C86A55
:1062A0008A69002869D0A062FF2101F022FE4FF028
:1062B000FF33226823626361536AD90640F0048188
:1062C000002B00F0FA80106B00285FD0E063D2E969
:1062D0000553B3FBF5F105FB1131002940F00981AD
:1062E000D169B1FBF3F503FB1515002D40F0FA80E1
:1062F0004FF0FF36A1F10803B6FBF3F33344B3FAD2
:1063000083F3C3F12003B1EB830FC0F0E480526A42
:1063100025612946D208C4E9026584F840506660C8
:1063200001F0E7FD2368E562D3E90823934228BF23
:106330001346C4E90C35A26310A92046FDF7ECF919
:10634000054600282AD023689A6A002A7FD0DA6A94
:10635000002A77D01B6B002B70D0284626B0BDE8F2
:10636000F0874869F8F714F9E061002800F08A80A6
:106370002168C86A8A69002895D11046F8F708F99B
:10638000A06200287ED023689A698DE7D808F8F7C4
:10639000FFF8E063002875D0226898E71BA9204623
:1063A000FDF7BAF905460028CDD1034602461BA9E0
:1063B0002046FFF71DF805460028C4D12068504943
:1063C0001C9AADF82250D0E9073603C90EAF87E812
:1063D0000300A9460B9310251D9B0C96082041F243
:1063E0002E464FF001116260099219923422ADF8E5
:1063F0002060A3600A931A930795AA468DF823009C
:106400000D9118924FF0020808AF2026012303AA2D
:1064100010A92046CDE903A6CDE90576FEF7E8FFF1
:106420000546C8B110F1340F8DD1B8F1010F16D166
:10643000B9F1000F16D16FF0330584E7E06BF8F780
:10644000B9F88AE7A06AF8F7B5F8236882E7E06947
:10645000F8F7B0F823687AE74FF00109E5E74FF065
:106460000108D3E7002310A901AA2046CDE901388D
:10647000FBF75EFE054600287FF465AF23681A6AC5
:10648000A26361E723689A6A92B1DA6A5AB11B6B18
:106490002BB16FF00B05284626B0BDE8F087E06B06
:1064A000F8F788F8F5E7A06AF8F784F82368EEE7CC
:1064B000E069F8F77FF82368E7E7124B124A1348C0
:1064C00040F6140101F040FC114B0F4A0F4840F612
:1064D000130101F039FC0F4B0B4A0C4840F6240124
:1064E00001F032FC0C4B084A08484FF4026101F0FD
:1064F0002BFC0A4B044A054840F61F0101F024FC1E
:1065000050B803008CB7030034B603007CB6030018
:106510006CB7030004B80300D4B70300A4B70300AA
:106520002DE9F04FBBB083462C22002119A801F0C1
:10653000E0FC4FF00043282224A80021219301F021
:10654000D8FCDBF800301B6A01222E92002B00F0F1
:106550004981002303932DAA24A95846FBF7E8FD9F
:10656000079048BB219B002B7ADBDBF8043001331A
:1065700000F04281DBF80830013300F03D810DABC3
:106580002FAA22A95846FBF7D9FF002813DB00F0F9
:1065900033810F9C229B109D239A9C4200F03881EE
:1065A000944200F03B81002319A958461A46CDE9D0
:1065B0002245FEF71DFF079007983BB0BDE8F08F1E
:1065C00003460C2001900EA80090259A594650468B
:1065D000FBF7CAFC002840F0AD809DF839209DF8FB
:1065E0003A309DF83B50279C2A989DF838100D941E
:1065F00004321A442A44A31802442A920A06279312
:1066000030D5DAF804300133D34610D0DAF8083048
:1066100001330CD00FA95046FCF7B6F80028CADBAE
:1066200040F0D7809DF838100D9C9DF83B50119498
:1066300001F07F0104F10C0200208DF838100EA942
:106640000C2615921391CDE91705012311AA24A94F
:106650005846169512961496FEF7CAFE0028AAD13F
:10666000279BDA462C9921F00042043A03F10C00F2
:10667000904240F2BE80002980F2A7800AF1140BFC
:10668000DDE92D2300250B920C93A8464FF010094D
:106690000BAB594653F82570CDF804902FAB0093FF
:1066A0003A4600235046FBF75FFC00283FD1B8F183
:1066B000000F04D02F9B2B9A9B1A002B72DB309B70
:1066C00023F00043132B6DD9DAF80020D2699342EE
:1066D00068D83AAB4FF0FF3143F8C01D102218467E
:1066E0002FA9049300F0FAFB309B23F00042102AFC
:1066F00044D0CDE9058510240DF127061546DDF8B7
:10670000108004E0404600F0E9FBA54234D00123AC
:10671000CDE900633A46234659465046FBF724FC30
:106720000122314614440028ECD0DDE9058510F142
:10673000340F37D0831CD3467FF43DAF24AD0FCD4B
:1067400019AC0FC40FCD0FC495E8070084E807000B
:10675000DBF80030039A1B6A01329A42039241D25D
:106760002D9B01333FF428AF2E9B01337FF4F3AE12
:1067700007983BB0BDE8F08FDDE905850A9B6C1CEE
:1067800083B92FAB0FCB2BAE04F0010486E80F00CA
:106790003AAB03EB8404259754F8BC3CCDE9263989
:1067A0004FF001089DB1B8F1000F1BD02C992A9A27
:1067B00021F00043043B143210201B2B2A92279017
:1067C0003FF6FEAE0029FFF65BAFD346B6E70125E4
:1067D0005EE70DAA24A95846FFF79AFC00283FF46B
:1067E0003FAFE8E66FF03303079307983BB0BDE88F
:1067F000F08F0AF1140BE4E6DDE92D54002319A90A
:1068000058461A46CDE92254FEF7F2FD0790D3E62A
:10681000AA423FF425AF94427FF4C5AEAB427FF469
:10682000C2AE1DE770B590F840309CB005460191AE
:1068300063B943680122013380F8402006D08368A1
:10684000013303D0FFF76CFE044660B901AB02AA26
:1068500006A92846FCF78CF8831C044606D00028BD
:1068600008BF6FF0100420461CB070BD2F210198A6
:1068700002F0D7F90028F6D12B681B6AAB6311A987
:106880002846FCF749FF04460028ECD1DDE90F3625
:1068900002461A9311A9034628461B96FEF7A8FD47
:1068A00004460028DFD1019E8DF80E0040F6220339
:1068B0003046ADF80C3002F0E5F93346DDE91264FC
:1068C0008DF80F0002AA06A9284605941094049694
:1068D0000F96FFF71BFB04460028C4D12B681B6AE8
:1068E000AB63C0E72DE9F0431F4691B003F003030B
:1068F000012B0C460092054603D090F84030002B47
:106900004ED001AA05A96B462846FCF731F8064689
:1069100000283FD19DF80830222B00F09380BB0562
:1069200000F18D80DDE9062001996260039AA06084
:106930000023C4E906372362C4E90312049B6361A0
:106940007A0506D5002B3DD14FF0FF320023C4E974
:1069500004232B68586B4FF0FF32E262002859D0B5
:10696000EB68002B61D16063E36903F003034FF030
:10697000FF36012BE66205D02B68FF219A6901F0F2
:10698000B8FAE662EB68236000263046EC6011B08E
:10699000BDE8F083023019D0304611B0BDE8F08375
:1069A00043680122013380F84020AAD08368013374
:1069B000A7D0FFF7B5FD06460028A2D0304611B09B
:1069C000BDE8F08347F48037E761BDE7DDF800906C
:1069D0002F21484602F025F980460028DCD1F90530
:1069E000DAD540F611034846ADF808308DF80A8034
:1069F00002F048F94FF0FF368DF80B004B4601AA24
:106A000005A92846CDE90368FFF780FA0646002865
:106A100088D0C1E7E26902F00302012A08D0986930
:106A2000F7F7B6FD606300289ED16FF00B06B3E761
:106A30005869F7F7ADFD6063002895D1F5E76FF071
:106A40001006A9E76FF01406A6E700BF2DE9F04194
:106A5000CB690C4659039AB0064605D523F480232A
:106A60004FF0FF32E361E2629A030AD521463046D5
:106A7000FEF79AF9054618B128461AB0BDE8F0812C
:106A8000E36903F41023B3F5803F04D000252846C2
:106A90001AB0BDE8F08163680133F7D0A368013311
:106AA000F4D00FA9221D3046FBF742FB0546002813
:106AB000E2D1E068049504AF4FF00C080346CDE93D
:106AC00000780390C7E90155109A06F11401304689
:106AD000FBF74AFA05460028CED19DF81030112B5D
:106AE00020D1039B22690997304603F10C070D95CD
:106AF00066699DF81350079305920FA9012307AA11
:106B00000C950E95CDF82080CDF828800B97069631
:106B1000FEF76EFC05460028AED1E36923F480330E
:106B2000E361A9E7034B044A044840F2136101F012
:106B30000BF900BF1CB7030018B603007CB60300B6
:106B4000F0B5CB690C4659039BB0054605D523F437
:106B500080234FF0FF32E361E2629A0322D521469F
:106B60002846FEF721F90646D8B1EA6842B19442B8
:106B700003D163E09C4263D01A461368002BF9D11D
:106B8000A36923B11B6813B130461BB0F0BD2B685D
:106B90005B6B002BF8D1606BF7F70CFD30461BB038
:106BA000F0BDE36903F41023B3F5803F01D0002664
:106BB000DBE763680133FAD0A3680133F7D00FA98C
:106BC000221D2846FBF7B4FA06460028CDD1E0681E
:106BD000039004A90C270346CDE90017109A0496E8
:106BE00005F114012846CDE90566FBF7BDF9064617
:106BF0000028BAD19DF81030112B24D1039B0D90A1
:106C000004AA6069099203F10C029DF813600897C9
:106C10000A97079327690B9206900FA9012307AAE9
:106C200028460C960E960597FEF7E2FB06460028CE
:106C30009BD1E36923F48033E36196E705F10C020D
:106C4000236813609CE7034B034A044840F2136136
:106C500001F07AF81CB7030018B603007CB60300F5
:106C6000F0B590F84030ADB0044601917BB943686F
:106C70000122013380F8402009D08368013306D017
:106C8000FFF74EFC054610B128462DB0F0BD0BA90C
:106C900001AB07AA2046FBF76BFE05460028F3D19F
:106CA0009DF82030222B00F0BF809DF821309DF808
:106CB00022009DF82310139A043303440B4403F17C
:106CC000140122F000428A4200F0948021AE07981D
:106CD000229332462190002601230BA92046CDE9BC
:106CE0002366FEF785FB002840F09780E36823B316
:106CF0009DF821609DF822109DF82320DDF81CC02E
:106D00000E440436DDE90C0716444FF0FF3E08E060
:106D10009968B94208D0BA4206D0884204D01B68AC
:106D20005BB15A688242F3D1DA68624579D084BF98
:106D3000921BDA601B68002BF3D1236923B39DF803
:106D400021109DF822009DF82320DDF81CC001448D
:106D50000431DDE90C67114408E09868B84208D0B6
:106D6000BA4206D0864204D01B686BB15A68B24260
:106D7000F3D1DA686245F7D99869521A401ADA6095
:106D800098611B68002BF1D19DF82030222B7FF4F5
:106D90007BAF6368013326D0A368013323D0002082
:106DA0000123059005AA0BA920460693FBF7C0F91D
:106DB0000546A8B17CE0159A511C14D01799994248
:106DC00079D01898904276D0834274D0914272D094
:106DD00014AA0BA92046FBF7ABF90546002867D19A
:106DE000149B581CE7D13A4B3A4A3B4840F26E712B
:106DF00000F0AAFF6368013344D0A368013341D097
:106E0000002021AE01230390314603AA20460493BB
:106E1000FBF78EF930B3002827DA054628462DB057
:106E2000F0BDC3E901EE7AE709AA16A92046FBF7EF
:106E30007FF900283FF439AF0546EFE72B9A571C3E
:106E400013D00C99994210D00D9890420DD08342E6
:106E50000BD0914209D02AAA31462046FBF768F9A7
:106E60000028D8D12A9B5A1CE8D1299A002A0BDB8A
:106E70009DF821309DF822109DF8232004330B4407
:106E8000134424E721AEF0E7DDE9133163F000405D
:106E9000104000232A91299031461A46159E2B96C0
:106EA0002046FEF7A5FA00283FF46EAF0546B5E789
:106EB000002DFFF6E9AE2046DDE91F5400230BA9A3
:106EC0001A46CDE91454FEF793FA0546DCE600BFF6
:106ED0005CB8030028B603007CB60300E2B170B4CE
:106EE000013A04680D4D8E18013911F8013F83EA0B
:106EF000040202F00F028E4255F8222082EA141496
:106F000084EA131303F00F0355F8233083EA1414B3
:106F1000EBD1046070BC7047704700BF60B80300DD
:106F200010B5034B03600446FAF7C4FA204610BDBF
:106F3000A8B8030010B5054B03600446FAF7BAFA87
:106F40002046F9F753FE204610BD00BFA8B8030045
:106F500008B500F007F9002008BD00BF70B501F5C5
:106F60005A61CC0182B004F18006FF25012220463F
:106F70000DF1070114448DF8075000F0F9F8A6420E
:106F8000F4D1002002B070BD08B501F55A6102EBE2
:106F9000C1101946029A00F0EBF8B0FA80F04009EF
:106FA000404208BD08B501F55A6102EBC11118460F
:106FB000029A00F0F5F80028CCBF002001204042E2
:106FC00008BD00BF38B500210546FAF793FA98B915
:106FD0004FF4DA24204600F0EBF804F5805458B161
:106FE000B4F5E82FF6D12846FAF7A6FA284600218C
:106FF000BDE83840FAF77EBA38BD00BF10B5074C7F
:1070000007492046FAF75EFA064B23602046064AF7
:107010000649BDE8104000F0B1B900BF9C4C00200B
:1070200030360020A8B8030000360020216F03008E
:1070300029DF704728DF704712DF704708B500F07E
:1070400025FFB0FA80F0400908BD00BF10B5144616
:1070500000F02BFF204610BDF0B5194E316883B00B
:10706000054629B3174F2D0B14242846FFF7E2FFDE
:10707000034698B90DF107008DF80730FFF7DCFFE4
:107080009DF8073013B9012003B0F0BD4FF0FF3178
:107090003068F7F789FF3B68022BF4D00120F7F73F
:1070A00039FA631E13F0FF04DFD1002003B0F0BDF6
:1070B00003220120F7F7BCFA30600028D2D1F4E7B0
:1070C000405D0020803600202DE9F047DFF864A005
:1070D000DFF8649082B0904607460E469508142467
:1070E0002A4631463846FFF7A3FF0346B0B90DF1F3
:1070F00007008DF80730FFF79FFF9DF807301BB999
:10710000404602B0BDE8F0874FF0FF31DAF80000EA
:10711000F7F74AFFD9F80030022BF1D00120F7F73A
:10712000F9F9631E13F0FF04DAD1A046404602B01D
:10713000BDE8F087405D002080360020074B1A68CC
:1071400052B130B4064D0446002310462C601A4656
:10715000194630BCF7F7E0BA704700BF405D002029
:1071600080360020014800F0A5B800BF6836002036
:1071700010B4094CA0420AD3B0F5E82F07D2134649
:107180005DF8044B0A460146044800F049B84FF048
:10719000FF305DF8044B7047006002006836002045
:1071A00013460A460146014800F0A4B8683600209C
:1071B000F0B5194E316883B0054629B3174F2D0B32
:1071C00014242846FFF736FF034698B90DF107004F
:1071D0008DF80730FFF730FF9DF8073013B9012015
:1071E00003B0F0BD4FF0FF313068F7F7DDFE3B68CC
:1071F000022BF4D00120F7F78DF9631E13F0FF0482
:10720000DFD1002003B0F0BD03220120F7F710FA10
:1072100030600028D2D1F4E7405D002080360020A5
:107220002DE9F04F83B00193002B3CD0DFF8809024
:1072300005460E4690461F46C6F30B0ACAF5805413
:107240002B69BC4206EA090B28BF3C465B4520D0AF
:10725000184601334FF4805213D0EB6813B16969BB
:10726000984770B91120FAF7BBF82B68286998473E
:107270006B68D5E904014FF4805298471120FAF762
:10728000BDF8C5F810B05946AB6868694FF4805234
:107290009847686941462246504400F006FE3F1B6D
:1072A0002644A044C8D1019803B0BDE8F08F00BFC8
:1072B00000F0FFFF38B503695A1C1AD0C5680446B0
:1072C0002DB118464FF480526169A84770B911205A
:1072D000FAF786F82368206998476368D4E90401BF
:1072E0004FF4805298471120FAF788F84FF0FF3397
:1072F000236138BD2DE9F84304691D46631C064629
:107300008846174607D1B368394640462A4698470B
:107310002846BDE8F883944224D92A4494428368DD
:10732000F2D204F580529742EED2E41B224639464F
:10733000404698474FF4805908EB04002A1B00216F
:107340009145736928BF91464A4619444C4400F060
:10735000ACFDA542DCD9B368391908EB04002A1B3F
:107360009847D5E704F580539A42CCD2391BC1F532
:1073700080592A4640460024E2E700BF0B460146FA
:10738000184600F0FFBC000082B08DED010A019BA1
:10739000C3F3C752002BA2F17F01B4BF4FF0FF30FF
:1073A00001201E2912DC002918DBC3F3160316295D
:1073B00043F4000317DC4FF480020A411344C1F187
:1073C0001701CB4003FB00F002B07047DDED017AFE
:1073D000FDEEE77A17EE900A02B07047013118BF50
:1073E000002002B07047963A9340EBE781F00041ED
:1073F00002E000BF83F0004330B54FEA41044FEA9A
:10740000430594EA050F08BF90EA020F1FBF54EA34
:10741000000C55EA020C7FEA645C7FEA655C00F0D0
:10742000E2804FEA5454D4EB5555B8BF6D420CDDA1
:107430002C4480EA020281EA030382EA000083EA24
:10744000010180EA020281EA0303362D88BF30BDC4
:1074500011F0004F4FEA01314FF4801C4CEA11311A
:1074600002D0404261EB410113F0004F4FEA033379
:107470004CEA133302D0524263EB430394EA050F04
:1074800000F0A780A4F10104D5F1200E0DDB02FA73
:107490000EFC22FA05F2801841F1000103FA0EF207
:1074A000801843FA05F359410EE0A5F120050EF1CD
:1074B000200E012A03FA0EFC28BF4CF0020C43FAFE
:1074C00005F3C01851EBE37101F0004507D54FF00B
:1074D000000EDCF1000C7EEB00006EEB0101B1F55B
:1074E000801F1BD3B1F5001F0CD349085FEA3000A1
:1074F0004FEA3C0C04F101044FEA445212F5800FAC
:1075000080F09A80BCF1004F08BF5FEA500C50F148
:10751000000041EB045141EA050130BD5FEA4C0C2B
:10752000404141EB010111F4801FA4F10104E9D1B4
:1075300091F0000F04BF01460020B1FA81F308BFAB
:107540002033A3F10B03B3F120020CDA0C3208DD77
:1075500002F1140CC2F10C0201FA0CF021FA02F152
:107560000CE002F11402D8BFC2F1200C01FA02F1C2
:1075700020FA0CFCDCBF41EA0C019040E41AA2BFE7
:1075800001EB0451294330BD6FEA04041F3C1CDAAF
:107590000C340EDC04F11404C4F1200220FA04F0CF
:1075A00001FA02F340EA030021FA04F345EA030179
:1075B00030BDC4F10C04C4F1200220FA02F001FA3B
:1075C00004F340EA0300294630BD21FA04F02946BD
:1075D00030BD94F0000F83F4801306BF81F4801156
:1075E0000134013D4EE77FEA645C18BF7FEA655CC9
:1075F00029D094EA050F08BF90EA020F05D054EA9B
:10760000000C04BF1946104630BD91EA030F1EBF9F
:107610000021002030BD5FEA545C05D140004941A3
:1076200028BF41F0004130BD14F580043CBF01F596
:10763000801130BD01F0004545F0FE4141F470017C
:107640004FF0000030BD7FEA645C1ABF1946104657
:107650007FEA655C1CBF0B46024650EA013406BF58
:1076600052EA033591EA030F41F4002130BD00BF17
:1076700090F0000F04BF0021704730B54FF48064D4
:1076800004F132044FF000054FF0000150E700BF55
:1076900090F0000F04BF0021704730B54FF48064B4
:1076A00004F1320410F0004548BF40424FF00001A1
:1076B0003EE700BF42004FEAE2014FEA31014FEAE4
:1076C00002701FBF12F07F4393F07F4F81F0605133
:1076D000704732F07F4208BF704793F07F4F04BF7E
:1076E00041F40021704730B54FF4607401F000455B
:1076F00021F000411CE700BF50EA010208BF7047BB
:1077000030B54FF000050AE050EA010208BF7047AB
:1077100030B511F0004502D5404261EB41014FF414
:10772000806404F132045FEA915C3FF4D8AE4FF01C
:1077300003025FEADC0C18BF03325FEADC0C18BFFF
:10774000033202EBDC02C2F1200300FA03FC20FA50
:1077500002F001FA03FE40EA0E0021FA02F114449D
:10776000BDE600BF80F0004002E000BF81F00041B4
:1077700042001FBF5FEA410392EA030F7FEA226CD7
:107780007FEA236C6AD04FEA1262D2EB1363C1BF67
:10779000D218414048404140B8BF5B42192B88BFD6
:1077A000704710F0004F40F4000020F07F4018BFF9
:1077B000404211F0004F41F4000121F07F4118BF19
:1077C000494292EA030F3FD0A2F1010241FA03FCC1
:1077D00010EB0C00C3F1200301FA03F100F00043A9
:1077E00002D5494260EB4000B0F5000F13D3B0F171
:1077F000807F06D340084FEA310102F10102FE2AE0
:1078000051D2B1F1004F40EBC25008BF20F001004F
:1078100040EA03007047490040EB000010F4000FFD
:10782000A2F10102EDD1B0FA80FCACF1080CB2EB90
:107830000C0200FA0CF0AABF00EBC25052421843EF
:10784000BCBFD0401843704792F0000F81F4000194
:1078500006BF80F400000132013BB5E74FEA410367
:107860007FEA226C18BF7FEA236C21D092EA030FD3
:1078700004D092F0000F08BF0846704790EA010F4D
:107880001CBF0020704712F07F4F04D1400028BF7A
:1078900040F00040704712F100723CBF00F500005C
:1078A000704700F0004343F0FE4040F40000704792
:1078B0007FEA226216BF08467FEA2363014642023E
:1078C00006BF5FEA412390EA010F40F48000704751
:1078D0004FF0000304E000BF10F0004348BF4042F7
:1078E0005FEA000C08BF704743F0964301464FF033
:1078F00000001CE050EA010208BF70474FF000038F
:107900000AE000BF50EA010208BF704711F00043CF
:1079100002D5404261EB41015FEA010C02BF84469F
:107920000146002043F0B64308BFA3F18053A3F5FE
:107930000003BCFA8CF2083AA3EBC25310DB01FA45
:1079400002FC634400FA02FCC2F12002BCF1004FC9
:1079500020FA02F243EB020008BF20F0010070475A
:1079600002F1200201FA02FCC2F1200250EA4C00AE
:1079700021FA02F243EB020008BF20EADC707047F4
:107980007BB972B90029BEBF00204FF0004106E06C
:1079900008BF00281CBF6FF000414FF0FF3000F01F
:1079A000D1B9ADF1080C6DE904CE002909DB002B3B
:1079B0001ADB00F061F8DDF804E0DDE9022304B031
:1079C0007047404261EB4101002B1BDB00F054F893
:1079D000DDF804E0DDE9022304B0404261EB41013F
:1079E000524263EB43037047524263EB430300F0A0
:1079F00043F8DDF804E0DDE9022304B0404261EB26
:107A000041017047524263EB430300F035F8DDF863
:107A100004E0DDE9022304B0524263EB4303704704
:107A200053B94AB9002908BF00281CBF4FF0FF31E5
:107A30004FF0FF3000F086B9ADF1080C6DE904CECF
:107A400000F01AF8DDF804E0DDE9022304B0704725
:107A5000430803F05533C01A830803F0333300F0B2
:107A60003330184400EB101000F00F3000EB002012
:107A700000EB0040000E70472DE9F047089E0446D9
:107A80008846002B4BD18A42154667D9B2FA82F25A
:107A90004AB1C2F1200701FA02F320FA07F7954034
:107AA00047EA030894404FEA154E230CB8FBFEF753
:107AB0001FFA85FC0EFB178843EA084307FB0CF10D
:107AC000994209D9EB1807F1FF3080F01B819942E8
:107AD00040F21881023F2B445B1AA4B2B3FBFEF0C4
:107AE0000EFB103344EA034400FB0CFCA44509D907
:107AF0002C1900F1FF3380F00781A44540F2048186
:107B000002382C4440EA0740A4EB0C0400271EB1C5
:107B1000D4400023C6E900433946BDE8F0878B42D4
:107B200009D9002E00F0EB800027C6E90001384695
:107B30003946BDE8F087B3FA83F7002F47D18B426F
:107B400002D3824200F2FA80841A61EB030301201F
:107B50009846002EE0D0C6E90048DDE702B9FFDE16
:107B6000B2FA82F2002A40F08F80491B4FEA154E8C
:107B70001FFA85F80127B1FBFEFC230C0EFB1C113C
:107B800043EA014308FB0CF1994207D9EB180CF1C9
:107B9000FF3002D2994200F2CD808446591AA3B236
:107BA000B1FBFEF00EFB101443EA044408FB00F89E
:107BB000A04507D92C1900F1FF3302D2A04500F2ED
:107BC000B6801846A4EB080440EA0C409FE7C7F1D2
:107BD000200CBB4022FA0CFE4EEA030E01FA07F419
:107BE00020FA0CF521FA0CF34FEA1E482543B3FBAB
:107BF000F8F92C0C08FB19331FFA8EFA44EA0343F8
:107C000009FB0AF49C4202FA07F200FA07F10BD9C9
:107C10001EEB030309F1FF3080F087809C4240F2A5
:107C20008480A9F1020973441B1BADB2B3FBF8F0C9
:107C300008FB103345EA034400FB0AFAA24508D9C1
:107C40001EEB040400F1FF336BD2A24569D9023860
:107C5000744440EA0940A0FB0289A4EB0A044C45A5
:107C6000C2464B4654D351D0002E69D0B1EB0A0521
:107C700064EB030404FA0CFCFD40FC404CEA0505EF
:107C8000C6E90054002747E7C2F1200320FA03F7B2
:107C9000954001FA02F021FA03F34FEA154E3843FA
:107CA000010CB3FBFEF71FFA85F80EFB173341EA10
:107CB000034107FB08F38B4204FA02F407D9691861
:107CC00007F1FF3C2FD28B422DD9023F2944CB1A1A
:107CD00081B2B3FBFEF00EFB103341EA034100FB1F
:107CE00008F38B4207D9691800F1FF3C17D28B4289
:107CF00015D902382944C91A40EA07473BE73746F5
:107D0000304609E70746E7E61846FBE64145ABD2B1
:107D1000B8EB020A69EB0E0201381346A4E760468D
:107D2000E9E7184695E76746D1E781467CE70238E0
:107D30002C4447E7ACF1020C2B442FE7384608E708
:107D40003746E9E6704700BF1FB51C46094B1B6864
:107D50000546D86852B1084B0091CDE90132074978
:107D60002B46224600F036F801F02EF9044B1A4655
:107D7000F2E700BF84360020B0B80300BDB80300AE
:107D8000EBB8030010B5054C13462CB10A4601466A
:107D90000220AFF3008010BD2046FCE70000000089
:107DA000014B1868704700BF8436002008B5074BA8
:107DB000044613B10021AFF30080054B1868836AB5
:107DC00003B19847204603F0E7F900BF0000000028
:107DD000ECB803000EB403B5014603AB054853F8F5
:107DE000042B0068019300F06DF902B05DF804EB1C
:107DF00003B070478436002070B50D4E0D4CA41BA7
:107E0000A4100025A54209D10B4E0C4C03F0C6F975
:107E1000A41BA4100025A54205D170BD56F825303D
:107E200098470135EEE756F8253098470135F2E7D7
:107E30005438002054380020543800207438002072
:107E4000D0F8EC0070470000024B0146186800F0C3
:107E5000B5B800BF84360020024B0146186800F018
:107E60005FB800BF8436002082B001B901A942B1D9
:107E70004BB113780B601278101C18BF012002B0B0
:107E800070471046FBE76FF00100F8E730B50024BB
:107E9000A24201D1002007E0035D01340D1915F85D
:107EA000015CAB42F4D0581B30BD10B5431E0A44F0
:107EB000914200D110BD11F8014B03F8014FF7E7D3
:107EC000884210B501EB020307D8421E99420AD03E
:107ED00011F8014B02F8014FF8E78342F5D98118F8
:107EE000D21AD34200D110BD13F8014D01F8014D53
:107EF000F7E702440346934200D1704703F8011BA1
:107F0000F9E738B502FB01F4214600F057F80546C1
:107F100018B122460021FFF7ECFF284638BD0000CB
:107F200038B50546002945D051F8043C0C1F002BFC
:107F3000B8BFE41802F0D4F81F4A1368104633B9EA
:107F4000636014602846BDE8384002F0CAB8A34216
:107F50000CD921686218934204BF1A685B68636099
:107F600004BF521822600460ECE713465A680AB155
:107F7000A242FAD919685818A0420BD120680144CE
:107F8000581882421960DDD1106852685A60014465
:107F90001960D7E702D90C232B60D3E7206821189A
:107FA0008A4204BF11685268626004BF09182160E8
:107FB0005C60C7E738BD00BF445D002070B5CD1CD4
:107FC00025F0030508350C2D38BF0C25002D06467D
:107FD00001DBA94203D90C233360002070BD02F0FD
:107FE0007FF8214A1468214691B9204C23681BB9B7
:107FF000304600F0D7FD20602946304600F0D2FD23
:10800000431C24D10C233360304602F06AF8E4E7C5
:108010000B685B1B18D40B2B0FD90B60CD50CC1801
:10802000304602F05EF804F10B00231D20F007003B
:10803000C31AD3D05A42E250D0E78C424B6816BFE5
:10804000636013600C46EBE70C464968CCE7C41C40
:1080500024F00304A04205D0211A304600F0A2FD0E
:108060000130CFD02560DBE7445D0020485D002073
:108070009368013B002B10B4936008DA9469A34223
:1080800001DB0A2903D15DF8044B00F0CFBE136871
:10809000581C1060197008465DF8044B7047F8B51D
:1080A00006460F461446D518AC4201D1002007E021
:1080B0003A4614F8011B3046FFF7DAFF431CF3D1B0
:1080C000F8BD00002DE9F04F9DB00C461746039314
:1080D000064618B183690BB901F0B2FE7B4B9C4296
:1080E00057D17468A38918075DD52369002B5AD02E
:1080F0000023099320238DF8293030238DF82A306E
:108100004FF0010BB846454615F8013B0BB1252B46
:1081100054D1B8EB070A0BD053463A4621463046B5
:10812000FFF7BDFF013000F0C280099B5344099363
:1081300098F80030002B00F0BA8000234FF0FF3297
:10814000CDE90523049307938DF853301A93A8467D
:10815000052218F8011B5E4801F072FF049B78BBF2
:10816000D90644BF20228DF853201A0744BF2B2282
:108170008DF853202A782A2A2AD0079AA846002068
:108180000A25414611F8013B303B092B69D960B300
:1081900024E0504B9C4201D1B468A3E74E4B9C4273
:1081A00008BFF4689EE72146304600F09FFE002895
:1081B0009ED04FF0FF301DB0BDE8F08FA846A2E77B
:1081C000434A801A0BFA00F0184304904546BEE774
:1081D000039A111D12680391002A01DB079204E043
:1081E000524243F002030792049398F800302E2B7A
:1081F0000ED198F801302A2B38D1039B1A1D1B6829
:108200000392002BB8BF4FF0FF3308F1020805932B
:10821000324D98F800100322284601F011FF40B1BA
:108220004023401B03FA00F0049B034308F10108BC
:10823000049398F800102A488DF82810062208F1B7
:10824000010701F0FDFE002837D0264B1BBB039B26
:10825000073323F0070308330393099B4B44099327
:1082600050E705FB0232012088468AE7002308F127
:108270000108059319460A25404610F8012B303AAB
:10828000092A03D9002BC3D00591C1E705FB0121C1
:1082900001238046F0E703AB00932246124B04A96A
:1082A000304600F0B7F8B0F1FF3F8146D5D1A38941
:1082B0005B063FF57EAF09987DE703AB009322464E
:1082C000094B04A9304600F05BFBECE770BA0300F1
:1082D000FAB8030090BA030050BA030000B90300D3
:1082E00004B90300158403009F8003002DE9FF47B4
:1082F00055EC104B0D9FDDF830A0002D0E46914639
:108300001946B8BF22462B4627F02007BBBF05F110
:1083100000431D4600232D23B8BF1446462F0B7083
:1083200004D0452F00D10136022100E0032103AB28
:10833000019302AB00933246534645EC104B00F0DC
:10834000D7FE472F804602D119F0010F26D0462FC5
:1083500008EB060911D198F80030302B0AD1002221
:1083600000232046294602F06FFE18B9C6F1010627
:10837000CAF80060DAF80030994400220023204651
:10838000294602F061FE38B93022039B4B4505D2E5
:10839000591C03911A70F8E7CDF80C90039B0E9AC4
:1083A000A3EB08034046136004B0BDE8F087F7B5BF
:1083B00000290446BABF49422D232B23092904F87A
:1083C000022B437020DD0DF107031F460A2691FBA7
:1083D000F6F506FB15113031092D03F8011C03F1E8
:1083E000FF32294609DC3031023B02F8011CBB4256
:1083F000224604D3101A03B0F0BD1346E7E713F882
:10840000012B04F8012BF2E7302319448370021D7D
:10841000C170EFE72DE9F04F8DB00C46DDF85880C4
:1084200016461F46054601F095FD0368049318465D
:1084300000F028FC00230A93D8F800300590073399
:1084400023F0070303F1080294F818A0D4F800B051
:10845000C8F80020D3E90023C4E91223D4E9128923
:1084600029F000430793CDF818804FF0FF32A74B57
:10847000DDE9060102F01AFE70BB4FF0FF32A34B9C
:10848000DDE9060102F0F4FD30BB00220023404686
:10849000494602F0E3FD10B12D2384F843309C4A95
:1084A0009C4BBAF1470F8CBF9046984603232BF0A4
:1084B0000402236122604FF00009009733460BAAA3
:1084C0002146284600F0E6F9013040F08D804FF05B
:1084D000FF300DB0BDE8F08F42464B46404649465E
:1084E00002F0E4FD10B18C4A8C4BDAE761684B1C5A
:1084F0004BF480620AA83ED1062363600023CDE9D5
:10850000020309AB009349EC108B0DF123032260A9
:10851000CDF804A061682846FFF7E8FE0AF0DF0303
:10852000472B804609D1099BD81C02DB6268934225
:1085300047DDAAF1020A5FFA8AFABAF1650F0999D2
:1085400024D80139524604F150000991FFF72FFF5A
:108550000A9A1318012A8146236102DC2268D10796
:1085600001D5013323619DF82330002BA5D02D23A5
:1085700084F84330A1E7BAF1670F00F07781BAF1D0
:10858000470FBBD10029B9D10123B6E7BAF1660F75
:1085900019D1002963680CDD216113B92268D20763
:1085A00002D501330B442361099BA3654FF00009F9
:1085B000D9E713B92268D00701D50233F3E70123C5
:1085C000F1E74FF0670ADDE90932934205DB2268E3
:1085D0002361D107E8D50133E5E7002BD4BFC3F110
:1085E000020301231344DEE723685A0507D42369F5
:1085F000424631462846B84701302BD167E7BAF1E9
:10860000650F40F2DC8000220023D4E9120102F061
:108610001BFD002833D00123414A31462846B84784
:1086200001303FF454AFDDE909239A4202DB2368AD
:10863000D8070FD5DDE9042331462846B847013075
:108640003FF445AF4FF0000804F11A090A9B013BC3
:10865000434509DC23689B0700F10381E0680B9B1D
:108660009842B8BF184634E701234A4631462846A7
:10867000B84701303FF42BAF08F10108E6E7099B4A
:10868000002B2BDC0123264A31462846B84701300F
:108690003FF41DAF099B23B90A9B13B92368D9077F
:1086A000D8D5DDE9042331462846B84701303FF4E8
:1086B0000EAF4FF0000904F11A0A099B5B424B45CB
:1086C00001DC0A9B94E70123524631462846B8470D
:1086D00001303FF4FCAE09F10109EEE70A9AA36DFF
:1086E0009A42A8BF1A46002A914607DD1346314632
:1086F00042462846B84701303FF4E9AE04F11A0378
:108700004FF0000B29EAE979069315E0FFFFEF7FB0
:108710000FB903000BB9030017B9030013B9030025
:108720001BB903000123069A31462846B847013099
:108730003FF4CDAE0BF1010BD4F858A0AAEB09031E
:108740005B45EFDCDDE909239A42D04415DB236861
:10875000DA0712D40A9B0999A3EB0A02A3EB010AD8
:108760009245A8BF9246BAF1000F0EDC4FF0000808
:108770002AEAEA7A04F11A0919E0DDE9042331460C
:108780002846B8470130E5D1A1E653464246314676
:108790002846B8470130E9D199E601234A463146D7
:1087A0002846B84701303FF492AE08F10108DDE9F0
:1087B00009239B1AA3EB0A034345EEDC4AE70A9A16
:1087C000012A01DCDB073AD501234246314628461F
:1087D000B84701303FF47BAEDDE90423314628463B
:1087E000B847013008F101083FF471AE0A9B00223E
:1087F00003F1FF3AD4E91201002302F025FCC8B9C5
:108800005346424631462846B84701300ED15EE60F
:108810000123524631462846B84701303FF457AE4F
:1088200008F101080A9B013B4345F1DC4B4604F18A
:108830005002DEE64FF0000804F11A0AF2E70123C5
:10884000DFE701234A4631462846B84701303FF466
:108850003EAE08F10108E3680B9A9B1A4345F0DC31
:10886000FCE64FF0000804F11909F4E700293FF491
:108870008BAE0023CDE9020309AB009349EC108BCA
:108880002260CDF804A00DF123032846FFF72EFD4A
:10889000804648E62DE9F04791461F468A680B69F5
:1088A000DDF820809342B8BF1346C9F8003091F834
:1088B000432006460C4612B10133C9F80030236844
:1088C000990642BFD9F800300233C9F80030256854
:1088D00015F0060507D104F1190AE368D9F800205C
:1088E0009B1AAB4228DC94F843302268003318BF4F
:1088F000012392062DD404F1430239463046C04785
:10890000013020D02368E568D9F8002003F0060381
:10891000042B08BFAD1AA36822690CBF25EAE575D0
:1089200000259342C4BF9B1AED184FF000091A347A
:108930004D451AD1002008E0012352463946304601
:10894000C047013003D14FF0FF30BDE8F08701355B
:10895000C3E7E1185A1C302081F84300224494F800
:10896000451082F843100233C5E7012322463946F9
:108970003046C0470130E6D009F10109D8E70000D0
:108980002DE9F04301F1430C0C46097E85B06E29B8
:108990001746064698460C9A00F0B38022D8632901
:1089A00036D00AD8002900F0B980582900F0838019
:1089B00004F1420584F8421032E0642901D06929AB
:1089C000F6D120681368050603F104012AD51B6857
:1089D0001160002B03DA2D225B4284F843206F489C
:1089E0000A2239E0732900F09D8008D86F2920D031
:1089F0007029DDD1236843F02003236003E075294B
:108A000017D07829D4D1782384F84530644855E0CC
:108A10001368191D1B68116004F1420584F8423087
:108A200001238CE01B68116010F0400F18BF1BB2CF
:108A3000CFE713682568181D1060280601D51B684C
:108A400002E06806FBD51B8854486F2914BF0A2230
:108A50000822002184F843106568A560002DC0F24B
:108A60009580216821F004012160002B3DD1002D6B
:108A700040F08E806546082A0BD12368DB0708D5B5
:108A8000236962689A42DEBF302305F8013C05F194
:108A9000FF35ACEB05032361CDF800803B4603AA0C
:108AA00021463046FFF7F6FE01304DD14FF0FF3042
:108AB00005B0BDE8F083394884F845101368216893
:108AC0001D1D1B6815600A060BD5CA0744BF41F07F
:108AD000200121601BB9226822F0200222601022AE
:108AE000B7E74D0648BF9BB2EFE76546B3FBF2F12F
:108AF00002FB1133C35C05F8013D0B460029F5D19B
:108B0000B9E7136825686169181D106028061B689D
:108B100001D5196002E06A06FBD5198000232361A4
:108B20006546B9E71368191D11601D686268002168
:108B3000284601F085FA08B1401B60606368236134
:108B4000002384F84330A7E723692A463946304694
:108B5000C0470130AAD023689B0713D4E068039B69
:108B60009842B8BF1846A3E701234A463946304623
:108B7000C04701309AD00135E368039A9B1AAB4293
:108B8000F2DCEBE7002504F11909F5E7002BACD185
:108B9000037884F8423004F142056CE71DB9030004
:108BA0002EB9030038B5064C00230546084623605D
:108BB000F8F71EF8431C02D1236803B12B6038BDBF
:108BC000685D00200EB400B59CB01DAB029006900D
:108BD0006FF00041094807910491094953F8042BAB
:108BE00005910068019302A901F0D8FD029B0022C3
:108BF0001A701CB05DF804EB03B070478436002097
:108C00000802FFFF10B503461A785C1C3AB9013B15
:108C100011F8012B03F8012F002AF9D110BD2346CA
:108C2000F2E7C9B2034610F8012B1AB18A42F9D112
:108C300018467047002918BF0023F9E710F8012BE8
:108C400011F8013B012A28BF9A42F7D0D01A704789
:108C5000034611F8012B03F8012B002AF9D17047C4
:108C600070B503461A4612F8015B4DB14C1E01E087
:108C7000AE4205D014F8016F002EF9D11346F1E78A
:108C8000181A70BD034613F8012B002AFBD1181ADD
:108C90000138704770B50139044602B970BD2346EA
:108CA00011F8015F03F8015B561E2DB91444A3426D
:108CB000F4D003F8015BFAE71C463246EDE738B51D
:108CC00003460D4669B9BDE83840FFF7AABF431C0B
:108CD000044629461846FFF7A4FF0028F7D120468E
:108CE00038BD0024F5E770B503461A4612F8015B5B
:108CF0003DB14C1E01E0AE4205D014F8016F002ECC
:108D0000F9D1181A70BD1346EFE72DE9F0478046F8
:108D1000894692461E460F463D46089815F8014B77
:108D2000FFF78EF82044437813F0080330D12D2C40
:108D300030D17C78BD1C0121002E5CD0102E09D1D1
:108D4000302C07D12B7803F0DF03582B4ED16C78F1
:108D5000102602354FF0FF320023B2FBF6F206FB7D
:108D600002FC6FEA0C0C1846A4F13007092F17D843
:108D70003C46A64223DD002B1EDB82421CD301D1E0
:108D8000A44519DB00FB0640012315F8014BEBE776
:108D90002F46C1E72B2C04BFBD1C7C781946CBE7BE
:108DA000A4F14107192F01D8373CE2E7A4F161078C
:108DB000192F04D8573CDCE74FF0FF33E5E7002BD1
:108DC00009DA2223C8F800304FF0FF30BAF1000F63
:108DD00007D1BDE8F08701B14042BAF1000FF8D0E9
:108DE0000BB105F1FF39CAF80090F2E73024002EEC
:108DF000B0D10826AEE7302CA4D00A26AAE700009E
:108E0000084B37B51C68084D236A002B08BF2B465A
:108E1000009313460A4601462046FFF776FF03B04B
:108E200030BD00BF84360020E8360020F8B50E467D
:108E30001446054618B183690BB901F001F8214BBE
:108E40009C422AD16C68A369A360A3891A072ED516
:108E5000236963B323692068C01A6369F6B2834249
:108E6000374604DC2146284600F080FF28BBA36873
:108E7000013BA36023685A1C22601E7063690130A5
:108E8000834204D0A389DB0719D50A2E17D12146C6
:108E9000284600F06BFF90B10FE00B4B9C4201D1D4
:108EA000AC68D0E7094B9C4208BFEC68CBE7214691
:108EB000284600F01BF80028CCD04FF0FF3738468A
:108EC000F8BD00BF70BA030090BA030050BA0300A7
:108ED00049B1FF2A85BF8A2303600A704FF0FF3033
:108EE00098BF01207047084670470000324B70B5AC
:108EF0001D6806460C4625B1AB6913B9284600F03B
:108F00009FFF2E4B9C420FD16C68B4F90C309AB283
:108F100015072CD4D00611D40922326043F0400347
:108F2000A3814FF0FF303EE0254B9C4201D1AC685D
:108F3000EBE7244B9C4208BFEC68E6E7510712D5EB
:108F4000616B41B104F14403994202D03046FEF70F
:108F5000E7FF00236363A38923F02403A381002395
:108F6000636023692360A38943F00803A381236915
:108F70004BB9A38903F42073B3F5007F03D02146D6
:108F8000304601F019F8A28912F001030CD0002339
:108F9000A36063695B42A361236953B9B4F90C30E0
:108FA00013F08000BAD170BD920758BF6369A36007
:108FB000F2E70020F7E700BF8436002070BA030014
:108FC00090BA030050BA030008B5062001F004FD72
:108FD000012002F0E1F82DE9F74F03690C69A34283
:108FE0008046C0F28280013C01F114074FEA840CF4
:108FF00000F1140657F8245056F8240006EB0C0331
:10900000013507EB0C090193B0FBF5F595B34FF073
:10901000000A3846B646D34650F8042B93B205FBF7
:1090200003A34FEA134A9BB2ABEB0303120CDEF827
:1090300000B005FB02A213FA8BF34FEA124A1FFAA3
:1090400082FBDEF80020CBEB124202EB23429BB204
:1090500043EA024381454FEA224B4EF8043BDBD200
:1090600056F80C3033B9019B043B9E421A4630D36C
:10907000C8F81040404601F04BFA002825DB0135C6
:1090800030464FF0000C57F8042BD0F800E093B2B4
:10909000ACEB0303120C13FA8EF3C2EB1E4202EB8D
:1090A00023429BB243EA0243B9454FEA224C40F8BF
:1090B000043BE8D256F8242006EB84032AB9043B8B
:1090C0009E421A460BD3C8F81040284603B0BDE8AC
:1090D000F08F1268043B002ACAD1013CC5E7126830
:1090E000043B002AEFD1013CEAE70020EEE7000054
:1090F0002DE9F04F57EC106B97B0456A0691044686
:109100000B921293DDF88080CDE900673DB9102005
:10911000F5F70EFA6062C0E901550560C560636A43
:10912000196851B15A684A60012393408B60204608
:1091300001F00CF8636A00221A603B1EBBBF23F0EB
:109140000043019300230122ACBFC8F80030C8F8E7
:109150000020AF4BDDF8048033EA080314D1129AE3
:1091600042F20F731360009B23B9C8F31300002869
:1091700000F04285219BDFF8ACB2002B00F0448563
:109180000BF1030300F03EBDDDE900670022002380
:109190003046394601F058FF814668B1129A0123E2
:1091A0001360219B002B00F024859A4B219A03F138
:1091B000FF3B136000F028BD14AA15A947EC106B03
:1091C000204601F01CFAC8F30A550490002D7CD00B
:1091D000C7F3130343F07F5BB2464BF4401BA5F289
:1091E000FF35CDF84C9000228B4B50465946FEF788
:1091F00001F981A3D3E9002301F0BEFC80A3D3E9E8
:109200000023FEF7F9F8064628460F46FEF740FA17
:109210007DA3D3E9002301F0AFFC02460B463046A4
:109220003946FEF7E9F806460F4601F055FF0022E1
:10923000824600233046394601F010FF48B15046BF
:10924000FEF726FA32463B4601F0FEFE08B90AF167
:10925000FF3ABAF1160F59D8704901EBCA01DDE99E
:109260000023D1E9000101F017FF002850D00AF1D6
:10927000FF3A00230F93149B5D1BB5F1010849BF12
:10928000C5F10103002305934FF0000858BF059373
:10929000BAF1000F3EDB0023D044CDF838A007938D
:1092A000069B092B00F29080052BC4BF043B06935C
:1092B000069BA3F10203CCBF00250125032B00F27E
:1092C0008F80DFE803F07D7F3171DDE914531D44A9
:1092D00005F23240202813DDC0F14000009B08FA5F
:1092E00000F805F2124023FA00F048EA0000FEF709
:1092F000BFF901238246A1F1F87B013D139372E788
:10930000009BC0F1200003FA00F0F0E70123B1E771
:109310000F90B0E7059BA3EB0A030593CAF1000386
:10932000079300230E93BBE701230A930B9B002BAB
:1093300059DD02939946666A00227260042202F1A6
:1093400014009842716853D9204600F0CBFE636A3E
:109350003060B9F10E0FD3F800B000F2E680002DB6
:1093600000F0E3809DED007BBAF1000F8DED107BE6
:1093700074DD2A4A0AF00F0302EBC30393ED007B6E
:109380004FEA2A16F0068DED087B65D5244BDDE902
:109390001001D3E9082301F019FDCDE9000106F021
:1093A0000F0603251E4F4CE001230A930B9B5344E9
:1093B00003F1010902934B46012BB8BF0123BAE721
:1093C0000023B2E70023F0E70125002306930A9566
:1093D0004FF0FF3302939946002212230B92AAE723
:1093E00001230A93F4E70123029399461A46F5E70D
:1093F000013171605200A2E761436F63A787D23FDA
:10940000B3C8608B288AC63FFB799F501344D33F73
:109410000000F07F1CB903000000F83FD8BA030039
:10942000B0BA030049BA0300F10708D5DDE9080125
:10943000D7E9002301F0A0FBCDE908010135761042
:109440000837002EF0D1DDE90823DDE9000101F045
:10945000BDFCCDE900011AE00225A3E700F0A080E1
:10946000CAF100069F4BA04F06F00F0203EBC203A8
:10947000D3E90023DDE9100101F07EFBCDE9000115
:10948000361100230225002E7FD1002BE1D10F9B46
:10949000002B00F08780DDE900670022934B304607
:1094A000394601F0DBFD00287CD0B9F1000F79D0FE
:1094B000029B002B35DD0AF1FF3308933946002269
:1094C0008B4B304601F058FBCDE90001029F01357E
:1094D0002846FEF7DDF8DDE9002301F04DFB002210
:1094E000844BFDF789FF0546A1F15076002F5DD131
:1094F0000022814BDDE90001FDF77CFF2A4633465F
:10950000CDE9000101F0C8FD002840F088822A461C
:1095100006F10043DDE9000101F0A0FD002840F064
:109520007C82DDE91023CDE90023159B002BC0F2DE
:109530005081BAF10E0F00F34C816A4B03EBCA0362
:1095400093ED007B0B9B002B8DED027B80F2D8808E
:10955000B9F1000F00F3D48040F05E820022664B28
:1095600051EC170B01F008FBDDE9002301F08AFD47
:109570004F464E46002840F0348231230BF101055E
:109580008BF800300AF1010A2FE2F20705D5D7E97E
:10959000002301F0F1FA013501237610083772E754
:1095A000022574E7CDF820A04F4691E74D4B03EB21
:1095B000C70353E902010A9B002B47D002460B4622
:1095C00000204E4901F002FC2A463346FDF712FF07
:1095D000CDE90C015D46DDE9000101F07DFD0646A7
:1095E000FEF756F802460B46DDE90001FDF702FFE3
:1095F000303605F8016BDDE90C23CDE9000101F0FF
:109600002DFD002863D1DDE9002300203749FDF757
:10961000F1FEDDE90C2301F021FD002840F0B780C8
:10962000A5EB0B039F427FF77CAF0022304BDDE9B7
:109630000C0101F0A1FA0022CDE90C012C4BDDE96F
:10964000000101F099FACDE90001C4E72A4633464A
:1096500001F092FACDE90C010BEB07055E46DDE95E
:10966000000101F039FD0746FEF712F830370246D7
:109670000B46DDE90001FDF7BDFE06F8017BAE42B9
:10968000CDE900014FF0000226D11C4BDDE90C01B1
:10969000FDF7B2FE02460B46DDE9000101F0FCFCDD
:1096A000002874D1DDE90C2300201449FDF7A2FE47
:1096B00002460B46DDE9000101F0D0FC00283FF432
:1096C00030AF15F8013C302B05F1FF3202D0DDF848
:1096D00020A04AE01546F4E7054B01F04DFACDE92C
:1096E0000001BCE7D8BA0300B0BA03000000F03FA5
:1096F0000000244000001C40000014400000E03F37
:10970000DDE900675D46DDE902233046394601F0B8
:109710005DFB01F0E1FC8046FDF7BAFFDDE90223C5
:1097200001F02AFA02460B463046394608F1300667
:10973000FDF760FE05F8016BA5EB0B06B14502468F
:109740000B4639D1FDF758FEDDE9022306460F46E8
:1097500001F0A2FCC8B9DDE902233046394601F028
:1097600073FC10B118F0010F0FD10499204600F0DE
:10977000EDFC0023129A2B700AF101031360219B68
:10978000002B00F041821D603EE2CDF820A015F8CC
:10979000012C392A05F1FF3308D19B450AD1089BDA
:1097A0000133089330238BF800305B461A7801327E
:1097B0001A708CE71D46EAE700229B4B01F0DCF9AA
:1097C0000022002306460F4601F03EFC00289AD0F6
:1097D000CBE70A9A002A00F08B80069A012A6EDCF9
:1097E000139A002A67D003F23343079F059D059A19
:1097F00001211A4420460592984400F047FD064690
:10980000002D0CDDB8F1000F09DD4545059A2B460A
:10981000A8BF4346D21A0592ED1AA8EB0308079B8E
:10982000EBB10A9B002B67D08FB131463A462046F8
:1098300000F0CCFD049A01460646204600F02FFDBC
:1098400004990890204600F081FC089B0493079B34
:10985000DA1B04D00499204600F0B8FD04900121E1
:10986000204600F013FD0E9B0746002B00F0D08130
:109870001A460146204600F0A9FD069B012B07462B
:1098800040DC009B002B39D1019BC3F31303002B59
:1098900036D1019B23F000431B0D1B052BB1059B0B
:1098A0000133059308F10108012307930E9B002B58
:1098B0002AD1012030E0149BC3F1360395E7079BC2
:1098C00009F1FF37BB42BFBF079B0797FA1A0E9BF0
:1098D000BBBF9B180E93DF1B0027B9F1000FB5BF6C
:1098E000059B059DA3EB09054B46B8BF00237EE70A
:1098F000079F059D0A9E83E7079AABE70023D4E7FD
:10990000009BD2E7002307933B6907EB83031869A9
:1099100000F06EFCC0F12000404410F01F0047D062
:10992000C0F12003042B3BDD059BC0F11C00034468
:10993000059305448044059B002B05DD1A460499D8
:10994000204600F091FD0490B8F1000F05DD394686
:109950004246204600F088FD07460F9B53B3394628
:10996000049800F0D5FD002824DA00230A22049987
:10997000204600F002FC0A9B04900AF1FF3A002BFB
:1099800000F04D81002331460A22204600F0F5FB0D
:10999000029B002B06464FDC069B022B4CDD11E0A0
:1099A000C9D0059A1C331A4405921D449844C2E755
:1099B0000346F6E7B9F1000F38DC069B022B35DDD4
:1099C000CDF80890029B63B939460522204600F085
:1099D000D4FB01460746049800F09AFD00283FF7A3
:1099E000CCAD0B9B5D466FEA030A4FF00009394688
:1099F000204600F0ABFB002E3FF4B7AEB9F1000FEC
:109A000005D0B14503D04946204600F09FFB3146C2
:109A1000204600F09BFBA8E600273E46E1E7DDF884
:109A200020A03E46A9E500BF000024400A9BCDF8D7
:109A30000890002B00F0FA80002D05DD31462A4603
:109A4000204600F011FD0646079B002B4CD07168A4
:109A5000204600F047FB326902320546920006F1CB
:109A60000C010C30FEF721FA01222946204600F0B5
:109A7000FBFC009BCDF814B003F00103B146079343
:109A8000064639460498FFF7A6FA4946054600F10E
:109A90003008049800F03CFD3246009039462046DC
:109AA00000F050FDC368024603BB014608900498CD
:109AB00000F02EFD089A034611462046089300F058
:109AC00045FB089BA3B9069A92B9079A82B9B8F1E7
:109AD000390F29D0009B002B01DD05F13108059BD2
:109AE0005D1C83F8008082E73046C2E70123E3E78C
:109AF000009A002A04DB25D1069A1ABB079A0ABBF2
:109B0000002BECDD01220499204600F0ADFC394623
:109B1000049000F0FDFC002803DCE0D118F0010FF8
:109B2000DDD0B8F1390FD8D1059B059A5D1C3923DA
:109B3000137015F8013C392B05F1FF324FD001337A
:109B4000137054E7059A002B02F1010506DDB8F108
:109B5000390FE9D008F10108059BC2E7029A05F820
:109B6000018CA5EB0B03934221D000230A22049918
:109B7000204600F002FBB14504904FF000034FF087
:109B80000A024946204605D100F0F7FA814606460A
:109B9000059576E700F0F1FA3146814600230A2266
:109BA000204600F0EAFA0646F2E74FF000090122EB
:109BB0000499204600F058FC3946049000F0A8FCB7
:109BC0000028B6DC02D118F0010FB2D115F8013C23
:109BD000302B05F1FF327FF40AAF1546F6E79345C7
:109BE00005D131230AF1010A8BF80030FFE6154652
:109BF0009FE7DFF864B007E0219BDFF860B01BB19E
:109C00000BF10803219A1360584617B0BDE8F08F96
:109C1000069B012B7FF735AE0E9B079349E6029B0F
:109C2000002B03DC069B022B3FF7CCAE5D4639468A
:109C30000498FFF7D0F900F1300805F8018B029A7B
:109C4000A5EB0B039A42B0DD00230A2204992046BB
:109C500000F093FA0490EAE71BB9030040BA03004E
:109C60008A892DE9F041054610070C4658D44B6807
:109C7000002B05DC0B6C002B02DC0020BDE8F08122
:109C8000E66A002EF9D0002312F480522F68216A70
:109C90002B6032D0606DA3895A0705D56368C01A5E
:109CA000636B0BB1236CC01A00230246E66A216A7B
:109CB0002846B047431CA38906D129681D2948D8E6
:109CC000294ACA40D60744D500226260D9042269D5
:109CD000226004D5421C01D12B6803B96065616B19
:109CE0002F600029C9D004F14403994202D02846CC
:109CF000FEF716F900206063C0E701232846B0474D
:109D0000411CC8D12B68002BC5D01D2B01D0162BB0
:109D100001D12F60B1E7A38943F04003A381ADE7F0
:109D20000F69002FA9D093070E6808BF4B690F6019
:109D300018BF0023A6EB07088B60B8F1000F9CDD6D
:109D400043463A46216AA66A2846B047002806DC00
:109D5000A38943F04003A3814FF0FF308EE707440F
:109D6000A8EB0008E9E700BF0100402038B50B6907
:109D700005460C46DBB118B183690BB900F060F8F9
:109D80000C4B9C4209D16C68B4F90C307BB1214674
:109D90002846BDE83840FFF763BF074B9C4201D11E
:109DA000AC68F1E7054B9C4208BFEC68ECE700208B
:109DB00038BD00BF70BA030090BA030050BA030068
:109DC000002310B50446C0E90033836081814366F7
:109DD000C281C0E904338361194608225C30FEF772
:109DE00088F8054B6362054BA362054BE362054BA4
:109DF0002462236310BD00BF11AA030033AA03002D
:109E00006BAA03008FAA0300014900F085B800BFC8
:109E10006D9D030070B54A1E682555430E4605F139
:109E20007401FEF7CBF8044640B10021C0E90016EA
:109E30000C30A06005F16802FEF75BF8204670BDAB
:109E4000836910B5044633BBC0E912330365124B76
:109E5000124A1B688262984204BF0123836100F0AA
:109E60001FF86060204600F01BF8A060204600F05C
:109E700017F80022E06004216068FFF7A1FF0122CB
:109E80000921A068FFF79CFF02221221E068FFF77A
:109E900097FF0123A36110BDECB80300099E0300E6
:109EA000F8B51B4B1E68B369074613B93046FFF778
:109EB000C7FF4836D6E90134013B03D5336833B1D7
:109EC0003668F7E7B4F90C506DB16834F4E7042153
:109ED0003846FFF79FFF30600028F1D10C233B602C
:109EE00004462046F8BD0B4B6566C4E90055A560E5
:109EF000C4E90335C4E905550822294604F15C008C
:109F0000FDF7F7FFC4E90D55C4E91255E9E700BFB5
:109F1000ECB803000100FFFF2DE9F84380468946B5
:109F200000F14804002614B93046BDE8F883D4E9AE
:109F30000175013F01D52468F5E7AB89012B07D9ED
:109F4000B5F90E30013303D029464046C8470643D1
:109F50006835EEE7044B1B68186A044B002808BFFD
:109F60001846F030704700BF84360020E8360020E5
:109F700070B50E46B1F90E10002996B014461D4674
:109F800007DA00232B60B3891A0610D44FF48063DC
:109F90000EE06A4600F0A2FD0028F2DB019A02F40E
:109FA0007042A2F500535A425A412A60EEE740231C
:109FB0000020236016B070BD8B8973B59D070646DF
:109FC0000C4607D504F14703236023610123636135
:109FD00002B070BD01AB6A46FFF7CAFF00990546A3
:109FE0003046FDF7EBFF48B9B4F90C309A05EFD4D1
:109FF00023F0030343F00203A381E3E70D4BB362B5
:10A00000A389206043F08003A381009B6361019BCF
:10A0100020615BB1B4F90E10304600F071FD28B13B
:10A02000A38923F0030343F00103A381A3891D4304
:10A03000A581CDE7099E030000000000000000009C
:10A0400001F0FF01102A2BDB10F0070F08D010F8E9
:10A05000013B013A8B422DD010F0070F42B3F6D1ED
:10A06000F0B441EA012141EA014122F007047FF006
:10A0700000070023F0E80256083C85EA010586EA5D
:10A08000010685FA47F5A3FA87F586FA47F6A5FA99
:10A0900087F68EB9EED1F0BC01F0FF0102F00702A5
:10A0A00032B110F8013B013A83EA010313B1F8D150
:10A0B0000020704701387047002D06BF3546033831
:10A0C000073815F0010F07D1013015F4807F02BF6A
:10A0D000013015F4C03F0130F0BC0138704700BFBB
:10A0E0007047704770B5456A04460E463DB910206A
:10A0F000F4F71EFA6062C0E901550560C560656A43
:10A10000EB6883B1636ADB6853F82600B8B90121B4
:10A1100001FA06F56A1D92002046FDF7F2FE60B1D5
:10A12000C0E901650EE0212204212046FDF7E9FE89
:10A13000636AE860DB68002BE4D1002070BD026830
:10A1400043F826200023C0E90333F7E770B5446ADB
:10A1500006460D463CB91020F4F7EAF97062C0E9F2
:10A1600001440460C4603DB1736A6A68DB6853F8F7
:10A170002210296043F8225070BD2DE9F0410D698D
:10A180001F4606460C4601F1140C0023DCF80000C3
:10A1900081B202FB01710F0C000C02FB007089B24E
:10A1A000013301EB00419D424FEA10474CF8041B7C
:10A1B000ECDCD7B1A368AB4212DC616830460131F8
:10A1C000FFF790FF2269023204F10C0180469200F1
:10A1D0000C30FDF76AFE21463046FFF7B7FF4446D4
:10A1E00004EB850301355F6125612046BDE8F08100
:10A1F000020C12040346B2B90304102013F07F4F7F
:10A2000004BF1B02083013F0704F04BF1B01043061
:10A2100013F0404F04BF9B000230002B06DB5B00B5
:10A2200003D5013070470020E8E72020704703681D
:10A2300013F0070201460BD0DA0723D4980749BF71
:10A240005B089B0801200B605CBF0B60022070471D
:10A2500098B2A8B91B0C102013F0FF0F04BF1B0A03
:10A2600008301A0704BF1B0904309A0704BF9B0873
:10A270000230DA0702D45B0806D001300B60704769
:10A280001046E9E7002070472020704710B50C46C3
:10A290000121FFF727FF01224461026110BD2DE972
:10A2A000F74F14460A6923699A42B8BF0B4688469D
:10A2B000BCBFA0461C46D8F81070D4F81090D8F84F
:10A2C0000830D8F8041007EB0906B342B8BF0131D3
:10A2D000FFF708FF00F1140505EB860E2B46002260
:10A2E000734516D304F1140208F1140102EB89033B
:10A2F00001EB87070093009B019293420CD8002E3C
:10A3000003DD5EF8043D002B5DD0066103B0BDE8BF
:10A31000F08F43F8042BE3E7B2F800B0BBF1000F75
:10A3200023D08946AC464FF0000859F8044BDCF8BE
:10A3300000A0A3B21FFA8AFA0BFB03A34FEA144A48
:10A34000DCF8004043444FEA14480BFB0A8404EB5A
:10A350001344E2469BB243EA04434F454FEA144894
:10A360004AF8043B2BD8CCF80480019BB3F802A038
:10A370000432BAF1000F20D02B688946A8464FF06E
:10A38000000BB9F800C0B8F802400AFB0C445C446A
:10A39000C4469BB243EA04434CF8043B59F8043BDF
:10A3A000B8F804B01B0C0AFB03B303EB14434F458E
:10A3B0004FEA134B05D8C8F8043004359BE7D44660
:10A3C000B3E7E046DDE7013E99E700002DE9F843F9
:10A3D000154612F0030206460F4607D0013A214CFB
:10A3E000002354F82220FFF7C8FE0746AD1035D0F1
:10A3F000746A3CB91020F4F79BF87062C0E901441C
:10A400000460C460D6F82480D8F808404CB940F203
:10A4100071213046FFF73AFF0023C8F808000446D0
:10A4200003604FF00008EB070AD539462246304654
:10A43000FFF735FF394681463046FFF787FE4F4626
:10A440006D100BD0206838B9224621463046FFF700
:10A4500026FF2060C0F800800446E4E73846BDE8E7
:10A46000F88300BFA0BB03002DE9F0470C464FEA7C
:10A47000621A236949680AEB0309A368074616466E
:10A4800009F10105AB4232DB3846FFF72BFE002312
:10A49000804600F114011A4653452BDB20692AEA55
:10A4A000EA7A04F1140316F01F0201EB8A0103EBB0
:10A4B000800C25D0C2F1200E00201E688A469640EE
:10A4C00030434AF8040B53F8040B9C4520FA0EF075
:10A4D00014D8486008B109F10205013D3846C8F8B2
:10A4E00010502146FFF732FE4046BDE8F0870131AB
:10A4F0005B00C7E741F823200133CDE75146DCE795
:10A50000043953F8042B41F8042F9C45F9D8E4E7AB
:10A5100003690A699B1A30B50CD1920014301431CA
:10A520008418114454F8045D51F8042D954203D069
:10A5300005D30123184630BDA042F3D3FAE74FF00C
:10A54000FF33F7E72DE9F0470D4607461146284649
:10A550001446FFF7DDFF061E08D131463846FFF7E7
:10A56000C1FD0123C0E90436BDE8F087A4BF23463E
:10A570002C4638466168A6BF1D4600260126FFF717
:10A58000B1FD2B69C660266905F1140904F11402B6
:10A5900002EB860709EB830800F114054FF0000E6B
:10A5A00052F804AB59F8044B1EFA8AF1A3B2C91A47
:10A5B000230CC3EB1A4303EB214389B24FEA234E2A
:10A5C000C84541EA0343944645F8043BE8D8BC45F6
:10A5D00004D355F8043D83B10661C5E75CF8041B5C
:10A5E0001EFA81F31A1402EB11429BB243EA0243B2
:10A5F0004FEA224E45F8043BE9E7013EE9E72DE941
:10A60000F7430E46012159EC108B1546FFF76AFD02
:10A61000C9F30A540746C9F3130334BB0193B8F1D5
:10A62000000327D002A840F8083DFFF700FE00997C
:10A63000F0B1019AC0F1200302FA03F30B43C240C8
:10A640007B610192019BBB61002B14BF02210121A0
:10A650003961C4B1A4F2334404443460C0F135001C
:10A660002860384603B0BDE8F08343F48013D5E793
:10A670007961E7E701A8FFF7DAFD019B7B61012122
:10A6800039612030E5E707EB8103A0F2324030600A
:10A690001869FFF7ADFDC0EB4110E1E7F8B50746DB
:10A6A00014460E4621B91146BDE8F840FDF786BCB8
:10A6B00022B9FDF735FC25462846F8BD00F042FAE0
:10A6C000A0420FD221463846FDF778FC0546002807
:10A6D000F2D031462246FDF7E8FB31463846FDF719
:10A6E0001FFCE9E73546E7E72DE9F0478E689E4213
:10A6F00082460C469046994637D88A8912F4906F64
:10A7000031D0256809696F1A6569022305EB450593
:10A7100095FBF3F509F101033B449D4238BF1D460B
:10A72000530530D52946FDF749FC064650B90C23A0
:10A73000CAF80030A38943F04003A3814FF0FF30F3
:10A74000BDE8F0873A462169FDF7AFFBA38923F402
:10A75000906343F08003A381266165613E44ED1B55
:10A760002660A5604E464E4500D94E4632464146CB
:10A770002068FDF7A5FBA3689B1BA36023681E440C
:10A7800026600020DCE72A46FFF788FF06460028FF
:10A79000E2D121695046FDF7C3FBC8E72DE9F04F30
:10A7A0009DB0804603938B891D060C4616460FD537
:10A7B0000B696BB94021FDF701FC2060206128B9CD
:10A7C0000C23C8F800304FF0FF30C7E0402363612E
:10A7D0000023099320238DF8293030238DF82A3067
:10A7E0004FF0010B37463D4615F8013B0BB1252BC9
:10A7F0003ED1B7EB060A0BD05346324621464046BF
:10A80000FFF772FF013000F0A480099B53440993C5
:10A810003B78002B00F09D8000234FF0FF32CDE904
:10A820000523049307938DF853301A932F4605227E
:10A8300017F8011B4F48FFF703FC049BD0B9D9065A
:10A8400044BF20228DF853201A0744BF2B228DF8D5
:10A8500053202A782A2A15D0079A2F4600200A2545
:10A86000394611F8013B303B092B4DD9B8B10FE007
:10A870002F46B8E73F4A801A0BFA00F018430490BD
:10A880003D46D3E7039A111D12680391002A01DBAC
:10A89000079204E0524243F00203079204933B788C
:10A8A0002E2B0CD17B782A2B33D1039B1A1D1B68CE
:10A8B0000392002BB8BF4FF0FF33023705932E4DA4
:10A8C000397803222846FFF7BBFB38B14023401BF1
:10A8D00003FA00F0049B03430137049339782748B7
:10A8E0008DF8281006227E1CFFF7AAFB002838D01E
:10A8F000234B13BB039B073323F007030833039356
:10A90000099B4B4409936DE705FB023201200F467A
:10A91000A6E700230137059319460A25384610F8A3
:10A92000012B303A092A03D9002BC8D00591C6E77C
:10A9300005FB012101230746F0E703AB0093224604
:10A94000104B04A94046FDF765FDB0F1FF3F81467D
:10A95000D6D1A3895B063FF536AF09981DB0BDE897
:10A96000F08F03AB00932246064B04A94046FEF746
:10A9700007F8EAE7FAB8030000B9030004B90300D6
:10A9800015840300E9A603001F2938B504460D46C7
:10A9900004D9162303604FF0FF3038BD426C12B16A
:10A9A00052F821304BB9204600F030F82A460146D3
:10A9B0002046BDE8384000F017B8012B0AD0591CDA
:10A9C00003D1162303600120E7E7002442F8254065
:10A9D000284698470020E0E7024B01461868FFF739
:10A9E000D3BF00BF8436002038B5074C002305468E
:10A9F00008461146236000F0B7FB431C02D12368D0
:10AA000003B12B6038BD00BF685D002000F09CBB27
:10AA100010B50C46B1F90E1000F09CF80028ABBF41
:10AA2000636DA3891B1823F48053ACBF6365A381B6
:10AA300010BD2DE9F0411F468B89DB0505460C460C
:10AA4000164605D502230022B1F90E1000F068F871
:10AA5000A389B4F90E1023F48053A38132463B46F8
:10AA60002846BDE8F04100F017B810B50C46B1F922
:10AA70000E1000F055F8431CA38915BF606523F440
:10AA8000805343F48053A38118BFA38110BDB1F953
:10AA90000E1000F013B8000038B5074C0546084604
:10AAA0001146002222601A46F6F794F8431C02D1A0
:10AAB000236803B12B6038BD685D002038B5064CB3
:10AAC000002305460846236000F02EFB431C02D1FC
:10AAD000236803B12B6038BD685D002038B5074C92
:10AAE0000023054608461146236000F025FB431C61
:10AAF00002D1236803B12B6038BD00BF685D002020
:10AB000038B5064C002305460846236000F024FBB8
:10AB1000431C02D1236803B12B6038BD685D00205F
:10AB200038B5074C054608461146002222601A46F1
:10AB300000F022FB431C02D1236803B12B6038BD17
:10AB4000685D002051F8043C181F002BBCBF0B5857
:10AB5000C018704738B5074C054608461146002214
:10AB600022601A4600F010FB431C02D1236803B197
:10AB70002B6038BD685D002070B54FF0FF0C4CF4C1
:10AB8000E06C1CEA11541DBF1CEA135594EA0C0F2B
:10AB900095EA0C0F00F0DEF82C4481EA030621EA66
:10ABA0004C5123EA4C5350EA013518BF52EA0335A1
:10ABB00041F4801143F4801338D0A0FB02CE4FF053
:10ABC0000005E1FB02E506F00042E0FB03E54FF083
:10ABD0000006E1FB03569CF0000F18BF4EF0010E7B
:10ABE000A4F1FF04B6F5007F64F5407404D25FEA77
:10ABF0004E0E6D4146EB060642EAC62141EA55512A
:10AC00004FEAC52040EA5E504FEACE2EB4F1FD0C6B
:10AC100088BFBCF5E06F1ED8BEF1004F08BF5FEAE9
:10AC2000500E50F1000041EB045170BD06F000469B
:10AC300046EA010140EA020081EA0301B4EB5C0448
:10AC4000C2BFD4EB0C0541EA045170BD41F4801140
:10AC50004FF0000E013C00F3AB8014F1360FDEBF65
:10AC6000002001F0004170BDC4F10004203C35DA41
:10AC70000C341BDC04F11404C4F1200500FA05F3C4
:10AC800020FA04F001FA05F240EA020001F0004265
:10AC900021F0004110EBD37021FA04F642EB0601DB
:10ACA0005EEA430E08BF20EAD37070BDC4F10C0405
:10ACB000C4F1200500FA04F320FA05F001FA04F2C9
:10ACC00040EA020001F0004110EBD37041F10001B5
:10ACD0005EEA430E08BF20EAD37070BDC4F12005C0
:10ACE00000FA05F24EEA020E20FA04F301FA05F228
:10ACF00043EA020321FA04F001F0004121FA04F2D0
:10AD000020EA020000EBD3705EEA430E08BF20EA9F
:10AD1000D37070BD94F0000F0FD101F000464000D9
:10AD200041EB010111F4801F08BF013CF7D041EA5B
:10AD3000060195F0000F18BF704703F0004652005F
:10AD400043EB030313F4801F08BF013DF7D043EA30
:10AD50000603704794EA0C0F0CEA135518BF95EAE6
:10AD60000C0F0CD050EA410618BF52EA4306D1D16D
:10AD700081EA030101F000414FF0000070BD50EA8C
:10AD8000410606BF1046194652EA430619D094EA16
:10AD90000C0F02D150EA013613D195EA0C0F05D100
:10ADA00052EA03361CBF104619460AD181EA030154
:10ADB00001F0004141F0FE4141F470014FF000000C
:10ADC00070BD41F0FE4141F4780170BD70B54FF0A7
:10ADD000FF0C4CF4E06C1CEA11541DBF1CEA135527
:10ADE00094EA0C0F95EA0C0F00F0A7F8A4EB050409
:10ADF00081EA030E52EA03354FEA013100F0888000
:10AE00004FEA03334FF0805545EA131343EA1263C8
:10AE10004FEA022245EA111545EA10654FEA00267D
:10AE20000EF000419D4208BF964244F1FD0404F536
:10AE3000407402D25B084FEA3202B61A65EB030592
:10AE40005B084FEA32024FF480104FF4002CB6EB4F
:10AE5000020E75EB030E22BFB61A754640EA0C00CF
:10AE60005B084FEA3202B6EB020E75EB030E22BF0F
:10AE7000B61A754640EA5C005B084FEA3202B6EB50
:10AE8000020E75EB030E22BFB61A754640EA9C000F
:10AE90005B084FEA3202B6EB020E75EB030E22BFDF
:10AEA000B61A754640EADC0055EA060E18D04FEA9D
:10AEB000051545EA16754FEA06164FEAC30343EA3D
:10AEC00052734FEAC2025FEA1C1CC0D111F4801F0A
:10AED0000BD141EA00014FF000004FF0004CB6E703
:10AEE00011F4801F04BF01430020B4F1FD0C88BFA2
:10AEF000BCF5E06F3FF6AFAEB5EB030C04BFB6EBAD
:10AF0000020C5FEA500C50F1000041EB045170BD9F
:10AF10000EF0004E4EEA113114EB5C04C2BFD4EBCC
:10AF20000C0541EA045170BD41F480114FF0000E50
:10AF3000013C90E645EA060E8DE60CEA135594EACC
:10AF40000C0F08BF95EA0C0F3FF43BAF94EA0C0FCF
:10AF50000AD150EA01347FF434AF95EA0C0F7FF444
:10AF600025AF104619462CE795EA0C0F06D152EA98
:10AF700003353FF4FDAE1046194622E750EA41067C
:10AF800018BF52EA43067FF4C5AE50EA41047FF48D
:10AF90000DAF52EA43057FF4EBAE12E74FF0FF3CF2
:10AFA00006E000BF4FF0010C02E000BF4FF0010CC3
:10AFB0004DF804CD4FEA410C7FEA6C5C4FEA430C3C
:10AFC00018BF7FEA6C5C1BD001B050EA410C0CBF8B
:10AFD00052EA430C91EA030F02BF90EA020F0020ED
:10AFE000704710F1000F91EA030F58BF994208BF54
:10AFF00090422CBFD8176FEAE37040F00100704711
:10B000004FEA410C7FEA6C5C02D150EA013C07D167
:10B010004FEA430C7FEA6C5CD6D152EA033CD3D0B2
:10B020005DF8040B704700BF8446104662468C46AC
:10B030001946634600E000BF01B5FFF7B7FF0028DF
:10B0400048BF10F1000F01BD4DF808EDFFF7F4FF08
:10B050000CBF012000205DF808FB00BF4DF808ED93
:10B06000FFF7EAFF34BF012000205DF808FB00BFB6
:10B070004DF808EDFFF7E0FF94BF012000205DF8D8
:10B0800008FB00BF4DF808EDFFF7CEFF94BF01208D
:10B0900000205DF808FB00BF4DF808EDFFF7C4FF86
:10B0A00034BF012000205DF808FB00BF4FEA410CCF
:10B0B0007FEA6C5C02D150EA013C0AD14FEA430CB2
:10B0C0007FEA6C5C02D152EA033C02D14FF00000EF
:10B0D00070474FF0010070474FEA410212F500122D
:10B0E00015D211D56FF47873B3EB625212D94FEACF
:10B0F000C12343F0004343EA505311F0004F23FAB9
:10B1000002F018BF404270474FF00000704750EA0D
:10B11000013005D111F0004008BF6FF000407047CA
:10B120004FF00000704700BF024B58221A604FF0EA
:10B13000FF307047685D0020024B58221A604FF0C4
:10B14000FF307047685D0020024B58221A604FF0B4
:10B15000FF307047685D0020024B58221A600020C3
:10B16000704700BF685D0020024B58221A604FF004
:10B17000FF307047685D0020024B58221A604FF084
:10B18000FF307047685D0020024B58221A604FF074
:10B19000FF307047685D0020FEE700BFF8B500BFD4
:10B1A000F8BC08BC9E467047F8B500BFF8BC08BCA8
:10B1B0009E46704730303030313532332D313231A8
:10B1C000322D454644452D313532332D37383546FD
:10B1D00045414243443132330000000030303030CA
:10B1E000313532342D313231322D454644452D3101
:10B1F0003532332D373835464541424344313233B9
:10B200000000000030303030313532352D313231F0
:10B21000322D454644452D313532332D37383546AC
:10B220004541424344313233000000003030303079
:10B23000313532362D313231322D454644452D31AE
:10B240003532332D37383546454142434431323368
:10B250000000000030303030313532372D3132319E
:10B26000322D454644452D313532332D373835465C
:10B270004541424344313233000000003030303029
:10B28000313532382D313231322D454644452D315C
:10B290003532332D37383546454142434431323318
:10B2A0000000000030303030313532392D3132314C
:10B2B000322D454644452D313532332D373835460C
:10B2C0004541424344313233000000005234305F84
:10B2D000494D5500D1010A5402656E5234305F4920
:10B2E0004D5500000004040201000F030B0C0C0B71
:10B2F0000D0E0E0D131515130200000004000000C2
:10B300000600000011000000000000000000000026
:10B3100051AD020069AD020085AD0200A9AF020087
:10B320000000000000000000E1B5020005B60200C8
:10B33000100018000000C80000000000000000001D
:10B3400015C0020015C0020019C002000000000074
:10B350000000000091C0020095C00200A4B30300E9
:10B36000ACB30300B4B30300C8B30300010000078B
:10B3700011000000D8ECF0F4F8FC00030400000019
:10B3800046656174686572206E52463532383332D4
:10B39000204578707265737300000000424C4500D0
:10B3A000534F43005075626C6963000053746174BD
:10B3B0006963000050726976617465205265736F2D
:10B3C0006C7661626C65000050726976617465200C
:10B3D0004E6F6E205265736F6C7661626C65000013
:10B3E000000000000000000015C0020015C00200AF
:10B3F000F1CB02002F61646166727569742F626F10
:10B400006E645F707270682F253032582530325864
:10B4100025303258253032582530325825303258B0
:10B42000000000002F61646166727569742F626F9D
:10B430006E645F636E74722F253032582530325837
:10B440002530325825303258253032582530325880
:10B45000000000002F61646166727569742F626F6D
:10B460006E645F70727068002F61646166727569E6
:10B47000742F626F6E645F636E7472002530325891
:10B480003A253032583A253032583A253032583A37
:10B49000253032583A2530325800000000000000B4
:10B4A0000000000001D9020029D90200E1D8020001
:10B4B000E5D80200E9D80200F1D80200F9D802006C
:10B4C0000000000001000000020000000300000076
:10B4D0000400000005000000060000000700000056
:10B4E00008000000090000000A0000000B00000036
:10B4F0000C0000000D0000000E0000000F00000016
:10B5000010000000110000001200000013000000F5
:10B5100014000000150000001600000017000000D5
:10B5200018000000190000001A0000001B000000B5
:10B530001C0000001D0000001E0000001F00000095
:10B54000000000000000000071DF0200BDDF02000B
:10B5500031DF020045DF020019DF020029DF0200AF
:10B5600021DF020015E0020039E2020075DE020070
:10B570006DDE0200546D725100000000546D7220A7
:10B58000537663006C6F6F700000000043616C6C59
:10B590006261636B0000000000000000000000001A
:10B5A000B5140300B91403002E0000002E2E000075
:10B5B0002F0000000000000000000000351803000C
:10B5C000B5160300E1D80200A917030065170300B0
:10B5D000D9170300F51603006C66735F6361636837
:10B5E000655F7265616400006C66735F63616368C8
:10B5F000655F70726F6700006C66735F63747A5F7B
:10B6000066696E64000000006C66735F63747A5F45
:10B61000657874656E6400006C66735F66696C655E
:10B620005F73796E630000006C66735F72656D6FA7
:10B63000766500006C66735F696E697400000000D7
:10B640007063616368652D3E626C6F636B203D3D86
:10B65000203078666666666666666600626C6F6352
:10B660006B203C206C66732D3E6366672D3E626CDA
:10B670006F636B5F636F756E74000000433A5C55D7
:10B68000736572735C57696D626130345C2E706CE7
:10B690006174666F726D696F5C7061636B61676521
:10B6A000735C6672616D65776F726B2D6172647524
:10B6B000696E6F61646166727569746E7266353247
:10B6C0005C6C69627261726965735C416461667227
:10B6D0007569745F4C6974746C6546535C7372630E
:10B6E0005C6C6974746C6566735C6C66732E630065
:10B6F00068656164203E3D20322026262068656111
:10B7000064203C3D206C66732D3E6366672D3E626F
:10B710006C6F636B5F636F756E740000656E74723F
:10B72000792E642E74797065203D3D204C46535F20
:10B73000545950455F524547000000006E626C6FDF
:10B74000636B203E3D2032202626206E626C6F63A4
:10B750006B203C3D206C66732D3E6366672D3E6218
:10B760006C6F636B5F636F756E7400006C66732D36
:10B770003E6366672D3E6C6F6F6B61686561642028
:10B7800025203332203D3D20300000006C66732DB3
:10B790003E6366672D3E6C6F6F6B61686561642008
:10B7A0003E2030006C66732D3E6366672D3E7072DE
:10B7B0006F675F73697A652025206C66732D3E6321
:10B7C00066672D3E726561645F73697A65203D3DF1
:10B7D000203000006C66732D3E6366672D3E626C00
:10B7E0006F636B5F73697A652025206C66732D3EED
:10B7F0006366672D3E70726F675F73697A65203D7F
:10B800003D203000342A6C66735F6E7077322830CA
:10B81000786666666666666666202F20286C6673A4
:10B820002D3E6366672D3E626C6F636B5F73697A52
:10B83000652D322A342929203C3D206C66732D3E2B
:10B840006366672D3E626C6F636B5F73697A650038
:10B850006C6974746C656673000000007265730037
:10B86000000000006410B71DC8206E3BAC30D92624
:10B870009041DC76F4516B6B5861B24D3C710550D0
:10B880002083B8ED44930FF0E8A3D6D68CB361CBF8
:10B89000B0C2649BD4D2D38678E20AA01CF2BDBDAC
:10B8A0000000000000000000216F0300356F03005E
:10B8B0002C2066756E6374696F6E3A200061737335
:10B8C000657274696F6E2022257322206661696C2F
:10B8D00065643A2066696C6520222573222C206CF1
:10B8E000696E65202564257325730A00883600205B
:10B8F0004300504F534958002E00232D302B200079
:10B90000686C4C0065666745464700494E460069CD
:10B910006E66004E414E006E616E00300030313276
:10B9200033343536373839414243444546003031A7
:10B930003233343536373839616263646566000006
:10B9400020202020202020202028282828282020CF
:10B9500020202020202020202020202020202020E7
:10B96000881010101010101010101010101010105F
:10B97000040404040404040404041010101010103F
:10B980001041414141414101010101010101010118
:10B99000010101010101010101010110101010104C
:10B9A00010424242424242020202020202020202E9
:10B9B0000202020202020202020202101010102011
:10B9C0000000000000000000000000000000000077
:10B9D0000000000000000000000000000000000067
:10B9E0000000000000000000000000000000000057
:10B9F0000000000000000000000000000000000047
:10BA00000000000000000000000000000000000036
:10BA10000000000000000000000000000000000026
:10BA20000000000000000000000000000000000016
:10BA30000000000000000000000000000000000006
:10BA4000496E66696E697479004E614E00000000AF
:10BA500000000000000000000000000000000000E6
:10BA600000000000000000000000000000000000D6
:10BA700000000000000000000000000000000000C6
:10BA800000000000000000000000000000000000B6
:10BA900000000000000000000000000000000000A6
:10BAA0000000000000000000000000000000000096
:10BAB0000080E03779C34143176E05B5B5B89346AA
:10BAC000F5F93FE9034F384D321D30F94877825A76
:10BAD0003CBF737FDD4F1575000000000000F03F94
:10BAE0000000000000002440000000000000594059
:10BAF0000000000000408F40000000000088C340AC
:10BB000000000000006AF8400000000080842E4120
:10BB100000000000D01263410000000084D797416C
:10BB20000000000065CDCD41000000205FA0024272
:10BB3000000000E876483742000000A2941A6D42E7
:10BB4000000040E59C30A2420000901EC4BCD642DA
:10BB500000003426F56B0C430080E03779C3414385
:10BB600000A0D8855734764300C84E676DC1AB43FB
:10BB7000003D9160E458E143408CB5781DAF154419
:10BB800050EFE2D6E41A4B4492D54D06CFF08044F4
:10BB9000F64AE1C7022DB544B49DD9794378EA4409
:10BBA00005000000190000007D00000000000000FA
:08BBB000A0A6FE7F01000000C9
:10BBB8000000000000100000001000001E1A1F19ED
:10BBC800640000000A0000000169FFFF0C0C0B0B69
:10BBD80076150C130B0000006C5D00200090D0035C
:10BBE80000000000A56F0300896F03005D6F03006C
:10BBF800516F0300800000008000000080000000FA
:10BC0800E0000000800000000000000000000000CC
:10BC1800000000000000000059700300C970030014
:10BC28004D7003003D700300FFFFFFFF404D0020F3
:10BC380002000000883600200000000070BA0300EF
:10BC480090BA030050BA0300000000000000000092
:10BC580000000000000000000000000000000000DC
:10BC680000000000000000000000000000000000CC
:10BC780000000000000000000000000000000000BC
:10BC880000000000000000000000000000000000AC
:10BC98000000000000000000430000000000000059
:10BCA800000000000000000000000000000000008C
:10BCB8000000000000000000430000000000000039
:10BCC800000000000000000000000000000000006C
:10BCD8000000000000000000430000000000000019
:10BCE800000000000000000000000000000000004C
:10BCF80000000000000000004300000000000000F9
:10BD0800000000000000000000000000000000002B
:10BD180000000000000000004300000000000000D8
:10BD2800000000000000000000000000000000000B
:10BD380000000000000000004300000000000000B8
:10BD480000000000000000000000000000000000EB
:10BD58000000000000000000430000000000000098
:10BD680000000000000000000000000000000000CB
:10BD78000000000000000000D18E0300697E03006F
:10BD8800000000003FB90300F8B80300EBB8030057
:10BD9800EBB80300EBB80300EBB80300EBB8030003
:10BDA800EBB80300EBB80300EBB80300EBB80300F3
:10BDB800FFFFFFFFFFFFFFFFFFFFFFFFFFFF000089
:10BDC8000100415343494900000000000000000001
:10BDD800000000000000000000000000000000005B
:10BDE80000004153434949000000000000000000E2
:10BDF800000000000000000000000000000000003B
:10BE08000000000001620200356202007182020037
:10BE18009DA8020085CB020079DD0200ADE4020096
:08BE2800FD6F0300116202002E
:0400000330000ADDE2
:00000001FF
