:020000040000FA
:2000000000040020810A000015070000610A00001F0700002907000033070000000000001A
:20002000000000000000000000000000A50A00003D07000000000000470700005107000027
:200040005B070000650700006F07000079070000830700008D07000097070000A107000078
:20006000AB070000B5070000BF070000C9070000D3070000DD070000E7070000F1070000D8
:20008000FB070000050800000F08000019080000230800002D080000370800004108000031
:2000A0004B080000550800005F08000069080000730800007D080000870800009108000090
:2000C0009B080000A5080000AF080000B9080000C3080000CD080000D7080000E1080000F0
:2000E000EB080000F5080000FF08000009090000130900001D09000027090000310900004B
:200100003B0900001FB500F003F88DE80F001FBD00F0ACBC40F6FC7108684FF01022401C44
:2001200008D00868401C09D00868401C04D0086800F037BA9069F5E79069F9E7704770B5C7
:200140000B46010B184400F6FF70040B4FF080500022090303692403406943431D1B1046E5
:2001600000F048FA29462046BDE8704000F042BAF0B54FF6FF734FF4B4751A466E1E11E092
:20018000A94201D3344600E00C46091B30F8027B641E3B441A44F9D19CB204EB134394B229
:2001A00004EB12420029EBD198B200EB134002EB124140EA0140F0BDF34992B00446D1E9B5
:2001C0000001CDE91001FF224021684600F0F4FB94E80F008DE80F00684610A902E004C824
:2001E00041F8042D8842FAD110216846FFF7C0FF1090AA208DF8440000F099F9FFF78AFF38
:2002000040F6FC7420684FF01025401C0FD0206810226946803000F078F92068401C08D0CB
:200220002068082210A900F070F900F061F9A869EEE7A869F5E74FF080500369406940F683
:20024000FC71434308684FF01022401C06D0086800F58050834203D2092070479069F7E712
:200260000868401C04D00868401C03D0002070479069F9E70420704770B504460068C34DCD
:20028000072876D2DFE800F033041929631E2500D4E9026564682946304600F062F92A4681
:2002A0002146304600F031F9AA002146304600F057FB002800D0032070BD00F009FC4FF4FE
:2002C000805007E0201D00F040F90028F4D100F0FFFB60682860002070BD241D94E80700C9
:2002E000920000F03DFB0028F6D00E2070BDFFF7A2FF0028FAD1D4E901034FF0805100EBB5
:20030000830208694D69684382420ED840F6F87005684FF010226D1C09D0056805EB830519
:200320000B6949694B439D4203D9092070BD5569F4E70168491C03D00068401C02D003E045
:200340005069FAE70F2070BD2046FFF735FFFFF772FF0028F7D1201D00F0F7F80028F2D1B9
:2003600060680028F0D100F0E2F8FFF7D3FE00F0BFF8072070BD10B50C46182802D00120F6
:20038000086010BD2068FFF777FF206010BD4168054609B1012700E0002740F6F8742068E0
:2003A0004FF01026401C2BD02068AA68920000F0D7FA38B3A86881002068401C27D02068A5
:2003C000FFF7BDFED7B12068401C22D026684FF08050AC686D68016942695143A9420DD90E
:2003E000016940694143A14208D92146304600F0B8F822462946304600F087F800F078F809
:200400007069D2E700F093F8FFF784FEF6E77069D6E77669DBE740F6FC7420684FF01026A0
:20042000401C23D02068401C0CD02068401C1FD02568206805F18005401C1BD027683879C3
:20044000AA2819D040F6F8700168491C42D00168491C45D00168491C3ED001680968491C65
:200460003ED00168491C39D000683EE0B069DAE7B569DEE7B769E2E710212846FFF778FE60
:200480003968814222D12068401C05D0D4F8001001F18002C03107E0B169F9E730B108CA77
:2004A00051F8040D984201D1012000E000208A42F4D158B1286810B1042803D0FEE72846D8
:2004C000FFF765FF3149686808600EE0FFF722FE00F00EF87169BBE77169BFE7706904E05D
:2004E0004FF480500168491C01D000F0CBFAFEE7BFF34F8F26480168264A01F4E06111434F
:200500000160BFF34F8F00BFFDE72DE9F04117460D460646002406E03046296800F054F8B7
:20052000641C2D1D361DBC42F6D3BDE8F08140F6FC700168491C04D0D0F800004FF48051A1
:20054000FDE54FF010208069F8E74FF080510A69496900684A43824201D8102070470020B4
:20056000704770B50C4605464FF4806608E0284600F017F8B44205D3A4F5806405F580556A
:20058000002CF4D170BD0000F40A0000000000200CED00E00400FA05144801680029FCD089
:2005A0007047134A0221116010490B68002BFCD00F4B1B1D186008680028FCD000201060D2
:2005C00008680028FCD07047094B10B501221A60064A1468002CFCD0016010680028FCD0B9
:2005E0000020186010680028FCD010BD00E4014004E5014070B50C46054600F073F810B9F5
:2006000000F07EF828B121462846BDE8704000F007B821462846BDE8704000F037B80000B9
:200620007FB5002200920192029203920A0B000B6946012302440AE0440900F01F0651F848
:20064000245003FA06F6354341F82450401C8242F2D80D490868009A10430860081D016875
:20066000019A1143016000F03DF800280AD0064910310868029A10430860091D0868039A79
:20068000104308607FBD00000006004030B50F4C002200BF04EB0213D3F800582DB9D3F824
:2006A000045815B9D3F808581DB1521C082AF1D330BD082AFCD204EB0212C2F80008C3F846
:2006C00004180220C3F8080830BD000000E001404FF08050D0F83001082801D00020704723
:2006E000012070474FF08050D0F83011062905D0D0F83001401C01D0002070470120704731
:200700004FF08050D0F830010A2801D0002070470120704708208F490968095808471020CE
:200720008C4909680958084714208A49096809580847182087490968095808473020854954
:20074000096809580847382082490968095808473C20804909680958084740207D49096857
:200760000958084744207B49096809580847482078490968095808474C2076490968095839
:200780000847502073490968095808475420714909680958084758206E490968095808471E
:2007A0005C206C4909680958084760206949096809580847642067490968095808476820B7
:2007C00064490968095808476C20624909680958084770205F4909680958084774205D4960
:2007E00009680958084778205A490968095808477C2058490968095808478020554909686F
:200800000958084784205349096809580847882050490968095808478C204E490968095850
:20082000084790204B49096809580847942049490968095808479820464909680958084735
:200840009C204449096809580847A0204149096809580847A4203F49096809580847A8208E
:200860003C49096809580847AC203A49096809580847B0203749096809580847B42035499F
:20088000096809580847B8203249096809580847BC203049096809580847C0202D49096886
:2008A00009580847C4202B49096809580847C8202849096809580847CC2026490968095868
:2008C0000847D0202349096809580847D4202149096809580847D8201E490968095808474D
:2008E000DC201C49096809580847E0201949096809580847E4201749096809580847E82066
:200900001449096809580847EC201249096809580847F0200F49096809580847F4200D49DE
:20092000096809580847F8200A49096809580847FC2008490968095808475FF480700549EB
:20094000096809580847000003480449024A034B7047000000000020000B0000000B000057
:2009600040EA010310B59B070FD1042A0DD310C808C9121F9C42F8D020BA19BA884201D923
:20098000012010BD4FF0FF3010BD1AB1D30703D0521C07E0002010BD10F8013B11F8014BDB
:2009A0001B1B07D110F8013B11F8014B1B1B01D1921EF1D1184610BD02F0FF0343EA0322A5
:2009C00042EA024200F005B87047704770474FF000020429C0F0128010F0030C00F01B808B
:2009E000CCF1040CBCF1020F18BF00F8012BA8BF20F8022BA1EB0C0100F00DB85FEAC17CF1
:200A000024BF00F8012B00F8012B48BF00F8012B70474FF0000200B513469446964620396B
:200A200022BFA0E80C50A0E80C50B1F12001BFF4F7AF090728BFA0E80C5048BF0CC05DF8EE
:200A400004EB890028BF40F8042B08BF704748BF20F8022B11F0804F18BF00F8012B704784
:200A6000014B1B68DB6818470000002009480A497047FFF7FBFFFFF745FB00BD20BFFDE7E4
:200A8000064B1847064A1060016881F30888406800470000000B0000000B00001704000059
:200AA000000000201EF0040F0CBFEFF30881EFF30981886902380078182803D100E00000BC
:200AC000074A1047074A12682C3212681047000000B5054B1B68054A9B58984700BD00000E
:200AE0007703000000000020F00A000004000000001000000000000000FFFFFF0090D003EE
:2010000080130020194B020005C000007F4A020005C0000005C0000005C0000000000000D8
:20102000000000000000000000000000754B020005C000000000000005C0000005C000009F
:20104000DD4B0200E34B020005C0000005C0000005C0000005C0000005C0000005C0000098
:20106000E94B020005C0000005C00000EF4B020005C00000F54B0200FB4B0200014C0200D6
:2010800005C0000005C0000005C0000005C0000005C0000005C0000005C0000005C0000028
:2010A00005C00000074C020005C0000005C0000005C0000005C0000005C0000005C0000078
:2010C0000D4C020005C0000005C0000005C0000005C0000005C0000005C0000005C0000052
:2010E00005C0000005C0000005C0000005C0000005C0000005C0000005C0000005C00000C8
:2011000005C0000005C0000000F002F823F0F3FC0AA090E8000C82448344AAF10107DA45DC
:2011200001D123F0E8FCAFF2090EBAE80F0013F0010F18BFFB1A43F001031847C03F0200E7
:20114000E03F02000A444FF0000C10F8013B13F0070408BF10F8014B1D1108BF10F8015B0F
:20116000641E05D010F8016B641E01F8016BF9D113F0080F1EBF10F8014BAD1C0C1B09D1DE
:201180006D1E58BF01F801CBFAD505E014F8016B01F8016B6D1EF9D59142D6D370470000CB
:2011A0000023002400250026103A28BF78C1FBD8520728BF30C148BF0B6070471FB500F042
:2011C0003DF88DE80F001FBD1EF0040F0CBFEFF30880EFF30980014A1047000047BF000011
:2011E000F0B44046494652465B460FB402A0013001B50648004700BF01BC86460FBC804643
:20120000894692469B46F0BC70470000091100008269034981614FF0010010447047000065
:201220002512000001B41EB400B514F047FD01B40198864601BC01B01EBD000023F058BC69
:2012400070B51A4C054609202070A01C00F0D1F85920A08029462046BDE8704008F0C4B853
:2012600008F0CDB870B50C461149097829B1A0F160015E2908D3012013E0602804D0692870
:2012800002D043F201000CE020CC0A4E94E80E0006EB8000A0F58050241FD0F8806E28464F
:2012A000B047206070BD0120704700000800002018000020584C02003249884201D2012073
:2012C00070470020704770B50446A0F500002E4EB0F1786F02D23444A4F500042948844258
:2012E00001D2012500E0002500F043F848B125B9B44204D32548006808E0012070BD0020F6
:2013000070BD002DF9D1B442F9D321488442F6D2F3E710B50446A0F50000B0F1786F03D215
:2013200019480444A4F5000400F023F84FF0804130B11648006804E08C4204D2012003E029
:2013400013488442F8D2002080F0010010BD10B520B1FFF7DEFF08B1012010BD002010BD47
:2013600010B520B1FFF7AFFF08B1012010BD002010BD084808490068884201D10120704722
:201380000020704700600200000000201C0000200800002054000020BEBAFECA10B50446CD
:2013A0000021012000F03DF800210B2000F039F80421192000F035F804210D2000F031F873
:2013C00004210E2000F02DF804210F2000F029F80421C84300F025F80621162000F021F89D
:2013E0000621152000F01DF82046FFF729FF002010BDB72101807047FFF732BF1148704714
:2014000010487047104A10B514680F4B0F4A08331A60FFF727FF0C48001D046010BD704745
:2014200070474907090E002804DB00F1E02080F80014704700F00F0000F1E02080F8141DBA
:201440007047000003F900421005024001000001FE48002101604160018170472DE9F7434C
:20146000044692B091464068FFF771FF40B16068FFF776FF20B9607800F00300022801D038
:20148000012000E00020F14E30724846FFF71BFF18B1102015B0BDE8F0834946012001F035
:2014A0008EFE0028F6D101258DF842504FF4C050ADF84000002210A9284606F0FFFB0028DB
:2014C000E8D18DF842504FF428504FF00008ADF8400047461C216846CDF81C8023F0A3FACC
:2014E0009DF81C0008AA20F00F00401C20F0F00010308DF81C0020788DF81D0061789DF885
:201500001E0061F3420040F001008DF81E009DF800000AA940F002008DF800002089ADF8F6
:201520003000ADF83270608907AFADF834000B97606810AC0E900A94684606F0B2F90028E3
:20154000A8D1BDF8200030808DF8425042F60120ADF840009DF81E0008AA20F00600801C21
:2015600020F001008DF81E000220ADF83000ADF8340013A80E900AA9684606F092F9002884
:2015800088D1BDF820007080311D484600F033F9002887D18DF8425042F6A620ADF84000BB
:2015A0001C216846CDF81C8023F03DFA9DF81C00ADF8345020F00F00401C20F0F000103000
:2015C0008DF81C009DF81D0008AA20F0FF008DF81D009DF81E000AA920F0060040F00100A8
:2015E000801C8DF81E009DF800008DF8445040F002008DF80000CDE90A4711A80E90ADF844
:201600003050684606F04DF9002899D1BDF82000F08000203EE73EB504460820ADF800003A
:201620002046FFF750FE08B110203EBD2146012001F0C5FD0028F8D12088ADF804006088B7
:20164000ADF80600A088ADF80800E088ADF80A007E4801AB6A468088002106F02BFDBDF8D5
:2016600000100829E1D003203EBD1FB50446002002900820ADF80800CDF80CD02046FFF7B8
:2016800022FE10B1102004B010BD704802AA81884FF6FF7006F050FF0028F4D1BDF8081098
:2016A000082901D00320EEE7BDF800102180BDF802106180BDF80410A180BDF80610E1800C
:2016C000E1E701B582B00220ADF800005F4802AB6A464088002106F0EDFCBDF800100229D7
:2016E00000D003200EBD1CB5002100910221ADF800100190FFF70DFE08B110201CBD5348E2
:201700006A4641884FF6FF7006F016FFBDF800100229F3D003201CBDFEB54C4C06461546F0
:20172000207A0F46C00705D00846FFF7CCFD18B11020FEBD0F20FEBDF82D01D90C20FEBD8D
:201740003046FFF7C0FD18BB208801A905F0AEFD0028F4D130788DF80500208801A906F034
:2017600087FC0028EBD100909DF800009DF8051040F002008DF80000090703D040F0080061
:201780008DF800002088694606F00FFC0028D6D1ADF8085020883B4602AA002106F08AFC2E
:2017A000BDF80810A942CAD00320FEBD7CB505460020009001900888ADF800000C46284647
:2017C0000195FFF7C4FD18B92046FFF7A2FD08B110207CBD15B1BDF8000050B11B486A463F
:2017E00001884FF6FF7006F0A7FEBDF8001021807CBD0C207CBD30B593B0044600200D4628
:201800000090142101A823F00EF91C2108A823F00AF99DF80000CDF808D020F00F00401C90
:2018200020F0F00010308DF800009DF8010020F0FF008DF801009DF8200040F002008DF84C
:20184000200001208DF8460002E000002002002042F60420ADF8440011A801902088ADF87C
:201860003C006088ADF83E00A088ADF84000E088ADF842009DF8020006AA20F00600801C0C
:2018800020F001008DF802000820ADF80C00ADF810000FA8059001A908A806F002F8002864
:2018A00003D1BDF818002880002013B030BD0000F0B5007B059F1E4614460D46012800D041
:2018C000FFDF0C2030803A203880002C08D0287A032806D0287B012800D0FFDF1720608103
:2018E000F0BDA889FBE72DE9F04786B0144691F80C900E9A0D46B9F1010F0BD01021007BEA
:201900002E8A8846052807D0062833D0FFDF06B0BDE8F0870221F2E7E8890C2100EB400097
:2019200001EB4000188033201080002CEFD0E889608100271AE00096688808F1020301AA73
:20194000696900F084FF06EB0800801C07EB470186B204EB4102BDF8040090810DF106013A
:2019600040460E3212F04FFC7F1CBFB26089B842E1D8CCE734201080E889B9F1010F11D009
:20198000122148430E301880002CC0D0E88960814846B9F1010F00D00220207300270DF1B3
:2019A000040A1FE00621ECE70096688808F1020301AA696900F04BFF06EB0800801C86B218
:2019C000B9F1010F12D007EBC70004EB4000BDF80410C18110220AF10201103022F082FF75
:2019E0007F1CBFB26089B842DED890E707EB470104EB4102BDF80400D0810AF102014046D1
:201A0000103212F000FCEBE72DE9F0470E4688B090F80CC096F80C80378AF5890C20109959
:201A200002F10C044FF0000ABCF1030F08D0BCF1040F3ED0BCF1070F7DD0FFDF08B067E701
:201A400005EB850C00EB4C00188031200880002AF4D0A8F1060000F0FF09558125E01821C4
:201A600001A822F0E0FF00977088434601AA716900F0EDFEBDF804002080BDF80600E080E0
:201A8000BDF808002081A21C0DF10A01484612F0BAFBB9F1000F00D018B184F804A0A4F8CE
:201AA00002A007EB080087B20A346D1EADB2D6D2C4E705EB850C00EB4C00188032200880AC
:201AC000002ABBD0A8F1050000F0FF09558137E000977088434601AA716900F0B8FE9DF8F6
:201AE0000600BDF80410E1802179420860F3000162F34101820862F38201C20862F3C301A2
:201B0000020962F30411420962F34511820962F386112171C0096071BDF8070020812246F2
:201B20000DF10901484612F06EFB18B184F802A0A4F800A000E007E007EB080087B20A3449
:201B40006D1EADB2C4D279E7A8F1020084B205FB08F000F10E0CA3F800C035230B80002A69
:201B6000A6D055819481009783B270880E32716900F06DFE62E72DE9F84F1E460A9D0C46C8
:201B800081462AB1607A00F58070D080E089108199F80C000C274FF000084FF00E0A0D28F7
:201BA00073D2DFE800F09E070E1C28303846556A73737300214648460095FFF779FEBDE8D0
:201BC000F88F207B9146082802D0032800D0FFDF378030200AE000BFA9F80A80EFE7207BE5
:201BE0009146042800D0FFDF378031202880B9F1000FF1D1E3E7207B9146042800D0FFDFF3
:201C000037803220F2E7207B9146022800D0FFDF37803320EAE7207B1746022800D0FFDFED
:201C20003420A6F800A02880002FC8D0A7F80A80C5E7207B1746042800D0FFDF3520A6F809
:201C400000A02880002FBAD04046A7F80A8012E0207B1746052802D0062800D0FFDF1020DF
:201C6000308036202880002FA9D0E0897881A7F80E80B9F80E00B881A1E7207B914607285E
:201C800000D0FFDF37803720B0E72AE04FF0120018804FF038001700288090D0E089788106
:201CA000A7F80E80A7F8108099F80C000A2805D00B2809D00C280DD0FFDF80E7207B0A28F5
:201CC00000D0FFDF01200AE0207B0B2800D0FFDF042004E0207B0C2800D0FFDF052038737A
:201CE0006DE7FFDF6BE770B50C46054601F0ABFB20B10078222804D2082070BD43F2020012
:201D000070BD0521284610F0F1FC206008B1002070BD032070BD30B44880087820F00F00F4
:201D2000C01C20F0F000903001F8080B1DCA81E81D0030BC07F0D9BB2DE9FF4784B0002760
:201D40008246029707989046894612300AF0AAF9401D20F00306079828B907A95046FFF7CD
:201D6000C2FF002854D1B9F1000F05D00798017B19BB052504681BE098F80000092803D0B3
:201D80000D2812D0FFDF46E0079903254868B0B3497B42887143914239D98AB2B3B2011D67
:201DA00010F017FB0446078002E0079C042508340CB1208810B1032D29D02CE0079801213A
:201DC00012300AF0A1F9ADF80C00024602AB2946504608F0F0F9070001D1A01C02900798DB
:201DE0003A461230C8F80400A8F802A003A94046029B0AF096F9D8B10A2817D200E006E059
:201E0000DFE800F007091414100B0D141412132014E6002012E6112010E608200EE643F2B4
:201E200003000BE6072009E60D2007E6032005E6BDF80C002346CDE900702A46504607997A
:201E400000F015FD57B9032D08D10798B3B2417B406871438AB2011D10F0CFFAB9F1000F6F
:201E6000D7D0079981F80C90D3E72DE9FE4F91461A881C468A468046FAB102AB494608F099
:201E80009AF9050019D04046A61C278810F072FD3246072629463B46009610F080F920880F
:201EA0002346CDE900504A465146404600F0DFFC002020800120BDE8FE8F0020FBE710B561
:201EC00086B01C46AAB104238DF800301388ADF808305288ADF80A208A788DF80E200988CC
:201EE000ADF80C1000236A462146FFF725FF06B010BD1020FBE770B50D46052110F0F6FBA9
:201F0000040000D1FFDF294604F11200BDE870400AF0E3B82DE9F8430D468046002607F027
:201F2000E1FA04462878102878D2DFE800F0773B34533131123131310831313131312879C5
:201F4000001FC0B2022801D0102810D114BBFFDF35E004B9FFDF0521404610F0C7FB007B96
:201F6000032806D004280BD0072828D0FFDF072655E02879801FC0B2022820D050B1F6E748
:201F80002879401FC0B2022819D0102817D0EEE704B9FFDF13E004B9FFDF287901280ED1F6
:201FA000172137E00521404610F0A0FB070000D1FFDF07F1120140460AF06CF82CB12A4699
:201FC00021464046FFF7A7FE29E01321404602F0F1FC24E004B9FFDF0521404610F086FB0B
:201FE000060000D1FFDF694606F112000AF05CF8060000D0FFDFA988172901D2172200E015
:202000000A46BDF80000824202D9014602E005E01729C5D3404600F03AFCD0E7FFDF30467F
:20202000BDE8F883401D20F0030219B102FB01F0001D00E000201044704713B5009848B1D5
:202040000024684610F06FF9002C02D1F74A009911601CBD01240020F4E72DE9F0470C4664
:2020600015462421204622F0DEFC05B9FFDFA87860732888DFF8B4A3401D20F00301AF7869
:202080008946DAF8000010F06CF9060000D1FFDF4FF000082660A6F8008077B109FB07F176
:2020A000091D0AD0DAF8000010F05BF9060000D1FFDF6660C6F8008001E0C4F8048029886F
:2020C00004F11200BDE8F04709F0D6BF2DE9F047804601F112000D46814609F0E3FF401D26
:2020E000D24F20F003026E7B14462968386810F063F93EB104FB06F2121D03D06968386881
:2021000010F05AF9052010F099FA0446052010F09DFA201A012802D1386810F017F9494639
:202120004046BDE8F04709F0BCBF70B50546052110F0DCFA040000D1FFDF04F11201284634
:20214000BDE8704009F0A6BF2DE9F04F91B04FF0000BADF834B0ADF804B047880C4605469E
:2021600092460521384610F0C1FA060000D1FFDF24B1A780A4F806B0A4F808B02978092205
:202180000B20B2EB111F7DD12A7A04F1100138274FF00C084FF001090391102A73D2DFE87A
:2021A00002F072F2F1F07F08D2888D9F3DDBF3EEB6B6307B022800D0FFDFA88908EBC0010E
:2021C000ADF804103021ADF83410002C25D06081B5F80E9000271DE004EBC708317C88F8B0
:2021E0000E10F189A8F80C10CDF800906888042304AA296900F02BFBBDF81010A8F8101034
:2022000009F10400BDF812107F1C1FFA80F9A8F81210BFB26089B842DED80DE1307B02282D
:2022200000D0FFDFE98908EBC100ADF804003020ADF83400287B0A90001FC0B20F90002C5F
:20224000EBD06181B5F81090002725E0CDF800906888696903AA0A9B00F0F9FA0A9804EB8B
:20226000C70848441FFA80F908F10C0204A90F9811F0C9FF18B188F80EB0A8F80CB0BDF835
:202280000C1001E0D4E0CFE0A8F81010BDF80E107F1CA8F81210BFB26089B842D6D8CBE041
:2022A0000DA8009001AB224629463046FFF71BFBC2E0307B082805D0FFDF03E0307B0828E6
:2022C00000D0FFDFE8891030ADF804003620ADF83400002C3FD0A9896181F189A18127E0D5
:2022E000307B092800D0FFDFA88900F10C01ADF804103721ADF83410002C2CD06081E889B1
:202300000090AB89688804F10C02296956E0E8893921103080B2ADF80400ADF83410002C43
:2023200074D0A9896181287A0E280AD002212173E989E181288A0090EB8968886969039AF3
:202340003CE00121F3E70DA8009001AB224629463046FFF759FB6FE0307B0A2800D0FFDF03
:202360001220ADF80400ADF834704CB3A9896181A4F810B0A4F80EB084F80C905CE020E01C
:2023800002E031E039E042E0307B0B2800D0FFDF288AADF834701230ADF8040084B1042143
:2023A0002173A9896181E989E181298A2182688A00902B8A688804F11202696900F047FA18
:2023C0003AE0307B0C2800D0FFDF1220ADF80400ADF834703CB305212173A4F80AB0A4F897
:2023E0000EB0A4F810B027E00DA8009001AB224629463046FFF75CFA1EE00DA8009001AB43
:20240000224629463046FFF7B6FB15E034E03B21ADF80400ADF8341074B3A4F80690A4F8DC
:2024200008B084F80AB007E0FFDF05E010000020297A012917D0FFDFBDF80400AAF80000E7
:202440006CB1BDF834002080BDF804006080BDF83400392803D03C2801D086F80CB011B0F0
:202460000020BDE8F08F3C21ADF80400ADF8341014B1697AA172DFE7AAF80000EFE72DE91A
:20248000F84356880F46804615460521304610F02DF9040000D1FFDF123400943B46414656
:2024A00030466A6809F071FFBAE570B50D46052110F01CF9040000D1FFDF294604F11200F0
:2024C000BDE8704009F0FBBD70B50D46052110F00DF9040000D1FFDF294604F11200BDE884
:2024E000704009F019BE70B50546052110F0FEF8040000D1FFDF04F1080321462846BDE8A3
:2025000070400422B1E470B50546052110F0EEF8040000D1FFDF214628462368BDE870406C
:202520000522A2E470B50646052110F0DFF8040000D1FFDF04F1120009F0B4FD401D20F0AF
:20254000030511E0011D00880322431821463046FFF78BFC00280BD0607BABB2684382B2E8
:202560006068011D0FF07FFF606841880029E9D170BD70B50E46054606F0B4FF040000D115
:20258000FFDF0120207266726580207820F00F00C01C20F0F00030302070BDE8704006F01F
:2025A000A4BF2DE9F0438BB00D461446814606A9FFF799FB002814D14FF6FF7601274FF455
:2025C00020588CB103208DF800001020ADF8100007A8059007AA204604A911F033FE78B156
:2025E00007200BB0BDE8F0830820ADF808508DF80E708DF80000ADF80A60ADF80C800CE008
:202600000698A17801742188C1818DF80E70ADF80850ADF80C80ADF80A606A460221484602
:20262000069BFFF789FBDCE708B501228DF8022042F60202ADF800200A4603236946FFF719
:202640003EFC08BD08B501228DF8022042F60302ADF800200A4604236946FFF730FC08BDE5
:2026600000B587B079B102228DF800200A88ADF808204988ADF80A1000236A460521FFF79D
:202680005BFB07B000BD1020FBE709B1072316E40720704770B588B00D461446064606A99D
:2026A000FFF721FB00280ED17CB10620ADF808508DF80000ADF80A40069B6A460821DC8166
:2026C0003046FFF739FB08B070BD05208DF80000ADF80850F0E700B587B059B107238DF852
:2026E0000030ADF80820039100236A460921FFF723FBC6E71020C4E770B588B00C460646B5
:20270000002506A9FFF7EFFA0028DCD106980121123009F0F9FC9CB12178062921D2DFE872
:2027200001F0200505160318801E80B2C01EE28880B20AB1A3681BB1824203D90C20C2E7FC
:202740001020C0E7042904D0A08850B901E00620B9E7012913D0022905D004291CD0052975
:202760002AD00720AFE709208DF800006088ADF80800E088ADF80A00A068039023E00A2080
:202780008DF800006088ADF80800E088ADF80A00A0680A25039016E00B208DF800006088B0
:2027A000ADF80800A088ADF80A00E088ADF80C00A0680B25049006E00C208DF80000607841
:2027C0008DF808000C256A4629463046069BFFF7B3FA78E700B587B00D228DF80020ADF89E
:2027E000081000236A461946FFF7A6FA49E700B587B071B102228DF800200A88ADF8082093
:202800004988ADF80A1000236A460621FFF794FA37E7102035E770B586B0064601200D4625
:20282000ADF808108DF80000014600236A463046FFF782FA040008D12946304605F054FC4D
:202840000021304605F06EFC204606B070BDF8B51C4615460E46069F10F07AF82346FF1DDF
:20286000BCB231462A4600940FF065FCF8BD30B41146DDE902423CB1032903D0002330BC1A
:2028800008F024BB0123FAE71A8030BC704770B50C460546FFF72FFB2146284605F033FC44
:2028A0002846BDE87040012105F03CBC4FF0E0224FF400400021C2F88001BFF34F8FBFF3E4
:2028C0006F8F1748016001601649900208607047134900B500220A600A60124B4FF0607254
:2028E0001A60002808BF00BD0F4A104BDFF840C001280CD002281CBFFFDF00BD03200860F7
:202900001A604FF4000000BFCCF8000000BD022008601A604FF04070F6E700B5FFDF00BD9A
:2029200000F5004008F50140A002002014F5004004F5014070B50B2000F0BDF9082000F0D1
:20294000BAF900210B2000F0D4F90021082000F0D0F9F44C01256560A5600020C4F840016C
:20296000C4F84401C4F848010B2000F0B5F9082000F0B2F90B2000F091F9256070BD10B5A9
:202980000B2000F098F9082000F095F9E548012141608160E4490A68002AFCD10021C0F8A5
:2029A0004011C0F84411C0F848110B2000F094F9BDE81040082000F08FB910B50B2000F0CB
:2029C0008BF9BDE81040082000F086B900B530B1012806D0022806D0FFDF002000BDD348BC
:2029E00000BDD34800BDD248001D00BD70B5D1494FF000400860D04DC00BC5F80803CF4861
:202A000000240460C5F840410820C43500F053F9C5F83C41CA48047070BD08B5C14A0021BD
:202A200028B1012811D002281CD0FFDF08BD4FF48030C2F80803C2F84803BB483C3001606D
:202A4000C2F84011BDE80840D0E74FF40030C2F80803C2F84803B44840300160C2F84411AE
:202A6000B3480CE04FF48020C2F80803C2F84803AD4844300160C2F84811AD48001D00686B
:202A8000009008BD70B516460D460446022800D9FFDF0022A348012304F110018B4000EBF5
:202AA0008401C1F8405526B1C1F84021C0F8043303E0C0F80833C1F84021C0F8443370BD17
:202AC0002DE9F0411D46144630B1012833D0022838D0FFDFBDE8F081891E002221F07F4125
:202AE0001046FFF7CFFF012D23D00020944D924F012668703E61914900203C390860022022
:202B0000091D08608D490420303908608B483D34046008206C6000F0DFF83004C7F80403FF
:202B2000082000F0BBF88349F007091F08602E70D0E70120DAE7012B02D00022012005E01A
:202B40000122FBE7012B04D000220220BDE8F04198E70122F9E774480068704770B500F0E4
:202B6000D8F8704C0546D4F840010026012809D1D4F80803C00305D54FF48030C4F808031A
:202B8000C4F84061D4F8440101280CD1D4F80803800308D54FF40030C4F80803C4F84461EF
:202BA000012012F025FBD4F8480101280CD1D4F80803400308D54FF48020C4F80803C4F85A
:202BC0004861022012F014FB5E48056070BD70B500F09FF85A4D0446287850B1FFF706FFA8
:202BE000687818B10020687012F002FB5548046070BD0320F8E74FF0E0214FF40010C1F8B9
:202C000000027047152000F067B84B4901200861082000F061B848494FF47C10C1F8080344
:202C20000020024601EB8003C3F84025C3F84021401CC0B20628F5D37047410A43F6095227
:202C40005143C0F3080010FB02F000F5807001EB5020704710B5430B48F2376463431B0C7B
:202C60005C020C60384C03FB0400384B4CF2F72443435B0D13FB04F404EB402000F5807000
:202C80004012107008681844086010BD2C484068704729490120C1F800027047002809DB7D
:202CA00000F01F02012191404009800000F1E020C0F80011704700280DDB00F01F02012193
:202CC00091404009800000F1E020C0F88011BFF34F8FBFF36F8F7047002809DB00F01F020C
:202CE000012191404009800000F1E020C0F8801270474907090E002804DB00F1E02080F84F
:202D00000014704700F00F0000F1E02080F8141D70470C48001F00680A4A0D49121D116073
:202D20007047000000B0004004B500404081004044B1004008F501400080004040850040BA
:202D40003400002014050240F7C2FFFF6F0C0100010000010A4810B5046809490948083130
:202D6000086012F0D9FA0648001D046010BD0649002008604FF0E0210220C1F8800270474F
:202D80001005024001000001FC1F004010B50D2000F077F8C4B26FF0040000F072F8C0B289
:202DA000844200D0FFDF3E490120086010BD70B50D2000F048F83B4C0020C4F800010125B6
:202DC000C4F804530D2000F04FF825604FF0E0216014C1F8000170BD10B50D2000F033F84F
:202DE0003048012141600021C0F80011BDE810400D2000F039B82C4810B504682A492B4820
:202E0000083108602749D1F80001012804D0FFDF2548001D046010BD2148001D0068002231
:202E2000C0B2C1F8002112F0C3FEF1E710B51D48D0F800110029FBD0FFF7DDFFBDE81040ED
:202E40000D2000F011B800280DDB00F01F02012191404009800000F1E020C0F88011BFF3C3
:202E60004F8FBFF36F8F7047002809DB00F01F02012191404009800000F1E020C0F88012F9
:202E80007047002804DB00F1E02090F8000405E000F00F0000F1E02090F8140D4009704779
:202EA00004D5004000D0004010050240010000014FF0E0214FF00070C1F8800101F5C07140
:202EC000BFF34F8FBFF36F8FC1F80001384B802283F8002441F8800C704700B50246042097
:202EE000344903E001EBC0031B792BB1401EC0B2F8D2FFDFFF2000BD41F8302001EBC001C9
:202F000000224A718A7101220A7100BD294A002102EBC0000171704710B50446042800D306
:202F2000FFDF244800EBC4042079012800D0FFDF6079A179401CC0B2814200D060714FF0C0
:202F4000E0214FF00070C1F8000210BD2DE9F041194805681849194808310860144804263B
:202F600090F80004134F4009154C042818D0FFDF16E0217807EBC1000279012A08D142794B
:202F800083799A4204D04279827157F8310080472078401CC0B22070042801D300202070EA
:202FA000761EF6B2E5D20448001D0560BDE8F08119E000E0D805002010050240010000010B
:202FC000500000200548064A0168914201D100210160044901200860704700005400002053
:202FE000BEBAFECA40E5014070B50C46054609F069FB21462846BDE870400AF04EBC704727
:203000002CFFFFFFDBE5B15100600200B700FFFF8400000069915B00935FFEEDA0843C7325
:20302000F87462145E06C0CB72F2136030B5F84D0446062CA9780ED2DFE804F0030E0E0E59
:203040000509FFDF08E0022906D0FFDF04E0032902D0FFDF00E0FFDFAC7030BD30B5044607
:203060001038EB4D07280CD2DFE800F0040C060C0C0C0C00FFDF05E0287E112802D0FFDF74
:2030800000E0FFDF2C7630BD2DE9F04111F044FA044612F01DFC201AC5B206200FF0CEFA5A
:2030A000044606200FF0D2FA211AD94C207E122818D000200F1807200FF0C0FA064607201B
:2030C0000FF0C4FA301A3918207E13280CD000200144A078042809D000200844281AC0B241
:2030E000BDE8F0810120E5E70120F1E70120F4E7C74810B590F825004108C54800F12600EA
:2031000005D00DF0A8FABDE8104006F001B80DF083FAF8E730B50446A1F120000D460A28D8
:203120004AD2DFE800F005070C1C2328353A3F44FFDF42E0207820283FD1FFDF3DE0B44864
:203140008178052939D0007E122836D02078242833D0252831D023282FD0FFDF2DE020787F
:2031600022282AD0232828D8FFDF26E02078222823D0FFDF21E0207822281ED024281CD020
:2031800026281AD0272818D0292816D0FFDF14E02078252811D0FFDF0FE0207825280CD063
:2031A000FFDF0AE02078252807D0FFDF05E02078282802D0FFDF00E0FFDF257030BD1FB51C
:2031C00004466A46002001F036FEB4B1BDF802204FF6FF700621824201D1ADF80210BDF897
:2031E0000420824201D1ADF80410BDF80810814203D14FF44860ADF8080068460DF0A7FF0F
:2032000005F086FF04B010BD70B514460D460646FEF759F858B90DB1A54201D90C2070BD66
:20322000002408E056F82400FEF74DF808B1102070BD641CE4B2AC42F4D3002070BD2DE992
:20324000F04105461F4690460E4600240068FEF787F830B9A98828680844401EFEF780F8A2
:2032600008B110203CE728680028A88802D0B84202D850E00028F5D0092031E72968085D60
:20328000B8B1671CCA5D152A2ED03CDC152A3AD2DFE802F03912222228282A2A31313939BB
:2032A00039393939393939392200085D30BB641CA4B2A242F9D833E00228DDD1A01C085C3E
:2032C00088F80000072801D2400701D40A2007E7307840F0010015E0C143C90707E0012886
:2032E00007D010E00620FBE60107A1F180510029F5D01846F4E63078810701D50B20EFE669
:2033000040F0020030702868005D384484B2A888A04202D2B0E74FF4485382B2A242ADD844
:203320000020DDE610B5027843F2022354080122022C12D003DC3CB1012C16D106E0032C8D
:2033400010D07F2C11D112E0002011E080790324B4EB901F09D10A700BE08079B2EB901F0B
:2033600003D1F8E780798009F5D0184610BDFF200870002010BD08B500208DF800002448D6
:2033800090F82E1049B190F82F0002280ED003280ED0FFDF9DF8000008BD1D486946253004
:2033A00001F098FD0028F5D0FFDFF3E7032000E001208DF80000EDE738B50C46054669462C
:2033C00001F088FD00280DD19DF80010207861F34700207055F8010FC4F80100A888A4F823
:2033E0000500002038BD38B51378A8B1022813D0FF281AD007A46D46246800944C7905EB91
:203400009414247864F347031370032809D00FE0EC0100200302FF0123F0FE03137002287E
:20342000F3D1D8B240F0010005E043F0FE001070107820F0010010700868C2F80100888823
:20344000A2F8050038BD02210FF050B938B50C460978222901D2082038BDADF800008DF888
:20346000022068460DF039F905F052FE050003D121212046FFF74EFE284638BD1CB50020F1
:203480008DF80000CDF80100ADF80500FE4890F82E00022801D0012000E000208DF8070093
:2034A00068460DF083FA002800D0FFDF1CBD00220A80437892B263F3451222F040020A80FF
:2034C00000780C282BD2DFE800F02A06090E1116191C1F220C2742F0110009E042F01D00FA
:2034E00008800020704742F0110012E042F0100040F00200F4E742F01000F1E742F001009C
:20350000EEE742F0010004E042F00200E8E742F0020040F00400E3E742F00400E0E7072066
:2035200070472DE9FF478AB00025BDF82C6082461C4690468DF81C50700703D56068FDF7DC
:20354000C2FE68B9D04F4FF0010997F82E0058B197F82F00022807D16068FDF701FF18B117
:2035600010200EB0BDE8F087300702D5A089802816D8700705D4B8F1000F02D097F82400E7
:2035800070B1E07DC0F300108DF81B00617D072041B1012906D00229E3D00429E1D12CE08A
:2035A0000720DEE749468DF81790F00609D4A27D072032B1012A04D0022A05D0042AD0D199
:2035C0001BE08DF8191002E002208DF819008DF815806068B0B107A9FFF7A4FE0028C0D15C
:2035E0009DF81C00FF280AD0606850F8011FCDF80F108088ADF8130008E00620B1E743F26A
:203600000220AEE7CDF80F50ADF81350E07B0028F3D1207C0028F0D1607C0028EDD1A07C1D
:203620000028EAD1E07CC006E7D18DF800A0BDF82C00ADF80200A0680190A068029004F1F8
:203640000F0001F03BFC8DF80C00FFF794FE8DF80D009DF81C008DF80E008DF816508DF8D4
:203660001850E07D08A900F00F008DF81A0068460DF0B7FE05F04CFD73E7F0B58FB0002535
:203680008DF830508DF814508DF8345006468DF82850019502950395049519B10FC901AC3D
:2036A00084E80F00784CA078052801D004280CD101986168884200D120B90398E168884228
:2036C00003D110B108200FB0F0BD207DC00601D51F2700E0FF273B460DAA05A903A8FFF7B5
:2036E000AEFD0028EFD1A08AC10702D0C00600D4EE273B460AAA0CA901A8FFF7A0FD002876
:20370000E1D19DF81400C00701D00A20DBE7A08A410708D4A17D31B19DF82810890702D04D
:2037200043F20120CFE79DF82810C90709D0400707D4208818B144F25061884201D90720C2
:20374000C1E78DF818508DF81960BDF80800ADF81A000198079006A80DF05DFE05F0D8FC5B
:203760000028B0D18DF820508DF82160BDF81000ADF822000398099008A80DF06BFE05F0DA
:20378000C7FC00289FD101AD241D95E80F0084E80F00002097E770B586B00D46040005D0B3
:2037A000FDF7DEFD20B1102006B070BD0820FBE72078C107A98802D0FF2902D303E01F29C1
:2037C00001D20920F0E780073BD4FFF75DFC38B12178C1F3C100012804D0032802D005E05B
:2037E0001320E1E7284890F82400C8B1C8074FF001064FF0000502D08DF80F6001E08DF8B4
:203800000F50FFF7B8FD8DF8000020786946C0F3C1008DF8010060788DF80250C20801D08E
:203820000720C1E778B1C20701D08DF80260820705D59DF8022042F002028DF802204007D1
:2038400003D50620B0E78DF80260002022780B18C2F38002DA7001EB40026388D380401CC6
:20386000A388C0B253810228F0D3207A0028E8D1607A0028E5D1A07A0028E2D1E07A002840
:20388000DFD1207BC00601E0EC010020D9D104F1080001F013FB8DF80E0068460DF0B1F99B
:2038A00005F036FC00288DD18DF810608DF81150E088ADF81200ADF8145004A80DF0F4F9C2
:2038C00005F026FC00288CD12078C00701D0152000E01320FFF7C2FB002065E72DE9FF4759
:2038E0000220FC4E8DF804000027708EADF80600B84643F202094CE001A80EF05EFE050091
:2039000006D0708EA8B3A6F83280ADF806803EE0039CA07F01072DD504F124000090A28E3E
:20392000BDF80800214604F1360301F05CFC050005D04D452AD0112D3CD0FFDF3AE0A07F25
:2039400020F00801E07F420862F3C711A177810861F30000E07794F8210000F01F0084F8F4
:2039600020002078282826D129212046FFF7D2FB21E014E040070AD5BDF8080004F10E01F9
:2039800001F0B2FA05000DD04D4510D100257F1CFFB202200EF052FE401CB842ACD8052D48
:2039A00011D008E0A07F20F00400A07703E0112D00D0FFDF0025BDF806007086052D04D049
:2039C000284604B0CEE5A6F832800020F9E770B50646FFF738FD054605F084FD040000D190
:2039E000FFDF6680207820F00F00801C20F0F000203020700320207295F83E006072BDE8D9
:203A0000704005F072BD2DE9F04786B0040000D1FFDF2078AF4D20F00F00801C20F0F0004D
:203A20007030207060680178491F1B2933D2DFE801F0FC32323255FB320EFBFB42FA3232F4
:203A40003278FAFAF9F83232FAFAF7F6FA00C6883046FFF7F8FC0546304607F035F9E0B173
:203A60006068007A85F83E0021212846FFF752FB3046FEF75AFB304603F058FE314601203F
:203A800012F056FBA87F20F01000A877FFF726FF002800D0FFDF06B064E5207820F0F000E5
:203AA000203020700320207266806068007A607205F01BFDD8E7C5882846FFF7C4FC00B981
:203AC000FFDF60680079012800D0FFDF6068017A06B02846BDE8F04707F0D5BCC688304661
:203AE000FFF7B1FC050000D1FFDF05F0FEFC606831460089288160684089688160688089C4
:203B0000A881012012F014FB0020A875A87F00F003000228BFD1FFF7E1FE0028BBD0FFDFD3
:203B2000B9E700790228B6D000B1FFDF05F0DDFC6668B6F806A0307A361D012806D0687E5B
:203B4000814605F051FA070003D101E0E878F7E7FFDF0022022150460EF0BFFD040000D11C
:203B6000FFDF22212046FFF7D5FA3079012800D00220A17F804668F30101A177308B20817E
:203B8000708B6081B08BA08184F822908DF80880B8680090F86801906A46032150460EF0A9
:203BA0009CFD00B9FFDFB888ADF81000B8788DF8120004AA052150460EF08FFD00B9FFDF8E
:203BC000B888ADF80C00F8788DF80E0003AA042150460EF082FD00B9FFDF062106F1120045
:203BE00001F0A0F940B37079800700D5FFDF7179E07D61F34700E075D6F80600A061708920
:203C0000A083062106F10C0001F08CF9F0B195F825004108607861F34700607006E040E0FC
:203C200038E070E058E04DE02EE042E0D5F82600C4F80200688D12E0E07D20F0FE00801CE8
:203C4000E075D6F81200A061F08AD9E7607820F0FE00801C6070F068C4F80200308AE08072
:203C6000B8F1010F04D0B8F1020F05D0FFDF12E70320FFF7DBF90EE7287E122800D0FFDFE1
:203C80001120FFF7EBF906E706B02046BDE8F04701F032BD05F029FC15F8300F40F00200BC
:203CA00005E005F022FC15F8300F40F004002870F1E6287E13280AD01528D8D15FF0160017
:203CC000FFF7CCF906B0BDE8F04705F00EBC1420F6E70000EC010020A978052909D0042965
:203CE000C5D105F002FC022006B0BDE8F047FFF79DB900790028BAD0E87801F0C6F805F00C
:203D0000F4FB0320F0E7287E122802D1687E01F0BCF81120D4E72DE9F047054600784FF041
:203D200000080009DFF8C0A891460C464646012875D0022874D007280AD00A2871D0FFDF48
:203D4000A9F8006014B1A4F800806680002009E46968012704F108000A784FF0020C4FF684
:203D6000FF73172A7ED00EDC142A32D006DC052A68D0092A10D0102A75D120E0152A73D0BA
:203D8000162AF9D1F8E0183A082A6CD2DFE802F0F36B6B0ACAF2DFF1C8884FF01208102688
:203DA00021468DE14FF01C080A26BCB38888A0806868807920726868C0796072C0E74FF0E0
:203DC0001B08142654B30320207268688088A080B6E70A793C2AB3D00D1D4FF010082C26F6
:203DE000E4B16988A180298B6182298B2182698BA182A98BE1826B790246A91D1846FFF73A
:203E0000F2FA2979002001290CD084F80FC0FF212176E06120626062A06291E70FE02EE1EF
:203E200051E18CE1E77320760AF1040090E80E00DAF81000C4E90930C4E9071280E7A9F8D8
:203E4000006083E72C264FF01D08002CF7D00546A380887B2A880F1D60F300022A80887B9E
:203E6000400802E09DE007E1BEE060F341022A80887B800860F382022A80887BB91CC00829
:203E800060F3C3022A80B87A0011401C60F3041202F07F0028807878AA1CFFF7A4FA387D40
:203EA00005F1090207F11501FFF79DFA387B01F048F82874787B01F044F86874F87EA87458
:203EC000787AE874387F2875B87B6875388AE882DAF81C00A861B87A524697F808A0C0F359
:203EE0004111012904D0108C504503D2824609E0FFDF10E0022903D0288820F0600009E0E6
:203F0000504504D1288820F06000403002E0288840F060002880A4F824A0524607F11D01CF
:203F2000A86996E011264FF02008002C87D0A380686804F10A02007920726868007B6072BD
:203F400069688B1D48791946FFF74DFAF8E60A264FF02108002CE9D08888A0806868807937
:203F600020726868C07960729AF8301021F004019FE065E04CE06FE00B264FF02208002CE7
:203F8000D4D0C888A0806868007920726868007A00F0D7FF60726868407A00F0D2FFA072F3
:203FA000CEE61C264FF02608002CBFD0A3806868407960726868007AA0720AF1040090E892
:203FC0000E00DAF81000C4E90530C4E90312686800793C2803D0432803D0FFDFB0E6277282
:203FE000AEE684F808C0ABE610264FF02408002C9CD08888A0806868807920816868807ABB
:20400000608168680089A08168688089E08197E610264FF02308002C88D08888A08068686A
:20402000C088208168680089608168684089A08168688089E0819AF8301021F0020138E06B
:2040400030264FF02508002C85D0A38069682822496820F047FC73E614264FF01B08002CBA
:204060008ED0A380686800790128BAD02772DAE90710C4E9031063E64A46214660E0287A6E
:20408000012803D0022817D0FFDF59E610264FF01F08002C89D06888A080A8892081E88982
:2040A0006081288AA081688AE0819AF8301021F001018AF8301043E64FF0120810266888AA
:2040C00000F01DFF3CE6287AC8B3012838D0022836D0032801D0FFDF32E609264FF01108BB
:2040E000002C85D06F883846FFF7ADF990F822A0A780687A2072042138460EF009FB05217E
:2041000038460EF005FB002138460EF001FB012138460EF0FDFA032138460EF0F9FA02213F
:2041200038460EF0F5FA062138460EF0F1FA072138460EF0EDFA504600F0A7FE00E6FFE704
:204140002846BDE8F04701F061BC70B5012803D0052800D0FFDF70BD8DB22846FFF773F9CF
:20416000040000D1FFDF20782128F4D005F0BAF980B1017821F00F01891C21F0F00110318C
:2041800001700221017245800020A075BDE8704005F0ABB921462846BDE870401322FFF71B
:2041A00055B92DE9F04116460C00804600D1FFDF307820F00F00801C20F0F000103030708A
:2041C0002078012804D0022818D0FFDFBDE8F0814046FFF738F9050000D1FFDF0320A875A3
:2041E00005F083F994E80F00083686E80F00FE4810F8301F41F001010170E7E74046FFF77D
:2042000022F9050000D1FFDFA1884FF6FF700027814202D1E288824203D0814201D1E08837
:2042200040B105F062F994E80F00083686E80F00AF75CBE7A87D0128C8D1782300224146F6
:2042400011F0CCFE0220A875C0E738B505460C460846FDF738F818BB203D062D4AD2DFE86B
:2042600005F0031B373C42300021052011F036FF08B1112038BDA01C0CF0BCFF04F048FF3D
:20428000050038D1002208231146052011F0A6FE052830D0FFDF2EE06068FDF758F808B1C4
:2042A000102038BD618820886A460DF054FA04F02FFF05001FD16068E8B1BDF8001001808F
:2042C00019E0A07800F0010120880DF075FA0EE0206801F047FE05460DE0207800F001005A
:2042E0000CF082F903E0618820880DF0B0F904F00FFFF0E70725284638BD70B505460C4603
:204300000846FDF706F808B1102070BD202D07D0212D0DD0222D0BD0252D09D0072070BD4F
:204320002088A11C0CF036FABDE8704004F0F0BE062070BDAC482530704708B53421AA489E
:2043400020F071FB0120FEF771FE1120FEF786FEA5496846263105F05BF8A3489DF80020D7
:2043600010F8251F62F3470121F001010170002141724FF46171A0F8071002218172FEF72D
:20438000B7FE00B1FFDFFDF763F801F080F908BD10B50C464021204620F023FBA07F20F020
:2043A0000300A077202020700020A07584F8230010BD70472DE9FC410746FCF784FF10B1E4
:2043C0001020BDE8FC81884E06F12501D6F825000090B6F82950ADF8045096F82B408DF877
:2043E00006403846FEF7E8FF0028EAD1FEF780FE0028E6D0009946F8251FB580B471E0E7AD
:2044000010B50446FCF785FF08B1102010BD76487549224690F8250026314008FEF7E3FF59
:20442000002010BD3EB504460D460846FCF771FF08B110203EBD14B143F204003EBD6A48BF
:204440008078052803D0042801D008203EBD694602A80AF069FA2A4669469DF80800FEF7DD
:20446000C2FF00203EBDFEB50D4604004FF0000711D00822FEF7C8FE002811D1002608E032
:2044800054F826006946FEF74DFF002808D1761CF6B2AE42F4D30BF0F1FF10B143F20320C4
:2044A000FEBD514E86F824700CB300271BE000BF54F8270002A9FEF735FF00B1FFDF9DF885
:2044C00008008DF8000054F8270050F8011FCDF801108088ADF8050068460BF0F4FF00B19F
:2044E000FFDF7F1CFFB2AF42E2D386F824500020FEBD2DE9F0478AB01546894604001ED07C
:204500000F4608222946FEF77FFE002811D1002613E000BF54F826006946103000F0DAFC32
:20452000002806D13FB157F82600FCF7CCFE10B110200AB00BE4761CF6B2AE42EAD30026B3
:20454000A5F101081CE000BF06F1010A0AF0FF0712E000BF54F82600017C4A0854F827108A
:204560000B7CB2EB530F05D106221130113120F08DF958B17F1CFFB2AF42EBD30AF0FF069B
:204580004645E1DB4E4624B1012003E043F20520CFE700200BF0BCFF10B90BF0C5FF10B138
:2045A00043F20420C5E774B300270DF1170828E054F827006946103000F08CFC00B1FFDF1A
:2045C00054F82700102250F8111FCDF801108088ADF8050054F827100DF1070020F082F923
:2045E000AEB156F8271001E0EC0100201022404620F078F968460BF04BFF00B1FFDF7F1C93
:20460000FFB2AF42D4D3FEF739FF002091E7404601F09CFCEEE730B585B00446FCF753FE00
:2046200018B96068FCF79CFE10B1102005B030BD60884AF2B811884206D82078F84D28B176
:20464000012806D0022804D00720EFE7FEF750FD18E06078022804D0032802D043F20220FC
:20466000E4E785F82F00C1B200200090ADF8040002292CD0032927D0FFDF68460BF0EBFF3C
:2046800004F046FD0028D1D1606801F052FC207858B101208DF800000DF1010001F056FC89
:2046A00068460DF0EDF800B1FFDF207885F82E00FEF7E4FE608860B1A88580B20BF020FF4F
:2046C00000B1FFDF0020B1E78DF80500D5E74020FAE74FF46170EFE710B50446FCF719FE09
:2046E00020B9606838B1FCF732FE08B1102010BD606801F02BFCCA4830F82C1F6180C178D8
:20470000617080782070002010BD2DE9F843144689460646FCF7FDFDA0B94846FCF720FEA8
:2047200080B92046FCF71CFE60B9BD4DA878012800D13CB13178FF2906D049B143F20400C9
:20474000BDE8F8831020FBE7012801D00420F7E7CCB3052811D004280FD069462046FEF789
:20476000A6FE0028ECD1217D49B1012909D0022909D0032909D00720E2E70820E0E70246E5
:2047800004E0012202E0022200E0032280462346174600200099FEF7C4FE0028D0D1A08919
:2047A0002880A07BE875BDF80000A882AF75BDF80010090701D5A18931B1A1892980C00785
:2047C00004D0032003E006E08021F7E70220FEF72DFC86F800804946BDE8F8430020FEF7D8
:2047E0004CBF7CB58E4C05460E46A078022803D0032801D008207CBD15B143F204007CBD5A
:2048000007200DF023FF10B9A078032806D0FEF73BFC28B1A078032804D009E012207CBD00
:2048200013207CBD304600F013FB0028F9D1E670FEF7A1FD09F0B5FF01208DF800008DF8E5
:2048400001008DF802502088ADF80400E07D8DF8060068460CF0BEFE04F05AFC0028E0D1BE
:20486000A078032804D00420FEF7E0FB00207CBDE07800F0FDFA0520F6E71CB510B143F2CC
:2048800004001CBD664CA078042803D0052801D008201CBD00208DF8000001218DF8011016
:2048A0008DF8020068460CF095FE04F031FC0028EFD1A078052805D05FF00200FEF7B6FB1A
:2048C00000201CBDE07800F0E0FA0320F6E72DE9FC4180460E4603250846FCF741FD002881
:2048E00066D14046FEF7AFFD040004D02078222804D2082065E543F2020062E5A07F00F0CB
:2049000003073EB1012F0CD000203146FEF757FC0500EFD1012F06D0022F1AD0FFDF284681
:204920004FE50120F1E7A07D3146022801D011B107E0112045E56846FCF797FE0028D9D1AF
:204940006946404606F062FD0500E8D10120A075E5E7A07D032804D1314890F83000C007F8
:2049600001D02EB30EE026B1A07F40071ED4002100E00121404606F069FD0500CFD1A075A9
:20498000002ECCD03146404600F0AEFA05461128C5D1A07F4107C2D4316844F80E1F7168C6
:2049A000616040F0040020740025B8E71125B6E7102006E570B50C460546FEF744FD0100C3
:2049C00005D022462846BDE87040FEF73FBD43F2020070BD10B5012807D1114B9B78012B21
:2049E00000D011B143F2040010BD0BF0BBFDBDE8104004F08DBB012300F051BA00231A4699
:204A0000194600F04CBA70B506460C460846FCF75AFC18B92068FCF77CFC18B1102070BDFD
:204A2000EC010020F84D2A7E112A04D0132A00D33EB10820F3E721463046FEF7ACFE60B1DF
:204A4000EDE70920132A0DD0142A0BD0A188FF29E5D31520FEF702FB0020D4E90012C5E959
:204A60000712DCE7A1881F29D9D31320F2E71CB5E548007E132801D208201CBD00208DF801
:204A8000000068460CF010F904F042FB0028F4D11120FEF7E3FA00201CBD2DE9F04FDFF81D
:204AA00068A3814691B09AF818009B4615460C46132803D3FFF7DBFF00281FD12046FCF759
:204AC00002FC78BB2846FCF7FEFB58BB20784FF00107C0074FF0000102D08DF83A7001E070
:204AE0008DF83A1020788846C0F3C1008DF8000060788DF80910C10803D0072011B0BDE8E9
:204B0000F08F80B1C10701D08DF80970810705D59DF8091041F002018DF80910400704D54C
:204B20000620EBE720E08DF809709DF80900810703D540F001008DF8090000206E4606EBFD
:204B4000400162884A81401CA288C0B20A820328F5D32078C0F3C100012821D003281FD0A8
:204B60004846FCF7B0FB08B11020C7E799F80000400808D0012809D0022807D0032805D0BE
:204B800043F20220BAE78DF8028001E08DF80270484650F8011FCDF803108088ADF80700BC
:204BA000FEF7E9FB8DF801000020424606EB40012B88CB826B888B83AB884B84EB880B85B6
:204BC000401CCA85C0B28A860328EFD3E088ADF83C0068460CF083F900288ED19AF818001B
:204BE0005546112801D0082088E706200DF02EFD38B12078C0F3C100012804D0032802D03C
:204C000006E012207AE795F8240000283FF475AFFEF73AFA022801D213206FE7584600F0AE
:204C200017F90028A1D185F819B068460CF069FA04F06EFA040098D1687E00F019F9122094
:204C4000FEF70CFA204659E770B56F4D287E122801D00820E3E60CF057FA04F059FA040098
:204C600005D1687E00F011F91120FEF7F7F92046D5E670B5064615460C460846FCF749FBA4
:204C800018B92846FCF745FB08B11020C7E62A46214630460CF03FFD04F03AFA0028F5D171
:204CA00021787F29F2D10520B9E67CB505460C460846FCF708FB08B110207CBD2846FEF795
:204CC000C2FB20B10078222804D208207CBD43F202007CBD4C4890F83000400701D5112043
:204CE0007CBD2178C80802D16078C20801D007207CBD890801D1800801D006207CBDADF8AC
:204D0000005020788DF8020060788DF803000220ADF8040068460BF0E3FE04F0F9F97CBD50
:204D200070B586B014460D460646FEF78CFB28B10078222805D2082006B070E643F20200C6
:204D4000FAE72846FCF70CFB20B944B12046FCF7FEFA08B11020EFE700202060A0802A48FA
:204D600090F83000800701D51120E5E703A930460BF05CFD18B100BF04F0CAF9DCE7ADF804
:204D80000060BDF81400ADF80200BDF81600ADF80400BDF81000BDF81210ADF80600ADF8E3
:204DA00008107DB1298809B1ADF80610698809B1ADF80210A98809B1ADF80810E98809B152
:204DC000ADF80410DCB1BDF80610814201D9081A2080BDF80210BDF81400814201D9081A14
:204DE0006080BDF80800BDF80410BDF816200144BDF812001044814201D9081AA080684675
:204E00000BF0D3FDB8E70000EC0100201CB552490968CDE9001068460CF063F804F078F90E
:204E20001CBD1CB500200090019068460CF059F804F06EF91CBD1080088850804888908088
:204E4000C88810818888D080002050819081704710B5044604F0C8F830B1407830B12046B5
:204E600004F0E7FB002010BD052010BD122010BD10B504F0B9F8040000D1FFDF607800B9D0
:204E8000FFDF6078401E607010BD10B504F0ACF8040000D1FFDF6078401C607010BD1CB5AF
:204EA000ADF800008DF802308DF803108DF8042068460CF0F3FB04F02BF91CBD0CB527A242
:204EC000D2E90012CDE900120079694601EB501000780CBD0278520804D0012A02D043F2AE
:204EE00002207047FEF71EBA1FB56A46FFF7A3FF68460CF03CF904F00BF904B010BD70B573
:204F00000C0006460DD0FEF79EFA050000D1FFDFA68028892081288960816889A081A889CE
:204F2000E0817CE510B500231A4603E0845C2343521CD2B28A42F9D30BB1002010BD0120EA
:204F400010BD00B530B1012803D0022801D0FFDF002000BDFF2000BDCC4D0200070605042F
:204F60000302010010B50446FCF7ADF908B1102010BD2078C0F30210042807D8607807285E
:204F800004D3A178102901D8814201D2072010BDE078410706D421794A0703D4000701D46D
:204FA000080701D5062010BD002010BD10B513785C08837F64F3C713837713789C08C37FDA
:204FC00064F30003C3771078C309487863F34100487013781C090B7864F347130B701378F0
:204FE000DB0863F3000048705078487110BD10B5C4780B7864F300030B70C478640864F31A
:2050000041030B70C478A40864F382030B70C478E40864F3C3030B700379117863F3000176
:20502000117003795B0863F34101117003799B0863F3820111700079C00860F3C3011170A5
:2050400010BD70B514460D46064604F04BFA80B10178182221F00F01891C21F0F001A031AF
:2050600000F8081B21461FF082FCBDE8704004F03CBA29463046BDE870401322FEF7E6B9DF
:205080002DE9F047064608A8894690E830041F469046142128461FF0C6FC0021CAF80010AA
:2050A000B8F1000F03D0B9F1000F03D114E03878C00711D02068FCF72CF9C0BBB8F1000FB9
:2050C00007D12068123028602068143068602068A8602168CAF800103878800724D560682F
:2050E000FCF735F918BBB9F1000F21D0FFF722F90168C6F868118188A6F86C11807986F8C6
:205100006E0101F0F8FCF94FEF60626862B196F8680106F2691140081032FEF764F9102250
:20512000394660681FF0DEFB0020BDE8F08706E0606820B1E8606068C6F86401F4E7102047
:20514000F3E730B5054608780C4620F00F00401C20F0F001103121700020607095F8230085
:2051600030B104280FD0052811D0062814D0FFDF20780121B1EB101F04D295F8200000F04D
:205180001F00607030BD21F0F000203002E021F0F00030302070EBE721F0F0004030F9E7EC
:2051A000F0B591B0022715460C4606463A46ADF80870092103AB04F0FEFF0490002810D0E5
:2051C00004208DF804008DF80170E034099605948DF818500AA968460EF078FF00B1FFDF8E
:2051E000012011B0F0BD10B588B00C460A99ADF80000C3B11868CDF802005868CDF8060043
:20520000ADF80A20102203A81FF06CFB68460CF01EF803F07DFF002803D1A17F41F01001DF
:20522000A17708B010BD0020CDF80200E6E72DE9F84F0646808A0D4680B28246FEF703F92C
:2052400004463078DFF8A48200274FF00209A8F120080F2870D2DFE800F06FF23708387DA8
:205260008CC8F1F0EFF35FF3F300A07F00F00300022809D05FF0000080F0010150460DF069
:2052800035FA050003D101E00120F5E7FFDF98F85C10C90702D0D8F860000BE0032105F177
:2052A0001D0010F066FCD5F81D009149B0FBF1F201FB1200C5F81D0070686867B068A86767
:2052C0002078252800D0FFDFCAE0A07F00F00300022809D05FF0000080F0010150460DF028
:2052E00005FA060003D101E00120F5E7FFDF3078810702D52178252904D040F00100307086
:20530000BDE8F88F85F80090307F287106F11D002D36C5E90206F3E7A07F00F003000228C9
:2053200008D0002080F0010150460DF0DFF9040004D102E00120F5E7A7E1FFDF2078C1061B
:2053400004D5072028703D346C60D9E740F008002070D5E7E07F000700D5FFDF307CB28835
:2053600000F0010301B05046BDE8F04F092105F0ADBD04B9FFDF716821B1102204F12400F4
:205380001FF0B0FA28212046FDF7C4FEA07F00F0030002280ED104F12400002300901A46A8
:2053A00021465046FFF71FFF112807D029212046FDF7B0FE307A84F82000A1E7A07F000786
:2053C00000D5FFDF14F81E0F40F008002070E782A761E761C109607861F34100014660F38F
:2053E00082016170307AE0708AE7A07F00F00300022809D05FF0000080F0010150460DF085
:2054000075F9040003D101E00120F5E7FFDF022104F1850010F0ADFB0420287004F5B4706C
:205420006860B4F885002882304810387C346C61C5E9028064E703E024E15BE02DE015E0EC
:20544000A07F00F00300022807D0002080F0010150460DF04BF918B901E00120F6E7FFDF42
:20546000324621465046BDE8F84FEAE504B9FFDF20782128A1D93079012803D1E07F40F0D1
:205480000800E077324621465046FFF7DAFD2046BDE8F84F2321FDF73DBE3279AA8005F11B
:2054A00008030921504604F086FEE86010B10520287025E7A07F00F00300022808D00020A3
:2054C00080F0010150460DF011F9040003D101E00120F5E7FFDF04F1620102231022081F53
:2054E0000CF08BFF07703179417009E74C02002040420F00A07F00F00300022808D0002031
:2055000080F0010150460DF0F1F8050003D101E00120F5E7FFDF95F8840000F003000128DB
:205520007AD1A07F00F00307E07F10F0010602D0022F04D133E095F8A000C0072BD0D5F8FA
:20554000601121B395F88320087C62F387000874A17FCA09D5F8601162F341000874D5F8EA
:20556000601166F300000874AEB1D5F86001102204F1240188351FF0B5F9287E40F00100BB
:205580002876287820F0010005F8880900E016B1022F04D02DE095F88800C00727D0D5F8D5
:2055A0005C1121B395F88320087C62F387000874A17FCA09D5F85C1162F341000874D5F892
:2055C0005C1166F3000008748EB1D5F85C01102204F1240188351FF085F9287840F00100B9
:2055E00005F8180B287820F0010005F8A009022F44D0002000EB400005EBC00090F88800E4
:20560000800709D595F87C00D5F86421400805F17D011032FDF7E7FE8DF8009095F88400CD
:205620006A4600F003008DF8010095F888108DF8021095F8A0008DF803002146504601F0E2
:2056400043FA2078252805D0212807D0FFDF2078222803D922212046FDF75CFDA07F00F092
:20566000030002280CD0002080F0010150460DF04FF800283FF44FAEFFDF41E60120B9E797
:205680000120F1E7706847703AE6FFDF38E670B5FE4C002584F85C5025660EF0E4FC04F14C
:2056A0001001204603F0DAFE84F8305070BD70B50D46FDF7C8FE040000D1FFDF4FF4B8712E
:2056C00028461FF0B0F904F124002861A07F00F00300022808D0012105F1E0000EF0C4FC38
:2056E000002800D0FFDF70BD0221F5E70A46014602F1E0000EF0D8BC70B50546406886B05E
:2057000001780A2906D00D2933D00E292FD0FFDF06B070BD86883046FDF795FE040000D1F7
:20572000FFDF20782128F3D028281BD1686802210E3001F0BEF9A8B168680821801D01F0F2
:20574000B8F978B104F1240130460BF045FF03F0DFFC00B1FFDF06B02046BDE87040292188
:20576000FDF7D8BC06B0BDE8704003F0BEBE012101726868C6883046FDF765FE040000D1D2
:20578000FFDFA07F00F00301022902D120F01000A077207821280AD06868017A09B10079AA
:2057A00080B1A07F00F00300022862D0FFDFA07F00F003000228ABD1FEF790F80028A7D098
:2057C000FFDFA5E703F091FEA17F08062BD5E07FC00705D094F8200000F01F00102820D0D1
:2057E0005FF0050084F82300207829281DD02428DDD13146042010F09BFC22212046FDF717
:2058000089FCA07F00F00300022830D05FF0000080F0010130460CF07BFF0028C7D0FFDF7D
:20582000C5E70620DEE70420DCE701F00300022808D0002080F0010130460CF057FF050095
:2058400003D101E00120F5E7FFDF25212046FDF761FC03208DF80000694605F1E0000EF090
:205860001AFC0228A3D00028A1D0FFDF9FE70120CEE703F03AFE9AE72DE9F04387B0994697
:20588000164688460746FDF7DEFD04004BD02078222848D3232846D0E07F000743D4A07FA9
:2058A00000F00300022809D05FF0000080F0010138460CF01BFF050002D00CE00120F5E7DD
:2058C000A07F00F00300022805D00121002238460CF003FF05466946284601F01CF90098F1
:2058E00000B9FFDF45B10098E03505612078222806D0242804D007E000990020086103E044
:2059000025212046FDF706FC0098012141704762868001A9C0E902890EF0D8FB022802D020
:20592000002800D0FFDF07B0BDE8F08370B586B00546FDF788FD017822291ED9807F00F0F9
:205940000300022808D0002080F0010128460CF0CDFE04002FD101E00120F5E7FFDF2AE0B1
:20596000B4F85E0004F1620630440178427829B121462846FFF714FCB0B9C9E6ADF8042083
:205980000921284602AB04F016FC03900028F4D005208DF80000694604F1E0000EF07BFB9B
:2059A000022801D000B1FFDF02231022314604F15E000CF058FDB4F860000028D0D1A7E689
:2059C00010B586B00446FDF73EFD017822291BD9807F00F00300022808D0002080F0010115
:2059E00020460CF083FE040003D101E00120F5E7FFDF06208DF80000694604F1E0000EF003
:205A00004AFB002800D0FFDF06B010BD2DE9F05F05460C4600270078904601093E4604F1EE
:205A2000080BBA4602297DD0072902D00A2909D146E0686801780A2905D00D2930D00E29E8
:205A40002ED0FFDFBBE114271C26002C6BD08088A080FDF7F8FC5FEA000900D1FFDF99F848
:205A600017005A46400809F11801FDF7BCFC6868C0892082696851F8060FC4F81200486800
:205A8000C4F81600A07E20F0060001E02C02002040F00100A07699F81E0040F020014DE05D
:205AA0001A270A26002CD1D0C088A080FDF7CBFC050000D1FFDF59462846FFF742FB7EE132
:205AC0000CB1A88BA080287A0B287DD006DC01287BD0022808D0032804D135E00D2875D0AD
:205AE0000E2874D0FFDF6AE11E270926002CADD0A088FDF7A8FC5FEA000900D1FFDF287B82
:205B000000F003000128207A1BD020F001002072297B890861F341002072297BC90861F31C
:205B2000820001E041E1F2E02072297B090961F3C300207299F81E0040F0400189F81E104E
:205B40003DE140F00100E2E713270D26002CAAD0A088FDF778FC8146807F00F003000228A7
:205B600008D0002080F00101A0880CF0BFFD050003D101E00120F5E7FFDF99F81E0000F0A7
:205B80000302022A50D0686F817801F003010129217A4BD021F00101217283789B0863F375
:205BA000410121728378DB0863F38201217283781B0963F3C3012172037863F3061121727F
:205BC000437863F3C71103E061E0A9E090E0A1E0217284F809A0C178A172022A29D002799A
:205BE000E17A62F30001E1720279520862F34101E1720279920862F38201E1720279D2084D
:205C000062F3C301E1724279217B62F3000121734279520862F3410121734279920862F3ED
:205C200082012173407928E0A86FADE741F00101B2E74279E17A62F30001E1724279520841
:205C400062F34101E1724279920862F38201E1724279D20862F3C301E1720279217B62F36D
:205C6000000121730279520862F3410121730279920862F3820121730079C00860F3C301B6
:205C8000217399F80000232831D9262140E018271026E4B3A088FDF7D6FB8346807F00F072
:205CA0000300022809D0002080F00101A0880CF01DFD5FEA000903D101E00120F4E7FFDF2D
:205CC000E868A06099F8000040F0040189F8001099F80100800708D5012020739BF80000E0
:205CE00023286CD92721584651E084F80CA066E015270F265CB1A088FDF7A5FB8146062266
:205D00005946E86808F097FA0120A073A0E041E048463CE016270926E4B3287B20724EE026
:205D2000287B19270E26ACB3C4F808A0A4F80CA0012807D0022805D0032805D0042803D043
:205D4000FFDF0DE0207207E0697B042801F00F0141F0800121721ED0607A20F003006072FC
:205D6000A088FDF770FB05460078212827D0232800D0FFDFA87F00F00300022813D0002059
:205D800080F00101A0880CF0C3FC22212846FDF7C1F914E004E0607A20F00300401CDEE769
:205DA000A8F8006010E00120EAE70CB16888A080287A68B301280AD002284FD0FFDFA8F8AD
:205DC00000600CB1278066800020BDE8F09F15270F26002CE4D0A088FDF735FB807F00F039
:205DE0000300022808D0002080F00101A0880CF07DFC050003D101E00120F5E7FFDFD5F80D
:205E00001D000622594608F016FA84F80EA0D6E717270926002CC3D0A088FDF714FB814691
:205E2000807F00F00300022808D0002080F00101A0880CF05BFC050003D101E00120F5E7AA
:205E4000FFDF6878800701D5022000E00120207299F800002328B2D9272159E719270E260F
:205E6000002C9DD0A088FDF7EEFA5FEA000900D1FFDFC4F808A0A4F80CA084F808A0A07A9A
:205E800040F00300A07299F81E10C90961F38200A07299F81F2099F81E1012EAD11F05D0F4
:205EA00099F8201001F01F0110292BD020F00800A07299F81F10607A61F3C3006072697A4C
:205EC00001F003010129A2D140F00400607299F81E0000F003000228E87A16D0217B60F327
:205EE00000012173AA7A607B62F300006073EA7A520862F341012173A97A490861F34100F4
:205F000060735CE740F00800D2E7617B60F300016173AA7A207B62F300002073EA7A520811
:205F200062F341016173A97A490861F34100207345E710B5FE4C30B10146102204F12000B0
:205F40001EF0D0FC012084F8300010BD10B5044600F0D1FDF64920461022BDE810402031E3
:205F60001EF0C0BC70B5F24D06004FF0000413D0FBF7A9F908B110240CE00621304608F005
:205F800041F9411C05D028665FF0010085F85C0000E00724204670BD0020F7E7007810F0CA
:205FA0000F0204D0012A05D0022A0CD110E0000909D10AE00009012807D0022805D0032803
:205FC00003D0042801D0072070470870002070470620704705282AD2DFE800F003070F17D7
:205FE0001F00087820F0FF001EE0087820F00F00401C20F0F000103016E0087820F00F0025
:20600000401C20F0F00020300EE0087820F00F00401C20F0F000303006E0087820F00F0006
:20602000401C20F0F0004030087000207047072070472DE9F041804688B00D46002708465A
:20604000FBF78EF9A8B94046FDF7FDF9040003D02078222815D104E043F2020008B0BDE8DF
:20606000F08145B9A07F410603D500F00300022801D01020F2E7A07FC10601D4010702D5E2
:206080000DB10820EAE7E17F090701D50D20E5E700F00300022805D125B12846FEF762FF7D
:2060A0000700DBD1A07F00F00300022808D0002080F0010140460CF019FB060002D00FE02A
:2060C0000120F5E7A07F00F0030002280ED0002080F00101002240460CF0FFFA060007D09D
:2060E000A07F00F00300022804D009E00120EFE70420B3E725B12A4631462046FEF756FF85
:206100006946304600F007FD009800B9FFDF0099022006F1E0024870C1F824804A610022C1
:206120000A81A27F02F00302022A1CD001200871287800F00102087E62F3010008762A787B
:20614000520862F3820008762A78920862F3C30008762A78D20862F30410087624212046B0
:20616000FCF7D8FF33E035B30871301D88613078400908777078C0F340004877287800F011
:206180000102887F62F301008877A27FD20962F382008877E27F62F3C3008877727862F317
:2061A00004108877A878C87701F1210228462031FEF71DFF03E00320087105200876252120
:2061C0002046FCF7A7FFA07F20F04000A07701A900980DF07BFF022801D000B1FFDF384679
:2061E0003CE72DE9FF4F534A0D4699B09A4607CA0AAB002783E807001998FDF724F9060018
:2062000006D03078262806D008201DB0BDE8F08F43F20200F9E7B07F00F00309B9F1020FC6
:206220000AD05DB91B98FEF79DFE0028EDD1B07F00F00300022801D11B9890BBB07F00F00A
:206240000300022808D0002080F0010119980CF04DFA040003D101E00120F5E7FFDF852D6D
:2062600028D007DCF5B1812D1ED0822D1ED0832D08D11DE0862D1FD0882D1FD0892D1FD0F3
:206280008A2D1FD00F2020710F281DD003F02AF9E0B101208DF83C00201D10902079B8B10C
:2062A0005BE111E00020EEE70120ECE70220EAE70320E8E70520E6E70620E4E70820E2E70F
:2062C0000920E0E70A20DEE707209EE711209CE7B9F1020F03D0A56F03D1A06F02E0656F44
:2062E000FAE7606F804632D04FF0010001904FF002000090214630461B9AFEF757FE1B98F5
:20630000007800F00101A87861F30100A870B17FC90961F38200A870F17F61F3C300A870F7
:20632000617861F30410A87020784009287003E02C020020D44D02006078C0F34000687094
:206340001B988078E87000206871287103E00220019001200090A87898F80210C0F3C0002C
:20636000C1F3C00108405FEA000B2DD05046FAF7AAFF78BBDAF80C00FAF7A5FF50BBDAF85C
:206380001C00FAF7A0FF28BBDAF80C00A060DAF81C00E060607898F8012042EA500100BF9D
:2063A00061F34100607098F80210C0B200EA111161F30000607000202077009906F11700D6
:2063C000022908D0012107E0607898F8012002EA5001E5E732E0002104EB81014861019938
:2063E000701C022901D0012100E0002104EB81014861A87800F00300012857D198F80200E2
:2064000000F00300012851D1B9F1020F04D02A1D691D1B98FEF7EBFD287998F804100840C5
:206420008DF83400697998F8052011408DF8381008433BD05046FAF746FF08B11020E4E619
:206440000AF110010491B9F1020F17D00846002104F18C03CDE9000304F5AE7202920DABE8
:206460005A462046FEF70CFE0028E8D1B9F1020F08D0504608D14FF0010107E050464FF037
:206480000101E5E70498F5E74FF0000104F1A403CDE9000304F5B072029281F001010EAB46
:2064A0005A462046FEF7ECFD0028C8D16078800734D4A87898F80210C0F38000C1F38001A6
:2064C00008432BD0297898F800000AAAB9F1020F06D032F811204300DA4002F003070AE062
:2064E00032F810204B00DA4012F0030705D0012F0BD0022F0BD0032F07D0BBF1000F0DD044
:20650000012906D0042904D008E00227F5E70127F3E7012801D0042800D10427B07F40F00A
:206520008000B077F17F6BF30001F1776078800706D50320A071BBF1000F0ED1002028E04D
:206540000220022F18D0012F18D0042F29D00020A071B07F20F08000B07725213046FCF7F6
:20656000D9FD0FA904F1E0000DF095FD10B1022800D0FFDF002048E6A071DFE7A0710D212C
:2065800004F120001EF04FFA207840F00200207001208DF85C0017AA3146199800F094FACC
:2065A000DBE70120A071D8E72DE9F04387B09046894604460025FCF746FF060006D03078D8
:2065C000272806D0082007B0BDE8F08343F20200F9E7B07F00F00300022809D05FF0000014
:2065E00080F0010120460CF081F8040003D101E00120F5E7FFDFA7795FEA090005D001284A
:2066000021D0B9F1020F26D110E0B8F1000F22D1012F05D0022F05D0032F05D0FFDF2DE03F
:206620000C252BE0012529E0022527E04046FAF74AFEB0B9032F0ED11022414604F11D00BD
:206640001EF050F91AE0012F02D0022F03D104E0B8F1000F12D00720B5E74046FAF733FEF9
:2066600008B11020AFE7102104F11D001EF0B9F90621404607F0C6FDC4F81D00207825217A
:2066800040F0020020703046FCF744FD2078C10713D020F00100207002208DF8000004F10E
:2066A0001D0002908DF804506946C3300DF0F3FC022803D010B1FFDF00E02577002082E723
:2066C00030B587B00D460446FCF7BDFEA0B1807F00F00300022812D05FF0000080F0010143
:2066E00020460CF003F804000ED02846FAF7EBFD38B1102007B030BD43F20200FAE701201E
:20670000ECE72078400701D40820F3E7294604F13D00202205461EF0E5F8207840F01000FF
:20672000207001070FD520F00800207007208DF80000694604F1E00001950DF0ACFC0228A0
:2067400001D000B1FFDF0020D4E770B50D460646FCF779FE18B10178272921D102E043F235
:20676000020070BD807F00F00300022808D0002080F0010130460BF0B9FF040003D101E082
:206780000120F5E7FFDFA079022809D16078C00706D02A4621463046FEF702FD10B10FE09B
:2067A000082070BDB4F860000E280BD204F1620102231022081F0BF020FE0121017045702E
:2067C000002070BD112070BD70B5064614460D460846FAF778FD18B92046FAF79AFD08B1C4
:2067E000102070BDA6F57F40FF380ED03046FCF72AFE38B1417822464B08811C1846FCF7F1
:20680000F2FD07E043F2020070BD2046FDF7F8FD0028F9D11021E01D0FF0ABF9E21D2946BE
:2068200004F1170000F087F9002070BD2DE9F04104468AB01546884600270846FAF790FDA8
:2068400018B92846FAF78CFD10B110200AB006E42046FCF7F8FD060003D0307827281AD1E1
:2068600002E043F20200F1E7B07F00F00300022808D0002080F0010120460BF037FF0400D6
:2068800003D101E00120F5E7FFDF2078400702D56078800701D40820D8E7B07F00F0030075
:2068A000022803D0A06F03D1A16F02E0606FFAE7616F407800B19DB1487810B1B8F1000F96
:2068C0000ED0ADB1EA1D06A8E16800F034F9102206A905F117001DF0D9FF18B1042707E0B3
:2068E0000720B3E71022E91D04F12D001DF0FAFFB8F1000F06D0102208F1070104F11D00A4
:206900001DF0F0FF2078252140F0020020703046FCF700FC2078C10715D020F00100207090
:2069200002208DF8000004F11D000290103003908DF804706946B3300DF0ADFB022803D00C
:2069400010B1FFDF00E0277700207FE7F8B515460E460746FCF777FD040004D020782228CA
:2069600004D00820F8BD43F20200F8BDA07F00F00300022802D043F20500F8BD3046FAF716
:20698000A2FC18B92846FAF79EFC08B11020F8BD00953288B31C21463846FEF724FC1128A0
:2069A00015D00028F3D1297C4A08A17F62F3C711A177297CE27F61F30002E277297C8908BF
:2069C00084F82010A17F21F04001A177F8BDA17F0907FBD4D6F80200C4F83600D6F8060037
:2069E000C4F83A003088A0861022294604F124001DF078FF287C4108E07F61F34100E0774D
:206A0000297C61F38200E077287C800884F82100A07F40F00800A0770020D3E770B50D461B
:206A200006460BB1072070BDFCF70DFD040007D02078222802D3A07F800604D4082070BD99
:206A400043F2020070BDADB1294630460AF0C4FD02F05EFB297C4A08A17F62F3C711A1772D
:206A6000297CE27F61F30002E277297C890884F8201004E030460AF0D2FD02F049FBA17F06
:206A800021F02001A17770BD70B50D46FCF7DBFC040005D02846FAF73CFC20B1102070BD9F
:206AA00043F2020070BD29462046FEF74AFB002070BD04E010F8012B0AB100207047491E05
:206AC00089B2F7D20120704770B51546064602F009FD040000D1FFDF207820F00F00801C10
:206AE00020F0F0002030207066802868A060BDE8704002F0FABC10B5134C94F8300000283B
:206B000008D104F12001A1F110000DF006FB012084F8300010BD10B190F8B9202AB10A48FD
:206B200090F8350018B1002003E0B83001E0064834300860704708B50023009313460A4616
:206B40000BF0CFFF08BD00002C02002018B18178012938D101E010207047018842F60112C8
:206B6000881A914231D018DC42F60102A1EB020091422AD00CDC41B3B1F5C05F25D06FF41C
:206B8000C050081821D0A0F57060FF381BD11CE001281AD002280AD117E0B0F5807F14D0B9
:206BA00008DC012811D002280FD003280DD0FF2809D10AE0B0F5817F07D0A0F580700338AF
:206BC00003D0012801D0002070470F2070470A281FD008DC0A2818D2DFE800F0191B1F1FE1
:206BE000171F231D1F21102815D008DC0B2812D00C2810D00D2816D00F2806D10DE0112866
:206C00000BD084280BD087280FD0032070470020704705207047072070470F20704704200F
:206C20007047062070470C20704743F20200704738B50C46050041D06946FFF7AFF9002825
:206C400019D19DF80010607861F3020060706946681CFFF7A3F900280DD19DF8001060785F
:206C600061F3C5006070A978C1F34101012903D0022905D0072038BD217821F0200102E04E
:206C8000217841F020012170410704D0A978C90861F386106070607810F0380F07D0A97899
:206CA000090961F3C710607010F0380F02D16078400603D5207840F040002070002038BD0A
:206CC00070B504460020088015466068FFF7B0FF002816D12089A189884211D86068807880
:206CE000C0070AD0B1F5007F0AD840F20120B1FBF0F200FB1210288007E0B1F5FF7F01D961
:206D00000C2070BD01F201212980002070BD10B50478137864F3000313700478640864F327
:206D2000410313700478A40864F3820313700478E40864F3C30313700478240964F30413E6
:206D400013700478640964F3451313700078800960F38613137031B10878C10701D18007A2
:206D600001D5012000E0002060F3C713137010BD4278530702D002F0070306E012F0380F8E
:206D800002D0C2F3C20300E001234A7863F302024A70407810F0380F02D0C0F3C20005E0A2
:206DA000430702D000F0070000E0012060F3C5024A7070472DE9F04F95B00D00824612D0E3
:206DC000122128461DF00DFE4FF6FF7B05AA0121584607F03EF80024264637464FF42058D7
:206DE0006FF4205973E0102015B0BDE8F08F00BF9DF81E0001280AD1BDF81C1041450BD093
:206E000011EB09000AD001280CD002280CD0042C0ED0052C0FD10DE0012400E00224BDF89C
:206E20001A6008E0032406E00424BDF81A7002E0052400E00624BDF81A10514547D12C743A
:206E4000BEB34FF0000810AA4FF0070ACDE90282CDE900A80DF13C091023CDF81090424675
:206E60003146584607F0A8F808BBBDF83C002A46C0B210A90DF0C7F9C8B9AE81CFB1CDE974
:206E800000A80DF1080C0AAE40468CE84102132300223946584607F08FF840B9BDF83C0066
:206EA000F11CC01EC0B22A1D0DF0ADF910B103209AE70AE0BDF82900E881062C05D19DF858
:206EC0001E00A872BDF81C00288100208CE705A806F0CBFF00288BD0FFF779FE84E72DE98F
:206EE000F0471C46DDE90978DDF8209015460E00824600D1FFDF0CB1208818B1D5B1112068
:206F0000BDE8F087022D01D0012100E0002106F1140005F08DFEA8F8000002463B462946CF
:206F2000504603F048F9C9F8000008B9A41C3C600020E5E71320E3E7F0B41446DDE90452A6
:206F40008DB1002314B1022C09D101E0012306E00D7CEE0703D025F0010501230D742146A0
:206F6000F0BC03F0B3BF1A80F0BC70472DE9FE4F91461A881C468A468046FAB102AB494648
:206F800003F019F9050019D04046A61C27880BF0F1FC3246072629463B4600960BF0FFF802
:206FA00020882346CDE900504A4651464046FFF7C3FF002020800120BDE8FE8F0020FBE740
:206FC0002DE9F04786B082460EA8904690E8B000894604AA05A903A88DE807001E462A468C
:206FE00021465046FFF77BFF039901B101213970002818D1F94904F1140204AB08600398FB
:2070000005998DE8070042464946504606F0C7F9A8B1092811D2DFE800F005080510100A93
:207020000C0C0E00002006B06AE71120FBE70720F9E70820F7E70D20F5E70320F3E7BDF828
:2070400010100398CDE9000133462A4621465046FFF772FFE6E72DE9F04389B00D46DDE909
:20706000108781461C461646142103A81DF0DBFC012002218DF810108DF80C008DF81170B0
:20708000ADF8146064B1A278D20709D08DF81600E088ADF81A00A088ADF81800A0680790B0
:2070A00008A80095CDE90110424603A948466B68FFF786FF09B0BDE8F083F0B58BB00024DF
:2070C0000646069407940727089405A80994019400970294CDE903400D46102322463046FC
:2070E00006F06AFF78B90AA806A9019400970294CDE90310BDF8143000222946304606F01E
:2071000031FD002801D0FFF762FD0BB0F0BD06F0D1BB2DE9FC410C468046002602F0E2F9AB
:20712000054620780D287DD2DFE800F0BC0713B325BD49496383AF959B00A848006820B146
:20714000417841F010014170ADE0404602F0FAF9A9E0042140460BF0C9FA070000D1FFDFE3
:2071600007F11401404605F0F7FCA5BB13214046FDF720FC97E0042140460BF0B7FA070095
:2071800000D1FFDFE088ADF800000020B8819DF80000010704D5C00602D5A088B88105E081
:2071A0009DF8010040067ED5A088F88105B9FFDF22462946404601F0BDFC022673E0E18878
:2071C000ADF800109DF8011009060FD5072803D006280AD00AE024E0042140460BF086FA43
:2071E000060000D1FFDFA088F0810226CDB9FFDF17E0042140460BF079FA070000D1FFDFEF
:2072000007F1140006F08DFB90F0010F02D1E079000648D5387C022640F00200387405B98D
:20722000FFDF00E03EE022462946404601F082FC39E0042140460BF059FA017C002D01F0F9
:207240000206C1F340016171017C21F002010174E7D1FFDFE5E702260121404602F0A4F998
:2072600021E0042140460BF041FA0546606800902089ADF8040001226946404602F0B5F93F
:20728000287C20F0020028740DE0002DC9D1FFDFC7E7022600214046FBF716F9002DC0D1CE
:2072A000FFDFBEE7FFDF3046BDE8FC813EB50C0009D001466B4601AA002006F0FFFE20B176
:2072C000FFF785FC3EBD10203EBD00202080A0709DF8050002A900F00700FEF77BFE50B98E
:2072E0009DF8080020709DF8050002A9C0F3C200FEF770FE08B103203EBD9DF80800607000
:207300009DF80500C109A07861F30410A0709DF80510890961F3C300A0709DF804108906DE
:2073200001D5022100E0012161F342009DF8001061F30000A07000203EBD70B514460646CD
:207340000D4651EA040005D075B10846F9F7FFFF78B901E0072070BD2946304606F00FFF15
:2073600010B1BDE8704032E454B12046F9F7EFFF08B1102070BD21463046BDE8704095E7D4
:20738000002070BD2DE9FC5F0C4690460546002701780822007A3E46B2EB111F7ED104F1E3
:2073A0000A0100910A31821E4FF0020A04F1080B0191092A73D2DFE802F0ECDF05F427272E
:2073C0007AA9CD00688804210BF090F9060000D1FFDFB08920B152270726C2E0900200206B
:2073E00051271026002C7DD06888A0800120A071A88900220099FFF7A0FF002873D1A88906
:207400002081288AE081D1E0B5F81290072824D1E87B000621D5512709F1140086B2002C4B
:20742000E1D0A88900220099FFF787FF00285AD16888A08084F806A0A88920810120A073A8
:20744000288A2082A4F81290A88A009068884B46A969019A01F04BFBA8E0502709F1120068
:2074600086B2002C3ED0A88900225946FFF765FF002838D16888A080A889E080287A0728AB
:2074800013D002202073288AE081E87BC0096073A4F81090A88A0090688801E083E080E0B0
:2074A0004B4604F11202A969D4E70120EAE7B5F81290512709F1140086B2002C66D0688814
:2074C00004210BF013F983466888A080A88900220099FFF732FF00286ED184F806A0A889DA
:2074E000208101E052E067E00420A073288A2082A4F81290A88A009068884B46A969019AD8
:2075000001F0F5FAA989ABF80E104FE06888FBF79AFF0746688804210BF0E8F8064607B9A5
:20752000FFDF06B9FFDF687BC00702D05127142601E0502712264CB36888A080502F06D0AE
:2075400084F806A0287B594601F0E1FA2EE0287BA11DF9E7FE49A8894989814205D154274E
:2075600006269CB16888A08020E053270BE06888A080A889E08019E0688804210BF0B6F8C5
:2075800000B9FFDF55270826002CF0D1A8F8006011E056270726002CF8D06888A0800020FE
:2075A00013E0FFDF02E0012808D0FFDFA8F800600CB1278066800020BDE8FC9F57270726E4
:2075C000002CE3D06888A080687AA071EEE7401D20F0030009B14143091D01EB400070473D
:2075E00013B5DB4A00201071009848B1002468460AF099FE002C02D1D64A009911601CBD07
:2076000001240020F4E770B50D46064686B014465C2128461DF007FA04B9FFDFA07868746E
:20762000A2782188284601F09CFA0020A881E881228805F11401304605F073FA6A46012181
:20764000304606F006FC19E09DF80300000715D5BDF806103046FFF730FD9DF80300BDF889
:20766000061040F010008DF80300BDF80300ADF81400FF233046059A06F04CFD684606F0A1
:20768000F4FB0028E0D006B070BD10B50C4601F1140005F07DFA0146627C2046BDE8104037
:2076A00001F094BA30B50446A94891B04FF6FF75C18905AA284606F0CCFB30E09DF81E008A
:2076C000A0422AD001282AD1BDF81C00B0F5205F03D042F60101884221D1002002AB0AAA6B
:2076E0000CA9019083E8070007200090BDF81A1010230022284606F05FFC38B9BDF828005A
:207700000BAAC0B20CA90CF07EFD10B1032011B030BD9DF82E00A04201D10020F7E705A862
:2077200006F0A3FB0028C9D00520F0E770B5054604210AF0DBFF040000D1FFDF04F11401D2
:207740000C46284605F008FA21462846BDE8704005F009BA70B58AB00C460646FBF773FE30
:20776000050014D02878222827D30CB1A08890B101208DF80C0003208DF8100000208DF807
:20778000110054B1A088ADF81800206807E043F202000AB070BD0920FBE7ADF81800059004
:2077A000042130460AF0A2FF040000D1FFDF04F1140005F004FA000701D40820E9E701F01F
:2077C00091FE60B108A802210094CDE9011095F8232003A930466368FFF7F2FBD9E711204A
:2077E000D7E72DE9F04FB2F802A0834689B0154689465046FBF727FE0746042150460AF04F
:2078000075FF0026044605964FF002080696ADF81C6007B9FFDF04B9FFDF4146504603F09A
:20782000C0FE50B907AA06A905A88DE807004246214650466368FFF752FB454807AB0660C0
:20784000DDE9051204F11400CDF80090CDE90320CDE9013197F82320594650466B6805F05D
:20786000F7F906000AD0022E04D0032E14D0042E00D0FFDF09B03046BDE8F08FBDF81C001B
:207880000028F7D00599CDE900104246214650466368FFF751FBEDE7687840F0080068703F
:2078A000E8E72DE9F04F99B004464FF000082848ADF81C80ADF82080ADF82480A0F808806B
:2078C000ADF81480ADF81880ADF82C80ADF82880007916460D464746012808D0022806D0DE
:2078E000032804D0042802D0082019B0C4E72046F9F7E9FC80BB2846F9F7E5FC60BB606857
:20790000F9F72EFD40BB606848B160892189884202D8B1F5007F01D90C20E6E780460EAAE3
:2079200006A92846FFF7CCF90028DED168688078C0F34100022808D19DF8190010F0380FE4
:2079400003D02869F9F703FD30B905A9206904E0900200201400002020E0FFF769F9002869
:20796000C3D1206948B1607880079DF8150000F0380001D5F0B300E0E0BB9DF8140080069D
:207980000ED59DF8150010F0380F03D06068F9F7DEFC18B96068F9F7E3FC08B11020A4E7D2
:2079A0000AA96069FFF744F900289ED1606940B19DF8290000F0070101293CD110F0380F93
:2079C00039D00BA9A069FFF733F900288DD19DF8280080062FD49DF82C0080062BD4A069A4
:2079E00050B19DF82D0000F00701012923D110F0380F00E01FE01ED0E06818B10078D0B190
:207A00001C2818D20FAA611C2046FFF780F90121384661F30F2082468DF85210B94642F624
:207A200003000F46ADF850000DF13F0218A928680CF008FC08B1072057E79DF8600015A998
:207A4000CDF80090C01CCDE9019100F0FF0B00230BF20122514614A806F03EF9F0BBBDF890
:207A600054000C90FD492A8928690092CDE901016B89BDF838202868069906F02DF90100F5
:207A80007ED120784FF0020AC10601D480062BD5ADF80C90606950B90AA906A8FFF768F9C7
:207AA0009DF8290020F00700401C8DF829009DF8280008A940F0C8008DF828008DF852708D
:207AC00042F60210ADF8500003AACDF800A0CDE90121002340F2032214A800E01EE00A99C6
:207AE00006F0FAF801004BD1DC484D4608385B460089ADF83D000FA8CDE90290CDF8049026
:207B0000CDF810904FF007090022CDF80090BDF854104FF6FF7006F025F810B1FFF757F854
:207B2000E3E69DF83C00000625D52946012060F30F218DF852704FF42450ADF85000ADF800
:207B40000C5062789DF80C00002362F300008DF80C006278CDF800A0520862F341008DF891
:207B60000C0003AACDE9012540F2032214A806F0B3F8010004D1606888B32069A8B900E019
:207B800086E005A906A8FFF7F3F86078800706D49DF8150020F038008DF8150005E09DF803
:207BA000140040F040008DF814008DF8527042F60110ADF85000208940F20121B0FBF1F298
:207BC00001FB1202606809ABCDF80080CDE90103002314A8059906F07FF8010058D120786E
:207BE000C00729D0ADF80C50A06950B90BA906A8FFF7BEF89DF82D0020F00700401C8DF8EA
:207C00002D009DF82C008DF8527040F040008DF82C0042F60310ADF8500007A903AACDF8AC
:207C200000A0CDE90121002340F2032214A80B9906F052F801002BD1E06868B329460120C2
:207C400060F30F218DF8527042F60410ADF85000E068002302788DF8582040788DF85900A1
:207C6000E06816AA4088ADF85A00E06800798DF85C00E068C088ADF85D00CDF80090CDE9F6
:207C800001254FF4027214A806F026F8010003D00C9800F0C7FF28E670480321083801716D
:207CA00056B100893080BDF824007080BDF82000B080BDF81C00F080002016E670B501250E
:207CC0008AB016460B46012802D0022816D104E08DF80E504FF4205003E08DF80E5042F639
:207CE0000100ADF80C005BB10024601C60F30F2404AA08A918460CF0A5FA18B1072048E52B
:207D0000102046E504A99DF820205448CDE90021801E02900023214603A802F2012205F0A2
:207D2000DBFF10B1FEF753FF33E54C4808380EB1C1883180057100202BE5F0B593B00746E1
:207D400001268DF83E6041F60100ADF83C0012AA0FA93046FFF7B2FF002848D13F4C00253E
:207D6000083CE7B31C2102A81CF05DFE9DF808008DF83E6040F020008DF8080042F60520DD
:207D8000ADF83C000E959DF83A00119520F00600801C8DF83A009DF838006A4620F0FF00ED
:207DA0008DF838009DF8390009A920F0FF008DF839000420ADF82C00ADF830000EA80A909F
:207DC00011A80D900FA80990ADF82E5002A8FFF768FD00280BD1BDF80000608100E008E073
:207DE000BDF80400A081401CE0812571002013B0F0BD6581A581BDF84800F4E72DE9F74F86
:207E00001649A0B00024083917940A79A146012A04D0022A02D0082023B02DE5CA88824219
:207E200001D00620F8E721988A46824201D10720F2E701202146ADF848004FF6FF788DF897
:207E40006E0042F6020B60F30F21ADF84A80ADF86CB006918DF8724002E000009802002052
:207E60001CA9ADF870401391ADF8508012A806F020F800252E462F460DAB072212A94046D7
:207E800006F01AF878B10A285DD195B38EB3ADF86450ADF866609DF85E008DF8144019AC73
:207EA000012864D06BE09DF83A001FB3012859D1BDF8381059451FD118A809A901940294FE
:207EC000CDE9031007200090BDF8361010230022404606F071F8B0BBBDF86000042801D070
:207EE00006284AD1BDF82410219881423AD10F2092E73AE0012835D1BDF83800B0F5205FC7
:207F000003D042F6010188422CD1BAF80600BDF83610884201D1012700E0002705B19EB10A
:207F2000219881421ED118A809AA01940294CDE90320072000900D4610230022404606F084
:207F40003BF800B902E02DE04E460BE0BDF86000022801D0102810D1C0B217AA09A90CF0BD
:207F600052F950B9BDF8369086E7052054E705A917A8221D0CF066F908B103204CE79DF8BA
:207F800014000023001DC2B28DF8142022980092CDE901401BA8069905F09EFE10B902223D
:207FA0008AF80420FEF713FE36E710B50B46401E88B084B205AA00211846FEF7A8FE00202D
:207FC0000DF1080C06AA05A901908CE80700072000900123002221464FF6FF7005F0C2FD59
:207FE0000446BDF81800012800D0FFDF2046FEF7EEFD08B010BDF0B5F74F044687B03879AB
:208000000E46032804D0042802D0082007B0F0BD04AA03A92046FEF753FE0500F6D16068E9
:208020008078C0F3410002280AD19DF80D0010F0380F05D02069F9F78AF908B11020E5E7E0
:20804000208905AA21698DE807006389BDF810202068039905F040FE10B1FEF7B8FDD5E773
:2080600016B1BDF814003080042038712846CDE7F8B50C0006460CD001464FF6FF750023CD
:208080006A46284606F01AF828B100BFFEF79FFDF8BD1020F8BD69462046FEF7C9FD0028FF
:2080A000F8D1A078314600F001032846009A06F031F8EBE730B587B0144600220DF1080CD1
:2080C00005AD01928CE82C00072200920A46014623884FF6FF7005F045FDBDF81410218059
:2080E000FEF775FD07B030BD70B50D4604210AF0FDFA040000D1FFDF294604F11400BDE817
:20810000704004F055BD70B50D4604210AF0EEFA040000D1FFDF294604F11400BDE87040AA
:2081200004F069BD70B50D4604210AF0DFFA040000D1FFDF294604F11400BDE8704004F041
:2081400081BD70B5054604210AF0D0FA040000D1FFDF214628462368BDE870400122FEF708
:2081600005BF70B5064604210AF0C0FA040000D1FFDF04F1140004F00BFD401D20F00305C4
:2081800011E0011D00880022431821463046FEF7EDFE00280BD0607CABB2684382B2A068EB
:2081A000011D0AF060F9A06841880029E9D170BD70B5054604210AF099FA040000D1FFDF98
:2081C000214628466368BDE870400222FEF7CEBE70B50E46054601F085F9040000D1FFDF1F
:2081E0000120207266726580207820F00F00001D20F0F00040302070BDE8704001F075B9C7
:2082000010B50446012900D0FFDF2046BDE810400121FAF759B92DE9F04F97B04FF0000A12
:208220000C008346ADF814A0D04619D0E06830B1A068A8B10188ADF81410A0F800A058465F
:20824000FBF701F9070043F2020961D0387822285CD3042158460AF049FA050005D103E0D3
:20826000102017B0BDE8F08FFFDF05F1140004F08FFC401D20F00306A078012803D00228C8
:2082800001D00720EDE7218807AA584605F0E1FD30BB07A805F0E9FD10BB07A805F0E5FD81
:2082A00048B99DF82600012805D1BDF82400A0F52451023902D04FF45050D2E7E068B0B1CE
:2082C000CDE902A00720009005AACDF804A00492A2882188BDF81430584605F043FC10B182
:2082E000FEF775FCBDE7A168BDF8140008809DF81F00C00602D543F20140B2E70B9838B12E
:20830000A1780078012905D080071AD40820A8E74846A6E7C007F9D002208DF83C00A86803
:208320004FF00009A0B1697C4288714391420FD98AB2B3B2011D0AF04CF88046A0F800A08B
:2083400006E003208DF83C00D5F800804FF001099DF8200010F0380F00D1FFDF9DF820005D
:208360001E49C0F3C200084497F8231010F8010C884201D90F2074E72088ADF8400014A986
:208380000095CDE90191434607220FA95846FEF717FE002891D19DF8500050B9A078012835
:2083A00007D1687CB3B2704382B2A868011D0AF024F8002055E770B5064615460C460846A9
:2083C000FEF7C4FB002805D12A4621463046BDE8704073E470BD11E590020020DE4D0200F0
:2083E00070B51E4614460D0009D044B1616831B138B1FC49C988814203D0072070BD10207B
:2084000070BD2068FEF7A2FB0028F9D1324621462846BDE87040FFF744BA70B515460C0001
:2084200006D038B1EF490989814203D0072070BD102070BD2068FEF789FB0028F9D129460A
:208440002046BDE87040D6E570B5064686B00D4614461046F8F75DFFD0BB6068F8F780FFF0
:20846000B0BBA6F57F40FF3803D03046FAF7EBFF80B128466946FEF79DFC00280CD19DF866
:2084800010100F2008293DD2DFE801F008060606060A0A0843F2020006B070BD0320FBE73A
:2084A0009DF80210012908D1BDF80010B1F5C05FF2D06FF4C052D142EED09DF806100129AB
:2084C0000DD1BDF80410A1F52851062907D200E029E0DFE801F0030304030303DCE79DF8D2
:2084E0000A1001290FD1BDF80810B1F5245FD3D0A1F60211B1F50051CED00129CCD002298F
:2085000001D1C9E7FFDF606878B9002305AA2946304605F0D3FD10B1FEF759FBBCE79DF844
:208520001400800601D41020B6E76188224628466368FFF7BFFDAFE72DE9F043814687B0E6
:20854000884614461046F8F7E4FE18B1102007B0BDE8F083002306AA4146484605F0AEFD7C
:2085600018B100BFFEF733FBF1E79DF81800C00602D543F20140EAE70025072705A8019551
:2085800000970295CDE9035062884FF6FF734146484605F011FD060013D16068F8F7B9FE93
:2085A00060B960680195CDE9025000970495238862884146484605F0FFFC0646BDF814005D
:2085C00020803046CEE739B1864B0A889B899A4202D843F2030070471DE610B586B0814CEF
:2085E0000423ADF81430638943B1A4898C4201D2914205D943F2030006B010BD0620FBE749
:20860000ADF81010002100910191ADF8003002218DF8021005A9029104A90391ADF8122069
:208620006946FFF7F8FDE7E72DE9FC4781460D460846F8F748FE88BB4846FAF704FF5FEACE
:2086400000080AD098F80000222829D3042148460AF04CF8070005D103E043F20200BDE8D5
:20866000FC87FFDF07F1140004F0A9FA06462878012803D0022804D00720F0E7B0070FD577
:2086800002E016F01C0F0BD0A8792C1DC00709D0E08838B1A068F8F716FE18B11020DEE7C8
:2086A0000820DCE721882A780720B1F5847F35D01EDC40F20315A1F20313A94226D00EDCF7
:2086C000B1F5807FCBD003DCF9B1012926D1C6E7A1F58073013BC2D0012B1FD113E0012B71
:2086E000BDD0022B1AD0032BB9D0042B16D112E0A1F20912082A11D2DFE802F00B04041078
:2087000010101004ABE7022AA9D007E0012AA6D004E0320700E0F206002AA0DACDB200F05E
:20872000E1FE50B198F82300CDE90005FA89234639464846FEF78FFC91E711208FE72DE93D
:20874000F04F8BB01F4615460C4683460026FAF77AFE28B10078222805D208200BB081E57A
:2087600043F20200FAE7B80801D00720F6E7032F00D100274FF6FF79CCB1022D73D320460D
:20878000F8F7EEFD30B904EB0508A8F10100F8F7E7FD08B11020E1E7AD1EAAB221464846E0
:2087A00005F05BFD38F8021C88425CD1ADB20D49B80702D58889401C00E001201FFA80F8DD
:2087C000F80701D08F8900E04F4605AA4146584605F03FFB4FF0070A4FF00009DCB32046AC
:2087E0000BE0000090020020408810283BD8361D304486B2AE4236D2A01902884245F3D342
:2088000051E000BF9DF8170002074CD594B304EB0608361DB8F80230B6B2102B23D89A19C8
:20882000AA4220D8B8F8002091421CD1C0061CD5CDE900A90DF1080C0AAAA11948468CE82C
:208840000700B8F800100022584605F08BF920B1FEF7BDF982E726E005E0B8F80200BDF8E1
:208860002810884201D00B2078E7B8F80200304486B207E0FFE7C00604D55846FEF71DFC25
:20888000002888D19DF81700BDF81A1020F010008DF81700BDF81700ADF80000FF235846DF
:2088A000009A05F037FC05A805F0DFFA18B9BDF81A10B942A6D90421584609F017FF04007B
:2088C00000D1FFDFA2895AB1CDE900A94D46002321465846FEF7BFFB0028BBD1A5813DE7EC
:2088E00000203BE72DE9FF4F8BB01E4617000D464FF0000412D0B00802D007200FB0B1E49F
:20890000032E00D100265DB10846F8F720FD28B93888691E0844F8F71AFD08B11020EDE790
:20892000C64AB00701D5D18900E00121F0074FF6FF7802D0D089401E00E0404686B206AAB4
:208940000B9805F086FA4FF000094FF0070B0DF1140A38E09DF81B00000734D5CDF8049019
:20896000CDF800B0CDF80890CDE9039A434600220B9805F021FB60BB05B3BDF814103A8805
:2089800021442819091D8A4230D3BDF81E2020F8022BBDF8142020F8022BCDE900B9CDE9B1
:2089A0000290CDF810A0BDF81E10BDF8143000220B9805F001FB08B103209FE7BDF81400F3
:2089C0002044001D84B206A805F04FFA20B10A2806D0FEF7FCF891E7BDF81E10B142B9D952
:2089E00034B17DB13888A11C884203D20C2085E7052083E722462946404605F02EFC01465E
:208A000028190180A41C3C80002077E710B50446F8F77FFC08B1102010BD8848C0892080B2
:208A2000002010BDF0B58BB00D460646142103A81BF0F9FF01208DF80C008DF81000002080
:208A40008DF81100ADF814503046FAF7FCFC48B10078222812D30421304609F047FE04009B
:208A600005D103E043F202000BB0F0BDFFDF04F11400074604F0A3F8800601D40820F3E77E
:208A8000207C022140F00100207409A80094CDE90110072203A930466368FEF791FA20B1DF
:208AA000217C21F001012174DEE729463046F9F7FCFC08A9384604F071F800B1FFDFBDF80F
:208AC0002040172C01D2172000E02046A84201D92C4602E0172C00D2172421463046FFF768
:208AE00012FB21463046F9F706FA0020BCE7F8B51C4615460E46069F09F02AFF2346FF1DCF
:208B0000BCB231462A46009409F015FBF8BD70B50C4605460E2120461BF063FF002020802A
:208B20002DB1012D01D0FFDF70BD062000E00520A07170BD10B548800878134620F00F005F
:208B4000001D20F0F00080300C4608701422194604F108001BF00BFF00F0C7FC3748046041
:208B600010BD2DE9F047DFF8D890491D064621F0030117460C46D9F8000009F0F2FB05006A
:208B800000D1FFDF4FF000083560A5F800802146D9F8000009F0E5FB050000D1FFDF756093
:208BA000A5F800807FB104FB07F1091D0BD0D9F8000009F0D6FB040000D1FFDFB460C4F852
:208BC0000080BDE8F087C6F80880FAE72DE9F0411746491D21F00302194D0646016814463D
:208BE000286809F0E9FB22467168286809F0E4FB3FB104FB07F2121D03D0B168286809F0D3
:208C0000DBFB042009F01AFD0446042009F01EFD201A012804D12868BDE8F04109F096BBE0
:208C2000BDE8F08110B50C4605F0DFF800B1FFDF2046BDE81040FDF7CABF00009002002022
:208C40001400002038B50C468288817B19B14189914200D90A462280C188121D90B26A46FF
:208C600008F0E2FDBDF80000032800D30320C1B2208801F00BF838BD38B50C468288817BFE
:208C800019B10189914200D90A462280C188121D90B26A4608F0C8FDBDF80000022800D309
:208CA0000220C1B2208800F0F1FF401CC0B238BD2DE9FE4F82468B46F94814460BF103023C
:208CC000D0E90010CDE9011022F0030268464FF49071009209F027FBF24E002C02D1F24AD3
:208CE00000999160009901440091357F05F1010504D1E8B20BF020FA00B1FFDF009800EB35
:208D00000510C01C20F0030100915CB9707AB27A1044C2B200200870308C80B204F0EDFE65
:208D200000B1FFDF0098316A084400902146684600F06FFF80460098C01C20F00300009045
:208D4000B37AF27A717A04B1002009F0E2FB0099084400902146684600F0A3FFD148002788
:208D60003D4690F801900CE0284600F035FF064681788088F9F756F971786D1C00FB017768
:208D8000EDB24D45F0D10098C01C20F00300009004B100203946F9F750F900990027084431
:208DA0000090C0483D4690F801900CE0284600F013FF0646C1788088FEF709FC71786D1C2A
:208DC00000FB0177EDB24D45F0D10098C01C20F00300009004B100203946FEF701FC009938
:208DE0004FF0000908440090AE484D4647780EE0284600F0F1FE0646807B30B106F10800A5
:208E000001F013FF727800FB02996D1CEDB2BD42EED10098C01C20F00300009004B10020FD
:208E2000494601F006FF0099084400902146684600F0A9FE0098C01D20F007000090DAF89E
:208E40000010814204D3A0EB0B01B1F5803F04DB4FF00408CAF8000004E0CAF80000B8F131
:208E6000000F02D04046BDE8FE8F34BB8F490020009A03F05BF8FBF760FA8A4801AA0021A8
:208E80001030F8F7EBFA00B1FFDF8648407FFEF754FF00B1FFDF83484FF4F67140301BF0DB
:208EA000C2FD80480421403080F8E91180F8EA11062180F8EB11032101710020D3E770B581
:208EC000784C06464034207804EB4015E078083590B9A01990F8E80100280ED0A0780F28D5
:208EE00000D3FFDF202128461BF09DFD687866F3020068700120E070284670BD2DE9F04107
:208F000005460C4600270078052190463E46B1EB101F00D0FFDF287A50B101280ED0FFDF94
:208F2000A8F800600CB1278066800020BDE8F0810127092674B16888A08008E002271426DA
:208F400044B16888A0802869E060A88A2082287B2072E5E7A8F80060E7E730B5514C0120F5
:208F6000002120706170207260720322A272E07221732174052121831F21618360744CA1A8
:208F800061610A2121776077474D4FF4B06020626868C11C21F00301814200D0FFDF686809
:208FA000606030BD30B5404C1568636810339D4202D20420136030BD3A4B5D785A6802EBC8
:208FC0000512107051700320D080172090800120D0709070002090735878401C587060683F
:208FE00010306060002030BD70B506462D480024457807E0204600F0EFFD0178B14204D034
:20900000641CE4B2AC42F5D1002070BDF7B5074608780C4610B3FFF7E7FF0546A7F12006C6
:20902000202F06D0052E19D2DFE806F00F2B2B151A0000F0DCFD0DB1697800E00021401AD9
:20904000A17880B20844FF2808D8A07830B1A088022831D202E0608817282DD20720FEBD3A
:20906000207AE0B161881729F8D3A1881729F5D3A1790029F2D0E1790029EFD0402804D914
:20908000ECE7242F18D1207A48B161884FF6FB70814202D8A18881420ED90420FEBD0BE05B
:2090A000E44D0200AC03002018000020000000206E5246357800000065B9207802AA01211F
:2090C000FFF770FF0028E9D12078FFF78DFF050000D1FFDF052E18D2DFE806F0030B0E087D
:2090E0001100A0786870A088E8800FE06088A8800CE0A078A87009E0A078E87006E054F839
:20910000020FA8606068E86000E0FFDF0020C5E71A2835D00DDC132832D2DFE800F01B312A
:20912000203131272723252D313129313131312F0F00302802D003DC1E2821D1072070473E
:209140003A3809281CD2DFE800F0151B0F1B1B1B1B1B07000020704743F20400704743F2FE
:2091600002007047042070470D2070470F2070470820704711207047132070470620704703
:209180000320704710B5007800F0010008F03EFBBDE81040BCE710B5007818B1012801D0FE
:2091A000072010BD08F082FBBDE81040B0E710B5007800F0010008F032FBBDE81040A7E7E4
:2091C0000EB5017801F001018DF80010417801F001018DF801100178C1F340018DF8021084
:2091E0004178C1F340018DF80310017889088DF80410417889088DF8051081788DF806100E
:20920000C1788DF8071000798DF80800684607F02FFAFFF77DFF0EBD2DE9F84FDFF8F883B9
:20922000FE4C00264FF490771FE0012000F07CFD0120FFF744FE05463946D8F8080009F0F7
:2092400090F8686000B9FFDF686807F0A2F8B0B12846FAF7D8FB284600F06CFD28B93A460B
:209260006968D8F8080009F0A7F894F9E9010428DBDA022009F0E2F907460025A5E03A46E8
:209280006968D8F8080009F097F8F2E7B8F802104046491C89B2A8F80210B94201D300213A
:2092A00041800221B8F8020009F020FA002864D0B8F80200694608F01BFAFFF729FF00B16C
:2092C000FFDF9DF8000078B1B8F8020009F052FB5FEA000900D1FFDF484608F0C0FD18B1ED
:2092E000B8F8020002F04CF9B8F8020009F030FB5FEA000900D1FFDF484608F0A8FDE0BBE8
:209300000321B8F8020009F0F1F95FEA000B47D1FFDF45E0DBF8100010B10078FF2849D0C9
:20932000022000F001FD0220FFF7C9FD8246484608F099FECAF8040000B9FFDFDAF8040027
:2093400008F061FF002100900170B8F802105046AAF8021001F016FE484608F056FF00B9EE
:20936000FFDF504600F0E6FC18B99AF80100000704D50098CBF8100012E024E0DBF810001F
:2093800038B10178491C11F0FF01017008D1FFDF06E000221146484600F0F3FB00B9FFDF7B
:2093A00094F9EA01022805DBB8F8020001F0AFFD0028AFD194F9E901042804DB484608F02C
:2093C00088FF00B101266D1CEDB2BD4204D294F9EA010228BFF65AAF002E7FF422AFBDE8BA
:2093E000F84F032000F0A0BC10B58B4CE06008682061AFF2DB10F9F770FD607010BD874895
:209400000021403801708448017085494160704770B505464FF080500C46D0F8A410491C2D
:2094200005D1D0F8A810C9430904090C0BD050F8A01F01F001012970416821608068A08008
:20944000287830B970BD062120460CF092FB01202870607940F0C000607170BD70B54FF05C
:2094600080540D46D4F88010491C0BD1D4F88410491C07D1D4F88810491C03D1D4F88C1086
:20948000491C0CD0D4F880100160D4F884104160D4F888108160D4F88C10C16002E01021EC
:2094A0000CF067FBD4F89000401C0BD1D4F89400401C07D1D4F89800401C03D1D4F89C002A
:2094C000401C09D054F8900F286060686860A068A860E068E86070BD2846BDE87040102193
:2094E0000CF047BB4D480079E9E470B54B4CE07830B3207804EB4010407A00F007002044B0
:2095000090F9E801002800DCFFDF2078002504EB4010407A00F00700011991F8E801401E60
:2095200081F8E8012078401CC0B220700F2800D12570A078401CA0700CF012FAE57070BD28
:20954000FFDF70BD3EB50546032109F0CFF80446284609F0FDF9054604B9FFDF206918B1FF
:209560000078FF2800D1FFDF01AA6946284600F008FB60B9FFDF0AE0002202A9284600F0D6
:2095800000FB00B9FFDF9DF8080000B1FFDF9DF80000411E8DF80010EED2206901998842D7
:2095A00001D1002020613EBD70B50546A0F57F400C46FF3800D1FFDF012C01D0FFDF70BD38
:2095C000FFF790FF040000D1FFDF207820F00F00401D20F0F0005030207065800020207298
:2095E00001202073BDE870407FE72DE9F04116460D460746FFF776FF040000D1FFDF207803
:2096000020F00F00401D20F0F00050302070678001202072286805E018000020EC03002068
:20962000F81300202061A888A0822673BDE8F0415BE77FB5FFF7D8FC040000D1FFDF02A91F
:209640002046FFF7FFFA054603A92046FFF714FB8DF800508DF80100BDF80800001DADF879
:209660000200BDF80C00001DADF80400E088ADF80600684608F0B2F8002800D0FFDF7FBDEC
:209680002DE9F05FF94E8146307810B10820BDE8F09F4846F7F73DFE08B11020F7E7F44CD4
:2096A000207808B9FFF759FCA17A607A4D460844C4B200F09CFAA04207D2201AC1B22A465E
:2096C0000020FFF76FFC0028E1D17168E848C91C002721F003017160B3463E463D46BA4634
:2096E0003C4690F801800AE0204600F075FA4178807B0E4410FB0155641CE4B27F1C44458F
:20970000F2D1C6EBC601DA4E0AEB870000EB8100F17A00EB850000EB8100DBF804105C462E
:209720004518012229464846FFF7C2FA070012D00020FFF759FC05000BD005F113006168F4
:2097400020F00300884200D0FFDF7078401E7070656038469BE7002229464846FFF7A8FADC
:2097600000B1FFDFD9F8000060604FF6FF7060800120207000208AE72DE9F0410446BB485F
:2097800017460E46007810B10820BDE8F0810846F7F799FD08B11020F7E7B54D287808B9A5
:2097A000FFF7DBFB601E1E2807D8012C22D13078FE281FD828770020E7E7A4F120001F28CC
:2097C00005D8E0B23A463146BDE8F0411EE4A4F140001F2805D831462046BDE8F04100F0AF
:2097E000D1BAA4F1A0001F2804D80020A02C03D0A12C06D00720C8E7317801F001016977D2
:20980000C3E731680922F82901D38B0701D01046BBE76B7C03F00303012B04D16B8BD733A9
:209820009CB28C42F3D82962AFE72DE9F04781460E460846F7F76DFD48B94846F7F787FD11
:2098400028B909F1030020F00301494502D01020BDE8F08786484FF0000A4030817869B1D0
:209860004178804600EB41140834378832460021204600F06DFA050004D027E0A6F800A0BA
:209880000520E5E7B9F1000F24D03088B84201D90C251FE0607800F00705284600F044FAFE
:2098A00008EB0507324697F8E8014946401C87F8E801204607F5F47700F04AFA054638786A
:2098C000401E3870032000F02FFA2DB10C2D01D0A6F800A02846BBE76078644E00F007018E
:2098E000012923D002290CD0032934D0FFDF98F801104046491CC9B288F801100F2935D061
:2099000036E0616821B1000702D46088FFF71AFE98F8EA014746012802D17078F9F7FCFAF1
:2099200097F9EA010428E2DBFFDFE0E7616821B14FF49072B06808F03FFD98F8E9014746EB
:20994000032802D17078F9F7E7FA97F9E9010428CDDBFFDFCBE7C00602D56088FFF7F2FD08
:2099600098F9EB010628C2DBFFDFC0E780F801A08178491E8170617801F0070101EB0800EA
:2099800090F8E811491C80F8E811A3E770B50D460446F7F798FC18B92846F7F7BAFC08B106
:2099A000102070BD29462046BDE870400AF0FBBB70B505460AF01AFCC4B22846F7F7C7FC5B
:2099C00008B1102070BD35B128782C7018B1A04201D0072070BD2046FDF764FE052805D1C0
:2099E0000AF008FC012801D0002070BD0F2070BD70B5044615460E460846F7F764FC18B93B
:209A00002846F7F786FC08B1102070BD022C03D0102C01D0092070BD2A46314620460AF0A7
:209A2000F2FB0028F7D0052070BD70B514460D460646F7F748FC38B92846F7F76AFC18B924
:209A40002046F7F784FC08B1102070BD2246294630460AF0F7FB0028F7D0072070BD3EB5AD
:209A60000446F7F756FC28B110203EBD18000020AC030020684606F064FDFFF749FB0028EA
:209A8000F3D19DF806002070BDF808006080BDF80A00A0800020E8E770B505460C4608465C
:209AA000F7F755FC20B93CB12068F7F732FC08B1102070BDA08828B121462846BDE87040BC
:209AC000FDF748BE092070BD70B504460D460846F7F7F9FB30B9601E1E2814D82846F7F74F
:209AE000F2FB08B1102070BD042C01D9072070BD04B9FFDFF54800EB840050F8041C2846E8
:209B0000BDE870400847A4F120001F2805D829462046BDE87040FAF798BBF02CE6D1A86877
:209B2000F7F7D1FB0028DDD1284607F0C4FEBDE87040FFF7EDBA70B504460D460846F7F77E
:209B4000E8FB30B9601E1E2811D82846F7F7BBFB08B1102070BD012C05D0022C03D0032C32
:209B600001D0042C01D1062070BD072070BDA4F120001F28F9D829462046BDE87040FAF783
:209B8000BCBB08F033B938B50446D148007B00F00105D9B904F012FB0DB1226800E00022CC
:209BA000CC484178C06806F0BAFBCA481030C0788DF8000010B1012802D004E0012000E055
:209BC00000208DF80000684606F033FD002D02D020682830206038BD30B5BD4D044668789F
:209BE000A04200D8FFDF686800EB041030BD70B5B74800252C46467807E02046FFF7ECFF6A
:209C00004078641C2844C5B2E4B2B442F5D1284670BD2DE9F0410C4607464FF0000800F01F
:209C2000DEF80646FF2801D94FF013083868C01C20F003023A6054EA080421D1A448F3B2AF
:209C4000072124300CF09AF909E0072C10D2DFE804F0060408080A0406009F4804E09F4860
:209C600002E09F4800E09F480CF0A8F9054600E0FFDFA54200D0FFDF641CE4B2072CE4D319
:209C8000386800EB0610386040467EE5021D5143452900D245210844C01CB0FBF2F0C0B222
:209CA00070472DE9FC5F064689484FF000088B464746444690F8019022E02046FFF78CFF2E
:209CC000050000D1FFDF687869463844C7B22846FEF7B8FF824601A92846FEF7CDFF034648
:209CE000BDF804005246001D81B2BDF80000001D80B208F079FD6A78641C00FB0288E4B2D4
:209D00004C45DAD13068C01C20F003003060BBF1000F00D000204246394608F073FD31683D
:209D200008443060BDE8FC9F6949403108710020C870704766494031CA782AB10A7801EBB1
:209D400042110831814201D001207047002070472DE9F04106460078154600F00F040020AB
:209D60001080601E0F46052800D3FFDF57482A46183800EB8400394650F8043C3046BDE8B2
:209D8000F041184770B50C46402802D0412806D120E0A07861780D18E178814201D907200F
:209DA00070BD2078012801D9132070BDFF2D08D80AF0B2FB06460BF08BFD301A801EA84227
:209DC00001DA122070BD42482168816021790173002070BDBDE87040084600F02BB82DE96E
:209DE000F047DFF8EC900026344699F8090099F80A2099F801700244D5B299F80B20104405
:209E000000F0FF0808E02046FFF7E6FE817B407811FB0066641CE4B2BC42F4D199F809107A
:209E200099F80A0029442944414400B10120084430440DE538B50446407800F00300012899
:209E400003D002280BD0072038BD606858B1F7F787FAD0B96068F7F77AFA20B915E0606885
:209E6000F7F731FA88B969462046FCF797F80028EAD1607800F00300022808D19DF80000AB
:209E800028B16068F7F763FA08B1102038BD6189F8290DD8208988420AD8607800F00302E6
:209EA0000B48012A06D1D731026A89B28A4201D2092038BD94E80E0000F1100585E80E00D6
:209EC0000AB900210183002038BD0000044E0200AC030020180000204B410000FFAC000073
:209EE000E92F00002B3F01002DE9F041074614468846084601F022FD064608EB88001C22C0
:209F0000796802EBC0000D18688C58B14146384601F01CFD014678680078C200082305F100
:209F200020000CE0E88CA8B14146384601F015FD0146786808234078C20005F1240008F062
:209F400092FA38B1062121726681D0E90010C4E9031009E0287809280BD00520207266812F
:209F60006868E060002028702046BDE8F04101F0DBBC072020726681F4E72DE9F041164637
:209F80000D460746406801EB85011C2202EBC1014418204601F003FD40B10021708865F305
:209FA0000F2160F31F4106200CF0C2F809202070324629463846BDE8F04195E72DE9F0412B
:209FC0000E46074600241C21F07816E004EB8403726801EBC303D25C6AB1FFF783FA05005E
:209FE00000D1FFDF6F802A4621463046FFF7C5FF0120BDE8F081641CE4B2A042E6D80020AF
:20A00000F7E770B5064600241C21C0780AE000BF04EB8403726801EBC303D5182A782AB143
:20A02000641CE4B2A042F3D8402070BD282128461AF0D7FC706880892881204670BD70B5FA
:20A04000034600201C25DC780DE000BF00EB80065A6805EBC6063244167816B1128A8A4234
:20A0600004D0401CC0B28442F0D8402070BDF0B5044600201C26E5780EE000BF00EB800756
:20A08000636806EBC7073B441F788F4202D15B78934204D0401CC0B28542EFD84020F0BD97
:20A0A0000078032801D000207047012070470078022801D0002070470120704700780728B4
:20A0C00001D000207047012070472DE9F041064688461078F1781546884200D3FFDF2C7834
:20A0E0001C27641CF078E4B2A04201D8201AC4B204EB8401706807EBC1010844017821B19D
:20A100004146884708B12C7073E72878A042E8D1402028706DE770B514460B880122A2409C
:20A12000134207D113430B8001230A22011D08F064F9047070BD2DE9FF4F81B00878DDE9D2
:20A140000E7B9A4691460E4640072CD4019808F011FC040000D1FFDF07F1040820461FFA50
:20A1600088F107F050FD050000D1FFDF204629466A4607F09AFF0098A0F80370A0F805A079
:20A18000284608F040F8017869F306016BF3C711017020461FFA88F107F078FD00B9FFDFA3
:20A1A000019806F02EF806EB0900017F491C017705B0BDE8F08F2DE9F84F0E469A46914652
:20A1C0000746032108F092FA0446008DDFF8B885002518B198F80000B0421ED1384608F0CA
:20A1E000C9FB070000D1FFDF09F10401384689B207F009FD050010D0384629466A4607F0B7
:20A2000054FF009800210A460180817006F0B2F80098C01DCAF8000021E098F80000B04216
:20A2200016D104F1260734F8341F012000FA06F911EA090F00D0FFDF2088012340EA0900BC
:20A2400020800A22391D384608F0F2F8067006E0324604F1340104F12600FFF75CFF0A21E7
:20A2600088F800102846BDE8F88FFEB515460C46064602AB0C220621FFF79DFF002827D055
:20A280000299607812220A70801C487008224A80A07002982988052381806988C180A9886E
:20A2A0000181E988418100250C20CDE90005062221463046FFF73FFF2946002266F31F415A
:20A2C000F02310460BF08AFE6078801C60700120FEBDFEB514460D460622064602AB11469A
:20A2E000FFF769FF002812D0029B132000211870A8785870022058809C800620CDE90001A2
:20A300000246052329463046FFF715FF0120FEBD2DE9FE430C46804644E002AB0E2207216A
:20A320004046FFF748FF002841D060681C2267788678BF1C06EB860102EBC1014518029845
:20A340001421017047700A214180698A0181E98A4181A9888180A9898181304601F0EEFA55
:20A36000029905230722C8806F700420287000250E20CDE9000521464046FFF7DCFE2946D4
:20A3800066F30F2168F31F41F023002206200BF025FE6078FD49801C607062682046921C98
:20A3A000FFF793FE606880784028B6D10120BDE8FE83FEB50D46064638E002AB0E220721B1
:20A3C0003046FFF7F8FE002835D068681C23C17801EB810203EBC2028418029815220270A6
:20A3E000627842700A224280A2894281A2888281084601F0A3FA014602988180618AC180DE
:20A40000E18A0181A088B8B10020207000210E20CDE900010523072229463046FFF78BFE53
:20A420006A68DB492846D21CFFF74FFE6868C0784028C2D10120FEBD0620E6E72DE9FE435E
:20A440000C46814644E0204601F093FAD0B302AB082207214846FFF7AEFE0028A7D06068C2
:20A460001C2265780679AD1C06EB860102EBC10147180298B7F810800621017045700421A8
:20A480004180304601F05AFA0146029805230722C180A0F804807D70082038700025CDE919
:20A4A000000521464846FFF746FE294666F30F2169F31F41F023002206200BF08FFD6078FA
:20A4C000801C60706268B3492046121DFFF7FDFD606801794029B6D1012068E72DE9F34FCB
:20A4E00083B00E4680E0304601F043FA002875D071681C2091F8068008EB880200EBC20016
:20A500000C184146304601F028FA0146A078C30070684078C20004F1240007F0C0FF074677
:20A520008088E18B401A80B2002581B3AA46218B814200D808468146024602AB07210398BE
:20A54000FFF739FE010028D0BAF1000F03D0029AB888022510808B46E28B3968A9EB05003D
:20A560001FFA80FA0A440398009208F003FAED1D009A59465346009507F011FEE08B504462
:20A5800080B2E083B988884209D1012508E0FFE7801C4FF0010A80B2C9E7002008E6002552
:20A5A000CDE90095238A072231460398FFF7C3FDE089401EE0818DB1A078401CA0707068F0
:20A5C000F178427811FB02F1CAB2816901230E3007F013FF80F800800020E08372686E497C
:20A5E0003046921DFFF771FD7068817940297FF47AAF0120DCE570B5064648680D4614464B
:20A600008179402910D104EB84011C2202EBC101084401F0E5F9002806D068682946847148
:20A620003046BDE8704059E770BDFEB50C460746002645E0204601F09CF9D8B360681C22C8
:20A64000417901EB810102EBC1014518688900B9FFDF02AB082207213846FFF7ACFD0028FA
:20A6600033D00299607816220A70801C4870042048806068407901F061F90146029805239D
:20A68000072281806989C1800820CDE9000621463846FFF750FD6078801C6070A8896989EA
:20A6A0000844B0F5803F00D3FFDFA88969890844A8816E81626839492046521DFFF705FD99
:20A6C000606841794029B5D10120FEBD30B5438C458BC3F3C704002345B1838B641EED1A78
:20A6E000C38A6D1E1D4495FBF3F3E4B22CB1008918B1A04200D8204603444FF6FF70834206
:20A7000000D3034613800C7030BD2DE9FC41074616460D46486802EB86011C2202EBC101C1
:20A7200044186A4601A92046FFF7D0FFA089618901448AB2BDF80010914212D0081A00D533
:20A74000002060816868407940280AD1204601F03DF9002805D06868294646713846FFF738
:20A7600064FFBDE8FC812DE9FE4F8946804615465088032107F0BAFF8346B8F80200402872
:20A780000ED240200DE000002C000020A1A00000AFA00000BDA00000E1B90000CDB9000033
:20A7A000403880B282460146584601F0E2F800287ED00AEB8A001C22DBF8041002EBC000B0
:20A7C0000C18204601F0EBF8002877D1B8F80000E18A88423CD8A189D1B348456ED1002612
:20A7E0005146584601F0B2F8218C0F18608B48B9B9F1020F62D3B8F804006083618A88428D
:20A8000026D80226A9EB06001FFA80F9B888A28B801A002814DD4946814500DA084683B214
:20A8200068886968029139680A44CDE9003208F08FF8DDE90121F61D009B009607F07BFCD4
:20A84000A18B01EB090080B2A083618B884207D9688803B052465946BDE8F04F01F0DDB8A8
:20A860001FD14FF009002872B8F802006881D7E90001C5E90401608BA881284601F054F838
:20A880005146584601F062F80146DBF8040008230078C20004F1200007F0E5FD0020A08384
:20A8A0006083A0890AF0FF02401EA081688800E004E003B05946BDE8F04F26E7BDE8FE8FE9
:20A8C0002DE9F041064615460F461C461846F6F7FAFC18B92068F6F71CFD08B1102013E453
:20A8E0007168688C0978B0EBC10F01D313200BE43946304601F02AF80146706808230078DF
:20A90000C20005F1200007F078FDD4E90012C0E900120020E3E710B50446032107F0E6FE71
:20A920000146007800F00300022805D02046BDE8104001F1140298E48A8A2046BDE8104018
:20A94000C7E470B50446032107F0D0FE054601462046FFF773FD002816D029462046FFF7BD
:20A9600064FE002810D029462046FFF722FD00280AD029462046FFF7CBFC002804D0294684
:20A980002046BDE87040A9E570BD2DE9F0410C4680461EE0E178427811FB02F1CAB281696C
:20A9A00001230E3007F05FFD077860681C22C179491EC17107EB8701606802EBC10146183B
:20A9C0003946204600F0D5FF18B1304600F0E0FF20B16068C1790029DCD180E7FEF782FD3C
:20A9E000050000D1FFDF0A202872384600F0A6FF68813946204600F0B0FF01466068082325
:20AA00004078C20006F1240007F02DFDD0E90010C5E90310A5F80280284600F085FFB078CD
:20AA200000B9FFDFB078401EB07058E770B50C460546032107F05AFE01464068C2792244D5
:20AA4000C2712846BDE870409FE72DE9FE4F8246507814460F464FF0000800284FD0012821
:20AA600007D0022822D0FFDF2068B8606068F86024E702AB0E2208215046FFF79CFB0028E9
:20AA8000F2D00298152105230170217841700A214180C0F80480C0F80880A0F80C806288CB
:20AAA00082810E20CDE90008082221E0A678304600F044FF054606EB86012C22786802EBD7
:20AAC000C1010822465A02AB11465046FFF773FB0028C9D002980721017021784170042189
:20AAE000418008218580C680CDE9001805230A4639465046FFF71FFB87F80880DEE6A678CD
:20AB0000022516B1022E13D0FFDF2A1D914602AB08215046FFF74FFB0028A5D00298012133
:20AB2000022E0170217841704580868002D005E00625EAE7A188C180E1880181CDE9009809
:20AB40000523082239465046D4E710B50446032107F0CCFD014600F108022046BDE8104043
:20AB600073E72DE9F05F0C4601281DD0957992F80480567905EB85011F2202EBC10121F04C
:20AB8000030B08EB060111FB05F14FF6FF7202EAC10909F1030115FB0611F94F21F0031AA4
:20ABA00040B101283DD124E06168E57891F800804E78DFE75946786807F0D3FB606000B9F1
:20ABC000FFDF5946606819F02EFFE5705146786807F0C7FB6168486100B9FFDF60684269F9
:20ABE00002EB09018161606880F800806068467017E0606852464169786807F0DDFB5A46EE
:20AC00006168786807F0D8FB032007F017FD0446032007F01BFD201A012802D1786807F00A
:20AC200095FB0BEB0A00BDE8F09F02460021022097E773B5D24D0A202870009848B1002489
:20AC40004FEA0D0007F06FFB002C01D1009969607CBD01240020F5E770B50C461546382168
:20AC6000204619F0E0FE012666700A2104F11C0019F0D9FE05B9FFDF297A207861F3010042
:20AC80002070A879002817D02A4621460020FFF768FF6168402088706168C870616808713C
:20ACA00061684871616888716168288808816168688848816068868170BDC878002802D096
:20ACC000002201204DE7704770B50546002165F31F4100200BF02CFA0321284607F006FD30
:20ACE000040000D1FFDF21462846FFF767F9002804D0207840F010002070012070BD2DE9AE
:20AD0000FF4180460E460F0CFEF7ECFB050007D06F800321384607F0E9FC040008D106E0D6
:20AD200004B03846BDE8F0411321F9F743BEFFDF5FEA080005D0B8F1060F18D0FFDFBDE8B9
:20AD4000FF8120782A4620F0080020700020ADF8020002208DF800004FF6FF70ADF80400F8
:20AD6000ADF8060069463846F9F71BFAE7E7C6F3072101EB81021C23606803EBC202805C43
:20AD8000042803D008280AD0FFDFD8E7012000904FF440432A46204600F008FECFE704B060
:20ADA0002A462046BDE8F041FFF7E7B82DE9F05F0027B0F80A9090460C4605463E46B9F1E3
:20ADC000400F01D2402001E0A9F140001FFA80FA287AC01E08286BD2DFE800F00D041920B5
:20ADE00058363C4772271026002C6CD0D5E90301C4E902015CE070271226002C63D00A2203
:20AE000005F10C0104F1080019F0B1FD50E071270C26002C57D0E868A06049E074271026E4
:20AE20009CB3D5E90301C4E902016888032107F05DFC8346FEF756FB02466888508051463F
:20AE40005846FFF751F833E075270A26ECB1A88920812DE076271426BCB105F10C0004F17F
:20AE6000080307C883E8070022E07727102664B1D5E90301C4E902016888032107F036FCEC
:20AE800001466888FFF781FD12E01CE073270826CCB16888032107F029FC01460078C0061F
:20AEA00006D56888FFF78AF810B96888F8F78FFDA8F800602CB12780A4F80690668068888F
:20AEC000A0800020AFE6A8F80060FAE72DE9FC410C461E4617468046032107F007FC054627
:20AEE0000A2C0AD2DFE804F005050505050509090907042303E0062301E0FFDF0023CDE97A
:20AF00000076224629464046FFF715F929E438B50546A0F57F40FF3830D0284607F018FD10
:20AF2000040000D1FFDF204607F09DF8002815D001466A46204607F0B8F800980321B0F8F7
:20AF40000540284607F0D2FB0546052C03D0402C05D2402404E0007A80B1002038BD403C64
:20AF6000A4B2214600F005FD40B1686804EB84013E2202EBC101405A0028EFD0012038BD47
:20AF80002C0000202DE9F04F054689B0408807F0DFFC040000D1FFDF06AA2046696800F068
:20AFA000C1FC069C001F34F8031F218063886380228881B28A4205D1042B0AD0052B1DD0B1
:20AFC000062B15D02A462046FFF7CDFB09B0BDE8F08F1646241D2A4621463046F7F74FFAC9
:20AFE0000828F3D12A4621463046FCF7FAFBEDE76888211D6B68FAF73FFCE7E7174668880C
:20B00000032107F073FB4FF000088DF804800646ADF80680042FD9D36279002AD6D02079BD
:20B020004FF6FF794FF01C0A13282CD008DC012878D0062847D0072875D0122874D106E044
:20B04000142872D0152871D016286DD1ACE10C2F6AD1307800F00301022965D140F0080040
:20B0600030706079B07001208DF804002089ADF808006089ADF80A00A089ADF80C00E0895C
:20B08000ADF80E0019E0B07890429FD1307801079CD5062F9AD120F00800307068884146AA
:20B0A00060F31F4100200BF043F802208DF80400ADF808902089ADF80A0068882A4601A93D
:20B0C000F9F76FF882E7082F80D12789B4F80A90402F01D2402001E0A7F1400080B28046DF
:20B0E0000146304600F045FC08B3716808EB88002C2202EBC000095A4945E3D1FE4807AABC
:20B10000D0E90210CDE9071060798DF81C0008F0FF048DF81E4068883146FFF796FC2A46E0
:20B12000214639E0B6E014E03CE039E0E6E0F248D0E90010CDE907106079ADF820708DF8A7
:20B140001C00ADF82290688807AA3146FFF77DFC3CE7082FB6D16089B4F80880402801D2BC
:20B16000402000E0403887B23946304600F001FC0028A7D007EB870271680AEBC200084406
:20B18000028A42459ED1017808299BD140786179884297D1F9B22A463046FEF7EEFE15E7E5
:20B1A0000E2F07D0CDF81C80CDF8208060798DF81C00C8E76189E7898B46B4F80C903046A3
:20B1C000FEF73DFFABF14001402901D309204AE0B9F1170F01D3172F01D20B2043E040285E
:20B1E0000ED000EB800271680AEBC20008440178012903D1407861798842A9D00A2032E0A0
:20B200003046FEF7FEFE014640282BD001EB810372680AEBC30002EB0008012288F8002063
:20B22000627988F80120706822894089B84200D93846248A03232B72AA82EF812882A5F8A1
:20B240000C906C82084600F079FB6881A8F81490A8F81870A8F80E40A8F810B0284600F0B1
:20B2600063FBB3E6042005212972A5F80A80E88101212973A049D1E90421CDE90721617924
:20B280008DF81C10ADF81E00688807AA3146FFF7DCFBE3E7062FE4D3B078904215D1307817
:20B2A000010712D520F0080030706888414660F31F4100200AF03CFF02208DF80400208914
:20B2C000ADF80800ADF80A90F7E604213046FEF7CEFE04464028C4D00220830300902A465B
:20B2E0002146304600F062FB4146688864F30F2160F31F4106200AF01BFF67E60E2FB0D12E
:20B3000004213046FEF7B3FE81464028A9D04146688869F30F2160F31F4106200AF008FF67
:20B32000208A0790E08900907068A7894089B84200D938468346B4F80A80208905904846E6
:20B3400000F0FCFA6881079840B10220079B00902A464946304600F029FB37E6B8F1170FC5
:20B360001ED3172F1CD30420287200986882EF81A5F810B0A5F80C8009EB89020AEBC2003B
:20B380007168009A0C180598A4F81480A4F818B0E2812082284600F0C7FA0620207015E610
:20B3A00001200B230090D3E7082FA6D121893046FEF745FE074640289FD007EB8702716876
:20B3C0000AEBC2000844804600F0E9FA002894D16489B8F80E002044B0F5803F05D3688809
:20B3E0003A46314600F019FBF0E5002C85D0A8F80E0068883A463146FFF7FDF808202872BA
:20B40000384600F09BFA6881AC8127E770B50D460646032107F06AF9040004D0207800074C
:20B4200004D5112070BD43F2020070BD2A4621463046FEF71AFF18B9286860616868A06123
:20B44000207840F008002070002070BD70B50D460646032107F04AF9040004D020780007A6
:20B4600004D4082070BD43F2020070BD2A4621463046FEF72EFF00B9A582207820F008003C
:20B480002070002070BD2DE9F04F0E4691B08046032107F02BF90446404607F06BFA074667
:20B4A0000020079008900990ADF830000A9002900390049004B9FFDF0DF108091FBBFFDF1A
:20B4C00021E038460BA9002206F090FC9DF82C0000F07F050A2D00D3FFDF6019017F491E18
:20B4E00001779DF82C0000060DD52A460CA907A8FEF711FE02E00000144E020019F80510E7
:20B50000491C09F80510761EF6B2DAD204F13400FA4D04F1260BDFF8E8A304F12A07069014
:20B5200010E05846069900F06AFA064628700A2800D3FFDF5AF8261040468847E08CC05D5D
:20B54000B04202D0208D0028EBD10A202870EC4D4E4628350EE00CA907A800F050FA0446D4
:20B56000375D55F8240000B9FFDF55F82420394640469047BDF81E000028ECD111B026E53E
:20B5800010B5032107F0B2F8040000D1FFDF0A2104F11C0019F047FA207840F0040020708C
:20B5A00010BD10B50C46032107F0A0F82044007F002800D0012010BD2DE9F84F89461546A4
:20B5C0008246032107F092F8070004D02846F5F77AFE40B903E043F20200BDE8F88F484684
:20B5E000F5F797FE08B11020F7E7786828B169880089814201D90920EFE7B9F800001C2443
:20B6000018B1402809D2402008E03846FEF7F9FC8046402819D11320DFE7403880B28046ED
:20B620000146384600F0A5F948B108EB8800796804EBC000085C012803D00820CDE7052052
:20B64000CBE7FDF74FFF06000BD008EB8800796804EBC0000C18B9F8000020B1E88910B132
:20B6600013E01120B9E72888172802D36888172801D20720B1E7686838B12B1D2246414691
:20B680003846FFF71DF90028A7D104F10C0269462046FFF71BF8288860826888E082B9F8CA
:20B6A000000030B102202070E889A080E889A0B12BE003202070A889A08078688178402953
:20B6C00005D180F8028039465046FEF721FE404600F034F9A9F8000021E07868218B4089D7
:20B6E000884200D908462083A6F802A004203072B9F800007081E0897082F181208B3082E4
:20B70000A08AB081304600F00FF97868C178402905D180F8038039465046FEF74AFE00209B
:20B720005BE770B50D460646032106F0DFFF040003D0402D04D2402503E043F2020070BD45
:20B74000403DADB2294600F014F958B105EB85011C22606802EBC101084400F020F918B14F
:20B76000082070BD052070BD2A462146304600F054F9002070BD2DE9F0410D46164680468F
:20B78000032106F0B3FF0446402D01D2402500E0403DADB28CB1294600F0EBF880B105EB92
:20B7A00085011C22606802EBC1014718384600F0F6F838B10820BDE8F08143F20200FAE754
:20B7C0000520F8E733463A4629462046FFF778F80028F0D1EAB221464046FEF796FF002015
:20B7E000E9E72DE9F0410D4616468046032106F07DFF0446402D01D2402500E0403DAFB27A
:20B8000024B13046F5F75FFD38B902E043F20200D1E73068F5F757FD08B11020CBE73946E1
:20B82000204600F0A6F860B107EB87011C22606802EBC1014518284600F0B1F818B108207F
:20B84000B9E70520B7E7B088A98A884201D90C20B1E76168E88C4978B0EBC10F01D3132042
:20B86000A9E73946204600F078F80146606808234078C20005F1240006F0BFFDD6E90012A2
:20B88000C0E90012FAB221464046FEF7B4FE002091E72DE9F0470D461F469046814603214F
:20B8A00006F024FF0446402D01D2402001E0A5F1400086B23CB14DB13846F5F748FD50B1FB
:20B8C0001020BDE8F08743F20200FAE76068C8B1A0F80C8024E03146204600F04AF888B153
:20B8E00006EB86011C22606802EBC1014518284600F055F840B10820E3E700002C000020E4
:20B900002C4E02000520DCE7A5F80880F2B221464846FEF7FAFE1FB1A88969890844388021
:20B920000020CEE706F0C1BB017821F00F01491C21F0F00110310170FDF7D7BD10B5044676
:20B94000402800D9FFDF4034A0B210BD406842690078484302EBC0007047C278406803781E
:20B9600012FB03F24378406901FB032100EBC1007047C2788A4209D9406801EB81011C22A2
:20B9800002EBC101405C08B101207047002070470078062801D9012070470020704700784D
:20B9A000062801D00120704700207047F0B401EB81061C27446807EBC6063444049D0526D1
:20B9C0002670E3802571F0BCFEF78EBA10B5418911B1FFF7DDFF08B1002010BD012010BD38
:20B9E00010B5C18C8278B1EBC20F04D9C18911B1FFF7CEFF08B1002010BD012010BD10B5C9
:20BA00000C4601230A22011D06F02DFD00782188012282409143218010BDF0B402EB8205E6
:20BA20001C264C6806EBC505072363554B681C79402C03D11A71F0BCFEF700BDF0BC70479F
:20BA400010B5EFF3108000F0010472B6F7484178491C41704078012801D109F0A9FF002C04
:20BA600000D162B610BD70B5F04CA07848B90125A570FFF7E5FF09F0ACFF20B1002009F0F3
:20BA800076FF002070BD4FF08040E570C0F80453F7E770B5EFF3108000F0010572B6E34CBF
:20BAA000607800B9FFDF6078401E6070607808B909F082FF002D00D162B670BDDB4810B5D3
:20BAC000817821B10021C1708170FFF7E2FF002010BD10B5044609F07CFFD44989780840AB
:20BAE00000D001202060002010BD10B5FFF7A8FF09F06FFF02220123CC49540728B1CC487A
:20BB0000026023610320087202E00A72C4F804330020887110BD2DE9F84FDFF810934278DA
:20BB2000817889F80420002689F80510074689F806600078DFF8FCB2354620B1012811D024
:20BB4000022811D0FFDF09F056FF4FF0804498B109F058FFB0420FD1304609F057FF002853
:20BB6000FAD041E00126EEE7FFF76AFF58460168C907FCD00226E6E70120E060C4F8045175
:20BB8000AD490E600107D1F84412AB4AC1F3423124321160A849343108604FF0020AC4F872
:20BBA00004A3A060A5480168C94341F3001101F10108016841F01001016000E020BFD4F8A5
:20BBC00004010028FAD0304609F020FF0028FAD0B8F1000F04D19948016821F01001016094
:20BBE000C4F808A3C4F8045199F805004E4680B1387870B909F0EDFE80460AF081F86FF01D
:20BC00000042B8F1000F02D0C6E9032001E0C6E90302DBF80000C00701D009F0D6FE387809
:20BC200010B13572BDE8F88F4FF01808C4F808830127A7614FF4A070ADF80000BDF80000ED
:20BC4000411EADF80010F9D2C4F80C51C4F810517648C01D09F0ECFE3570FFF746FF6761A9
:20BC60007549307920310860C4F80483DAE770B5050000D1FFDF4FF080424FF0FF30C2F89E
:20BC800008030021C2F80011C2F80411C2F80C11C2F81011654C617009F0A7FE10B101202A
:20BCA000A070607063480068C00701D009F08DFE2846BDE870402EE75C48007A002800D087
:20BCC000012070472DE9FC5F5D48D0F800905C4A5C49083211608406D4F8080100B10120F7
:20BCE000D4F8001111B14FF0010801E04FF00008D4F8041101B101210191D4F80C1101B153
:20BD000001210091D4F8101101B10121474D8A4695F800B0002620B1C4F80861012009F0D8
:20BD200026FE4248C01D09F08BFE00B1FFDF0127B8F1000F10D0C4F80873E87818B1EE70E9
:20BD4000002009F014FE287A022805D1032028723748022101602761019808B1C4F804615B
:20BD6000009850B1C4F80C61287A032800D0FFDF2F4806602F72FFF78CFEBAF1000F07D0F7
:20BD8000C4F81061287A012801D100F05DF86761BBF1000F07D02E70287A012801D1FFF709
:20BDA000A4FEFFF776FE2148C01D09F05FFE2449091DC1F80090BDE8FC9F1C4810B5C01DB9
:20BDC00009F03EFE194940B1012008704FF0E021C1F80002BDE8104032E6087A012801D1BD
:20BDE000FFF783FE1148BDE81040C01D09F03EBE70B50E4CA07808B909F0DEFD01208507D3
:20BE0000A861207A002603280AD100BFD5F80C0120B9002009F0FAFD0028F7D1C5F80C61B7
:20BE200026724FF0FF30C5F8080370BD3C000020340C00400C0400401805004010ED00E0A1
:20BE4000100502400100000170B5134C6079F0B1012803D0A179401E814218DA09F0B9FDB3
:20BE6000054609F04DFF6179012902D9A179491CA1710DB1216900E0E168411A022902DAEF
:20BE800011F1020FD1DC0DB1206100E0E060BDE870402AE6C9E700003C00002010B520200D
:20BEA00000F07FF8202000F08DF84D49202081F80004F5F7A3FA4B4908604B48D0F804131C
:20BEC00041F00101C0F80413D0F8041341F08071C0F80413424901201C39C1F8000110BD08
:20BEE00010B5202000F05DF83E480021C8380160001D01603D4A481E10603B4AC2F80803CB
:20BF0000384B1960C2F80001C2F8600138490860BDE81040202000F055B834493548091F12
:20BF20000860704731493348086070472D48C8380160001D521E026070472C490120086054
:20BF4000BFF34F8F70472DE9F0412849D0F8188028480860244CD4F800010025244E6F1E49
:20BF600028B14046F5F7A8F940B9002111E0D4F8600198B14046F5F79FF948B1C4F8005144
:20BF8000C4F860513760BDE8F041202000F01AB831684046BDE8F04118F070BDFFDFBDE818
:20BFA000F08100280DDB00F01F02012191404009800000F1E020C0F88011BFF34F8FBFF3B7
:20BFC0006F8F7047002809DB00F01F02012191404009800000F1E020C0F8801270470000E1
:20BFE00020E000E0C8060240000002401805024000040240010000010F4A12680D498A4273
:20C000000CD118470C4A12680A4B9A4206D101B509F048FEFFF781FFBDE8014007490968FA
:20C020000958084706480749054A064B7047000000000000BEBAFECA540000200400002083
:20C040008013002080130020F8B51D46DDE906470E000AD006F08EFC2346FF1DBCB2314685
:20C060002A46009406F09BF8F8BDD0192246194618F038FC2046F8BD70B50D460446102184
:20C0800018F0AFFC258117206081A07B40F00A00A07370BD4FF6FF720A80014602200AF0F7
:20C0A00047B8704700897047827BD30701D1920703D4808908800020704705207047827B30
:20C0C000920700D58181704701460020098841F6FE52114200D00120704700B50346807BC6
:20C0E000C00701D0052000BD59811846FFF7ECFFC00703D0987B40F004009873987B40F07E
:20C1000001009873002000BD827B520700D509B14089704717207047827B61F3C3028273D8
:20C1200070472DE9FC5F0E46044601789646012000FA01F14DF6FF5201EA020962684FF63E
:20C14000FF7B1188594502D10920BDE8FC9FB9F1000F05D041F6FE55294201D00120F4E7A2
:20C1600041EA090111801D0014D000232B7094F800C0052103221F464FF0020ABCF10E0F29
:20C1800076D2DFE80CF0F909252F47646B77479193B4D1D80420D8E7616820898B7B9B07EC
:20C1A00067D517284AD30B89834247D38989172901D3814242D185F800A0A5F8010032800B
:20C1C000616888816068817B21F002018173C6E0042028702089A5F801006089A5F803008F
:20C1E0003180BCE0208A3188C01D1FFA80F8414524D3062028702089A5F801006089A5F819
:20C200000300A089A5F805000721208ACDE90001636941E00CF0FF00082810D0082028700F
:20C220002089A5F801006089A5F8030031806A1D694604F10C0008F005F810B15EE0102022
:20C24000EDE730889DF800100844308087E00A2028702089A5F80100328044E00C202870A7
:20C260002089A5F801006089A5F8030031803AE082E064E02189338800EB41021FFA82F857
:20C2800043453BD3B8F1050F38D30E222A700BEA4101CDE90010E36860882A467146FFF729
:20C2A000D3FEA6F800805AE04020287060893188C01C1FFA80F8414520D32878714620F06E
:20C2C0003F00123028702089A5F801006089CDE9000260882A46E368FFF7B6FEA6F80080F2
:20C2E000287840063BD461682089888037E0A0893288401D1FFA80F8424501D204273DE045
:20C30000162028702089A5F801006089A5F80300A089CDE9000160882A4671462369FFF70E
:20C3200093FEA6F80080DEE718202870207A6870A6F800A013E061680A88920401D4052724
:20C340001CE0C9882289914201D0062716E01E21297030806068018821F400510180B9F1B4
:20C36000000F0BD0618878230022022009F036FE61682078887006E0338003276068018871
:20C3800021EA090101803846DFE62DE9FF4F85B01746129C0D001E461CD03078C10703D080
:20C3A00000F03F00192801D9012100E000212046FFF7AAFEA8420DD32088A0F57F41FF390D
:20C3C00008D03078410601D4000605D5082009B0BDE8F08F0720FAE700208DF800008DF8AA
:20C3E000010030786B1E00F03F0C0121A81E4FF0050A4FF002094FF0030B9AB2BCF1200FDB
:20C4000075D2DFE80CF08B10745E7468748C749C74B674BB74C974D574E2747474F274F0D2
:20C4200074EF74EE748B052D78D18DF80090A0788DF804007088ADF8060030798DF8010035
:20C44000707800F03F000C2829D00ADCA0F10200092863D2DFE800F0126215621A621D621C
:20C460002000122824D004DC0E281BD01028DBD11BE016281FD01828D6D11FE0207880075C
:20C4800001E020784007002848DAEFE020780007F9E72078C006F6E720788006F3E7207879
:20C4A0004006F0E720780006EDE72088C005EAE720884005E7E720880005E4E72088C00410
:20C4C000E1E72078800729D5032D27D18DF800B0B6F8010082E0217849071FD5062D1DD309
:20C4E00081B27078012803D0022817D102E0CAE0022000E0102004228DF8002072788DF81B
:20C500000420801CB1FBF0F2ADF8062092B242438A4203D10397ADF80890A7E07AE0207849
:20C52000000777D598B282088DF800A0ADF80420B0EB820F6ED10297ADF8061096E0217818
:20C54000C90667D5022D65D381B206208DF80000707802285ED300BFB1FBF0F28DF8040072
:20C56000ADF8062092B242438A4253D1ADF808907BE0207880064DD5072003E02078400677
:20C580007FD508208DF80000A088ADF80400ADF80620ADF8081068E02078000671D50920EC
:20C5A000ADF804208DF80000ADF8061002975DE02188C90565D5022D63D381B20A208DF8A4
:20C5C0000000707804285CD3C6E72088400558D5012D56D10B208DF80000A088ADF804007B
:20C5E00044E021E026E016E0FFE72088000548D5052D46D30C208DF80000A088ADF804009D
:20C60000B6F803006D1FADF80850ADF80600ADF80AA02AE035E02088C00432D5012D30D125
:20C620000D208DF8000021E02088800429D4B6F80100E080A07B000723D5032D21D3307829
:20C6400000F03F001B2818D00F208DF80000208840F40050A4F80000B6F80100ADF80400AC
:20C66000ED1EADF80650ADF808B0039769460598F5F750FC050008D016E00E208DF80000B3
:20C68000EAE7072510E008250EE0307800F03F001B2809D01D2807D00220059909F048FD85
:20C6A000208800F400502080A07B400708D52046FFF70AFDC00703D1A07B20F00400A0736F
:20C6C000284684E61FB5022806D101208DF8000088B26946F5F71EFC1FBD0000F8B51D462C
:20C6E000DDE906470E000AD006F044F92346FF1DBCB231462A46009405F051FDF8BDD019BD
:20C700002246194618F0EEF82046F8BD2DE9FF4F8DB09B46DDE91B57DDF87CA00C46082B19
:20C7200005D0E06901F002F950B11020D2E02888092140F0100028808AF80010022617E099
:20C74000E16901208871E2694FF420519180E1698872E06942F601010181E06900218173BE
:20C760002888112140F0200028808AF80010042638780A900A2038704FF0020904F11800B0
:20C780004D460C9001F095FBB04681E0BBF1100F0ED1022D0CD0A9EB0800801C80B2022150
:20C7A000CDE9001005AB52461E990D98FFF796FFBDF816101A98814203D9F74800790F9001
:20C7C00004E003D10A9808B138702FE04FF00201CDE900190DF1160352461E990D98FFF77D
:20C7E0007DFF1D980088401B801B83B2C6F1FF00984200D203461E990BA8D9B15FF0000265
:20C80000DDF878C0CDE9032009EB060189B2CDE901C10F980090BDF8161000220D9801F0BA
:20C82000CBFB387070B1C0B2832807D0BDF8160020833AE00AEB09018A19E1E7022011B0A0
:20C84000BDE8F08FBDF82C00811901F0FF08022D0DD09AF80120424506D1BDF8201081427C
:20C8600007D0B8F1FF0F04D09AF801801FE08AF80180C94800680178052902D1BDF8161073
:20C88000818009EB08001FFA80F905EB080085B2DDE90C1005AB0F9A01F00EFB28B91D980F
:20C8A0000088411B4145BFF671AF022D13D0BBF1100F0CD1A9EB0800801C81B20220CDE93C
:20C8C000000105AB52461E990D98FFF707FF1D980580002038700020B1E72DE9F8439C46CA
:20C8E000089E13460027B26B9AB3491F8CB2F18FA1F57F45FF3D05D05518AD882944891D62
:20C900008DB200E000252919B6F83C800831414520D82A44BCF8011022F8021BBCF803103F
:20C9200022F8021B984622F8024B914606F010F84FF00C0C41464A462346CDF800C005F055
:20C94000FAFBF587B16B00202944A41D2144088003E001E0092700E083273846BDE8F883F3
:20C9600010B50B88848F9C420CD9846BE018048844B1848824F40044A41D23440B80106096
:20C98000002010BD0A2010BD2DE9F0478AB00025904689468246ADF8185007274BE0059897
:20C9A00006888088000446D4A8F8006007A8019500970295CDE903504FF4007300223146F8
:20C9C000504601F0F9FA04003CD1BDF81800ADF82000059804888188B44216D10A0414D435
:20C9E00001950295039521F400410097049541F4804342882146504601F0B4F804000BD1B0
:20CA00000598818841F40041818005AA08A94846FFF7A6FF0400DCD000970598029501955F
:20CA2000039504950188BDF81C300022504601F099F80A2C06D105AA06A94846FFF790FF83
:20CA40000400ACD0ADF8185004E00598818821F40041818005AA06A94846FFF781FF0028DE
:20CA6000F3D00A2C03D020460AB0BDE8F0870020FAE710B50C46896B86B051B10C218DF8B8
:20CA80000010A18FADF80810A16B01916946FAF740FB00204FF6FF71A063E187A08706B003
:20CAA00010BD2DE9F0410D460746896B0020069E1446002911D0012B0FD132462946384635
:20CAC000FFF762FF002808D1002C06D0324629463846BDE8F04100F038BFBDE8F0812DE9AE
:20CAE000FC411446DDE9087C0E46DDE90A15521DBCF800E092B2964502D20720BDE8FC81DD
:20CB0000ACF8002017222A70A5F80160A5F803300522CDE900423B462A46FFF7DFFD0020AE
:20CB2000ECE770B50C4615464821204617F07BFF04F1080044F81C0F00204FF6FF71E06186
:20CB400061842084A5841720E08494F82A0040F00A0084F82A0070BD4FF6FF720A8001463E
:20CB6000032009F0E5BA30B585B00C460546FFF780FFA18E284629B101218DF800106946F1
:20CB8000FAF7C7FA0020E0622063606305B030BDB0F84000704700005800002090F8462094
:20CBA000920703D4408808800020F3E70620F1E790F846209207EDD5A0F84410EAE7014670
:20CBC000002009880A0700D5012011F0F00F01D040F00200CA0501D540F004008A0501D55C
:20CBE00040F008004A0501D540F010000905D1D540F02000CEE700B5034690F84600C0074C
:20CC000001D0062000BDA3F842101846FFF7D7FF10F03E0F05D093F8460040F0040083F8A7
:20CC2000460013F8460F40F001001870002000BD90F84620520700D511B1B0F84200A9E760
:20CC40001720A7E710F8462F61F3C3020270A1E72DE9FF4F9BB00E00DDE92B34DDE9297836
:20CC6000289D24D02878C10703D000F03F00192801D9012100E000212046FFF7D9FFB0422D
:20CC800015D32878410600F03F010CD41E290CD0218811F47F6F0AD13A8842B1A1F57F420F
:20CCA000FF3A04D001E0122901D1000602D504201FB0C5E5F9491D984FF0000A08718DF8C1
:20CCC00018A08DF83CA00FAA0A60ADF81CA0ADF850A02978994601F03F02701F5B1C04F175
:20CCE000180C4FF0060E4FF0040BCDF858C01F2A7ED2DFE802F07D7D107D267DAC7DF47D7C
:20CD0000F37DF27DF17DF47DF07D7D7DEF7DEE7D7D7D7D7DED0094F84610B5F80100890716
:20CD200001D5032E02D08DF818B022E34FF40061ADF85010608003218DF83C10ADF8400065
:20CD4000D8E2052EEFD1B5F801002083ADF81C00B5F80310618308B1884201D901207FE192
:20CD60000020A07220814FF6FF702084169801F0A0F8052089F800000220029083460AAB79
:20CD80001D9A16991B9801F097F890BB9DF82E00012804D0022089F80100102003E0012017
:20CDA00089F8010002200590002203A90BA807F049FAE8BB9DF80C00059981423DD13A880A
:20CDC000801CA2EB0B01814237DB02990220CDE900010DF12A034A4641461B98FFF77EFC70
:20CDE00002980BF1020B801C80B217AA03A901E0A0E228E002900BA807F024FA02999DF860
:20CE00000C00CDE9000117AB4A4641461B98FFF765FC9DF80C100AAB0BEB01001FFA80FB7B
:20CE200002981D9A084480B2029016991B9800E003E001F041F80028B6D0BBF1020F02D005
:20CE4000A7F800B053E20A208DF818004FE200210391072EFFF467AFB5F801002083ADF86D
:20CE60001C00B5F80320628300283FF477AF90423FF674AF0120A072B5F805002081002090
:20CE8000A073E06900F052FD78B9E16901208871E2694FF420519180E1698872E06942F68D
:20CEA00001010181E06900218173F01F20841E98606207206084169800F0FBFF072089F81A
:20CEC00000000120049002900020ADF82A0028E01DE2A3E13AE1EAE016E2AEE086E049E097
:20CEE0000298012814D0E0698079012803D1BDF82800ADF80E00049803ABCDE900B04A467C
:20CF000041461B98FFF7EAFB0498001D80B20490BDF82A00ADF80C00ADF80E00059880B26B
:20CF200002900AAB1D9A16991B9800F0C5FF28B902983988001D05908142D1D202980128C6
:20CF400081D0E0698079012805D0BDF82810A1F57F40FF3803D1BDF82800ADF80E000498C7
:20CF600003ABCDE900B04A4641461B98FFF7B6FB0298BBE1072E02D0152E7FF4D4AEB5F80A
:20CF800001102183ADF81C10B5F80320628300293FF4E4AE91423FF6E1AE0121A1724FF05D
:20CFA000000BA4F808B084F80EB0052E07D0C0B2691DE26907F027F900287FF444AF4FF6A1
:20CFC000FF70208401A906AA14A8CDF800B081E885032878214600F03F031D9A1B98FFF729
:20CFE00095FB8246208BADF81C0080E10120032EC3D14021ADF85010B5F801102183ADF8B9
:20D000001C100AAAB8F1000F00D00023CDE9020304921D98CDF80480009038880022401E66
:20D0200083B21B9800F0C8FF8DF8180090BB0B2089F80000BDF8280037E04FF0010C052E4A
:20D040009BD18020ADF85000B5F801102183B5F803002084ADF81C10B0F5007F03D9072021
:20D060008DF8180085E140F47C4222840CA8B8F1000F00D00023CDE90330CDE9018C1D98D5
:20D0800000903888401E83B21B9800F095FF8DF8180028B18328A8D10220BDE058000020A5
:20D0A0000D2189F80010BDF83000401C1EE1032E04D248067FF537AE002017E1B5F80110ED
:20D0C000ADF81C102878400602D58DF83CE002E007208DF83C004FF000080320CDE902082D
:20D0E0001E9BCDF810801D980193A6F1030B00901FFA8BF342461B9800F034FD8DF8180014
:20D100008DF83C80297849060DD52088C00506D5208BBDF81C10884201D1C4F824804046A6
:20D120008DF81880E2E0832801D14FF0020A4FF48070ADF85000BDF81C002083A4F820B040
:20D140001E986062032060841321CCE0052EFFF4EAADB5F80110ADF81C10A28F62B3A2F547
:20D160007F43FE3B28D008228DF83C204FF0000B0523CDE9023BDDF878C0CDF810B01D9A03
:20D1800080B2CDF804C040F400430092B5F803201B9800F0E7FC8DF83CB04FF400718DF8CB
:20D1A0001800ADF85010832810D0F8B1A18FA1F57F40FE3807D0DCE00B228DF83C204FF67D
:20D1C000FE72A287D2E7A4F83CB0D2E000942B4631461E9A1B98FFF780FB8DF8180008B115
:20D1E00083284BD1BDF81C00208355E700942B4631461E9A1B98FFF770FB8DF81800E8BB30
:20D20000E18FA06B0844811D8DE882034388828801881B98FFF763FC824668E095F801802B
:20D22000022E70D15FEA080002D0B8F1010F6AD109208DF83C0007A800908DF8408043466F
:20D24000002221461B98FFF72CFC8DF842004FF0000B8DF843B050B9B8F1010F12D0B8F19E
:20D26000000F04D1A18FA1F57F40FF380AD0A08F40B18DF83CB04FF4806000E037E0ADF8E4
:20D2800050000DE00FA91B98F9F743FF82468DF83CB04FF48060ADF85000BAF1020F06D0D1
:20D2A000FC480068C07928B18DF8180027E0A4F8188044E0BAF1000F03D081208DF81800E9
:20D2C0003DE007A800904346012221461B98FFF7E8FB8DF8180021461B98FFF7CAFB9DF84C
:20D2E000180020B9192189F80010012038809DF83C0020B10FA91B98F9F70BFF8246BAF11F
:20D30000000F33D01BE018E08DF818E031E02078000712D5012E10D10A208DF83C00E08891
:20D32000ADF8400003201B9908F002FF0820ADF85000C1E648067FF5F6AC4FF0040A20881B
:20D34000BDF8501008432080BDF8500080050BD5A18FA1F57F40FE3806D11E98E062289819
:20D360002063A6864FF0030A5046A1E49DF8180078B1012089F80000297889F80110BDF837
:20D380001C10A9F802109DF8181089F80410052038802088BDF8501088432080E4E72DE976
:20D3A000FF4F8846087895B0012181404FF20900249C0140ADF820102088DDF88890A0F55F
:20D3C0007F424FF0000AFF3A06D039B1000705D5012019B0BDE8F08F0820FAE7239E4FF052
:20D3E000000B0EA886F800B018995D460988ADF83410A8498DF81CB0179A0A718DF838B095
:20D40000086098F8000001283BD0022809D003286FD1307820F03F001D303070B8F80400DA
:20D42000E08098F800100320022904D1317821F03F011B31317094F84610090759D505AB12
:20D44000B9F1000F13D0002102AA82E80B000720CDE90009BDF83400B8F80410C01E83B248
:20D460000022159800F0A8FD0028D1D101E0F11CEAE7B8F80400A6F80100BDF81400C01CC7
:20D4800004E198F805108DF81C1098F80400012806D04FF4007A02282CD00328B8D16CE1DA
:20D4A0002188B8F8080011F40061ADF8201020D017281CD3B4F84010814218D3B4F8441008
:20D4C000172901D3814212D1317821F03F01C91C3170A6F801000321ADF83410A4F8440086
:20D4E00094F8460020F0020084F8460065E105257EE177E1208808F1080700F4FE60ADF8B8
:20D50000200010F0F00F1BD010F0C00F03D03888228B9042EBD199B9B878C00710D0B9681A
:20D520000720CDE902B1CDF804B00090CDF810B0FB88BA883988159800F014FB0028D6D1CC
:20D540002398BDF82010401C80294ED006DC10290DD020290BD0402987D124E0B1F5807F82
:20D560006ED051457ED0B1F5806F97D1DEE0C80601D5082000E0102082460DA907AA05209E
:20D58000CDE902218DF83800ADF83CB0CDE9049608A93888CDE90001534607222146159816
:20D5A000FFF7B4F8A8E09DF81C2001214FF00A0A002A9BD105ABB9F1000F00D00020CDE956
:20D5C00002100720CDE90009BDF834000493401E83B2218B0022159800F0EEFC8DF81C004A
:20D5E0000B203070BDF8140020E09DF81C2001214FF00C0A002A22D113ABB9F1000F00D0EB
:20D600000020CDE902100720CDE900090493BDF83400228C401E83B2218B159800F0CCFC6A
:20D620008DF81C000D203070BDF84C00401CADF8340005208DF83800208BADF83C00BCE03C
:20D640003888218B88427FF452AF9DF81C004FF0120A00281CD1606AA8B1B878C0073FF4B2
:20D6600046AF00E018E0BA680720CDE902B2CDF804B00090CDF810B0FB88BA88159800F03A
:20D6800071FA8DF81C00132030700120ADF8340093E00000580000203988208B8142D2D1F4
:20D6A0009DF81C004FF0160A0028A06B08D0E0B34FF6FF7000215F46ADF808B0019027E04D
:20D6C00068B1B978C907BED1E18F0DAB0844821D03968DE80C0243888288018809E0B878FB
:20D6E000C007BCD0BA680DAB03968DE80C02BB88FA881598FFF7F3F905005ED0072D72D0E4
:20D7000076E0019005AA02A92046FFF729F90146E28FBDF80800824201D00029F1D0E08FE7
:20D72000A16B084407800198E08746E09DF81C004FF0180A40B1208BC8B1388820832146F3
:20D740001598FFF796F938E004F118000090237E012221461598FFF7A4F98DF81C000028AE
:20D76000EDD1192030700120ADF83400E7E7052521461598FFF77DF93AE0208800F400707A
:20D78000ADF8200050452DD1A08FA0F57F41FE3901D006252CE0D8F808004FF0160A48B13E
:20D7A000A063B8F80C10A1874FF6FF71E187A0F800B002E04FF6FF70A087BDF8200030F457
:20D7C0007F611AD0782300220320159908F006FC98F8000020712088BDF82010084320805E
:20D7E0000EE000E007252088BDF8201088432080208810F47F6F1CD03AE021888143218089
:20D800009DF8380020B10EA91598F9F782FC05469DF81C000028EBD086F801A001203070D9
:20D82000208B70809DF81C0030710520ADF83400DEE7A18EE1B118980DAB0088ADF83400AE
:20D840002398CDE90304CDE90139206B0090E36A179A1598FFF7FCF9054601208DF8380086
:20D860000EA91598F9F755FC00B10546A4F834B094F8460040070AD52046FFF7A0F910F09A
:20D880003E0F04D114F8460F20F0040020701898BDF83410018028469BE500B585B0032834
:20D8A00006D102208DF8000088B26946F9F731FC05B000BD10B5384C0B782268012B02D01E
:20D8C000022B2AD111E013780BB1052B01D10423137023688A889A802268CB88D3802268CB
:20D8E0000B891381498951810DE08B8893802268CB88D38022680B8913814B8953818B89AB
:20D900009381096911612168F9F703FC226800210228117003D0002800D0812010BD832065
:20D9200010BD806B002800D0012070478178012909D10088B0F5205F03D042F601018842DF
:20D9400001D10020704707207047F0B587B0002415460E460746ADF8184011E00598008831
:20D96000288005980194811DCDE90241072104940091838842880188384600F0F3F830B945
:20D9800005AA06A93046FEF7EBFF0028E6D00A2800D1002007B0F0BD5800002010B58B782F
:20D9A00083B102789A4205D10B885BB102E08B79091D4BB18B789A42F9D1B0F801300C884A
:20D9C000A342F4D1002010BD812010BD072826D012B1012A27D103E0497801F0070102E0B8
:20D9E0004978C1F3C20105291DD2DFE801F00318080C12000AB1032070470220704704283F
:20DA00000DD250B10DE0052809D2801E022808D303E0062803D0032803D0052070470020B0
:20DA200070470F20704781207047C0B282060BD4000607D5FE48807A4143C01D01EBD000D9
:20DA400080B27047084670470020704770B513880B800B781C0625D5F54CA47A844204D816
:20DA600043F010000870002070BD956800F0070605EBD0052D78F54065F304130B70137890
:20DA8000D17803F0030341EA032140F20123B1FBF3F503FB15119268E41D00FB012000EBE5
:20DAA000D40070BD906870BD37B51446BDF8041011809DF804100A061ED5C1F30013DC4908
:20DAC000A568897A814208D8FE2811D1C91DC9085A42284616F07DFF0AE005EBD00100F0AD
:20DAE0000702012508789540A843934018430870207820F0100020703EBD2DE9F04107463A
:20DB0000C81C0E4620F00300B04202D08620BDE8F081C74D002034462E60AF802881AA720A
:20DB2000E8801AE0E988491CE980810614D4E17800F0030041EA002040F20121B0FBF1F25C
:20DB400001FB12012068FFF770FF2989084480B22881381A3044A0600C3420784107E1D455
:20DB60000020D4E72DE9FF4F89B01646DDE9168A0F46994623F44045084600F00DFB040051
:20DB80000FD0099804F078FD0290207800060AD5A748817A0298814205D887200DB0BDE860
:20DBA000F08F0120FAE7224601A90298FFF74EFF834600208DF80C004046B8F1070F1AD04C
:20DBC00001222146FFF702FF0028E7D12078400611D502208DF80C00ADF81070BDF804008F
:20DBE000ADF81200ADF814601898ADF81650CDF81CA0ADF818005FEA094004D500252E4658
:20DC0000A84601270CE02178E07801F0030140EA012040F20121B0FBF1F2804601FB128794
:20DC20005FEA494009D5B84507D1A178207901F0030140EA0120B04201D3BE4201D90720A6
:20DC4000ACE7A8191FFA80F9B94501D90D20A5E79DF80C0028B103A90998F9F758FA00281C
:20DC60009CD1B84507D1A0784FEA192161F30100A07084F804901A9800B10580199850EA8F
:20DC80000A0027D0199830B10BEB06002A46199916F028FE0EE00BEB06085746189E0998C1
:20DCA00004F056FE2B46F61DB5B239464246009504F041FA224601A90298FFF7C7FE9DF86A
:20DCC0000400224620F010008DF80400DDE90110FFF7EAFE002061E72DE9FF4FDFF85091F6
:20DCE00082461746B9F80610D9F8000001EB410100EB810440F20120B2FBF0F185B000FBB8
:20DD000011764D46DDF84C8031460698FFF78DFE29682A898B46611A0C3101441144AB8818
:20DD200089B28B4202D8842009B038E70699CDB2290603D5A90601D50620F5E7B9F806C062
:20DD40000CF1010C1FFA8CFCA9F806C0149909B1A1F800C0A90602D5C4F8088007E01044EC
:20DD600080B2A9F80800191A01EB0B00A0602246FE200699FFF798FEE77026712078390A24
:20DD800061F30100320AA17840F0040062F30101A17020709AF802006071BAF80000E08036
:20DDA00000262673280602D599F80A7000E00127A80601D54FF000084D4600244FF00709BB
:20DDC0000FE0CDE902680196CDF800900496E9882046129B089AFFF7C5FE0028A4D1641CB2
:20DDE000E4B2BC42EDD300209EE72DE9F047804600F0D2F9070005D0002644460C4D40F245
:20DE0000012919E00120BDE8F087204600F0C4F90278C17802F0030241EA0222B2FBF9F3FD
:20DE200009FB13210068FFF700FE304486B201E0F8050020641CA4B2E988601E8142E4DC5C
:20DE4000A8F10100E8802889801B288100203870D9E710B5144631B1491E218004F00CFC3E
:20DE6000A070002010BD012010BD10B5D24904460088CA88904201D30A2010BD096800EBBA
:20DE8000400001EB80025079A072D08820819178107901F0030140EA0120A081A078E11CF8
:20DEA000FFF7D4FD20612088401C2080E080002010BD0121018270472DE9FF4F85B04FF6EF
:20DEC000FF788246A3F8008048681F460D4680788DF8060048680088ADF8040000208DF877
:20DEE0000A00088A0C88A04200D304462C8241E0288A401C2882701D6968FFF74FFDB8BB59
:20DF00003988414501D1601E38806888A04236D3B178307901F0030140EA012901A9701D85
:20DF2000FFF73CFD20BB298941452CD0002231460798FFF74BFDD8B92989494518D1E96822
:20DF40000391B5F80AC0D6F808B05046CDF800C004F0FEFCDDF800C05A460CF1070C1FFAC9
:20DF60008CFC4B460399CDF800C004F0AEF850B1641CA4B2204600F00FF90600B8D1641E87
:20DF80002C820A20D0E67C807079B871F088B8803178F07801F0030140EA01207881A7F84C
:20DFA0000C90504604F068FB324607F10801FFF74DFD38610020B7E62DE9FF4F87B0814667
:20DFC0001C469246DDF860B0DDF85480089800F0E3F805000CD0484604F04EFB29780906B2
:20DFE00008D57549897A814204D887200BB0D6E50120FBE7CAF309062A4601A9FFF726FDC5
:20E000000746149807281CD000222946FFF7DEFC0028EBD12878400613D501208DF808002B
:20E020000898ADF80C00BDF80400ADF80E00ADF81060ADF8124002A94846F9F768F8002866
:20E04000D4D12978E87801F0030140EA0121AA78287902F0030240EA0220564507D0B1F5BB
:20E06000007F04D9611E814201DD0B20BEE7864201D90720BAE7801B85B2A54200D92546ED
:20E08000BBF1000F01D0ABF80050179818B1B9192A4616F027FCB8F1000F0DD03E44484679
:20E0A0004446169F04F066FC2146FF1DBCB232462B46009404F073F8002097E72DE9F04119
:20E0C00007461D461646084600F066F804000BD0384604F0D1FA2178090607D53649897A76
:20E0E000814203D8872012E5012010E522463146FFF7ACFC65B12178E07801F0030140EA2B
:20E100000120B0F5007F01D8012000E0002028700020FCE42DE9F04107461D461646084687
:20E1200000F03AF804000BD0384604F0A5FA2178090607D52049897A814203D88720E6E4CE
:20E140000120E4E422463146FFF7AEFCFF2D14D02178E07801F0030240EA022040F20122BF
:20E16000B0FBF2F302FB130015B900F2012080B2E070000A60F3010121700020C7E410B51C
:20E180000C4600F009F828B1C18821804079A070002010BD012010BD0749CA88824209D393
:20E1A00040B1096800EB40006FF00B0202EB80000844704700207047F805002010B508F045
:20E1C00079F9F4F773FB07F0FFFFBDE8104008F0C7B8202834BF012000207047012303FABF
:20E1E00000F04FF0A042002914BFC2F80C05C2F8080570474FF0A041012202FA00F0C1F8E1
:20E200001805704770B50346002002466FF02F050EE09C5CA4F130060A2E02D34FF0FF3095
:20E2200070BD00EB800005EB4000521C2044D2B28A42EED370BD30B50A230BE0B0FBF3F477
:20E2400003FB1404B0FBF3F08D183034521E05F8014CD2B2002AF1D130BD30B500234FF6AD
:20E26000FF7510E0040A44EA002084B2C85C6040C0F30314604005EA00344440E0B25B1CCA
:20E2800084EA40109BB29342ECD330BD2DE9F041FE4B0026012793F860501C7893F864C096
:20E2A000B8B183F88D40A3F88E1083F88C2083F88A70BCF1000F0CBF83F8906083F890508B
:20E2C000F3488068008804F043FBBDE8F04103F0D9BF4FF6FF7083F88D40A3F88E0083F860
:20E2E0008C2083F88A70BCF1000F14BF83F8905083F89060BDE8F08170B5E54E0446306858
:20E3000090F898100025012919D090F89210012924D090F8681001292AD090F88A100129DD
:20E320001CBF002070BD657017212170D0F88C106160B0F89010218180F88A5016E06570EB
:20E340001C212170D0F899106160D0F89D10A16090F8A110217380F8985007E06570072136
:20E360002170D0F89410616080F89250012070BD65701421217000F16A012022201D16F0BB
:20E38000B1FA01212172306880F86850BF48B0F86C20A0F89420B268537B80F8963080F830
:20E3A0009210108804F0D4FA03F07BFFDEE7B848006890F86810002914BFB0F86C004FF672
:20E3C000FF70704770B5B24C06462068002808BFFFDF0025206845706660002808BFFFDF5E
:20E3E0002068417800291CBFFFDF70BDA42116F01AFB2068FF2101707F2180F83610132142
:20E400004184282180F86510012180F8581080F85D5008F02DFDBDE8704007F002BF9C49C6
:20E420000968097881420CBF0120002070479848006890F82200C0F3400070479448006884
:20E4400090F8220000F0010070479148006890F82200C0F3001070472DE9F0438C48D0F820
:20E4600000C09CF82400BCF82240C0F38001C0F34002114400F001000144C4F30010F0B1F2
:20E48000132C17D009DC102C02BF824830F81100BDE8F083122C0DD008E0152C08BF7E4888
:20E4A00009D01D2C04BF7D48BDE8F083FFDF0020BDE8F0837A4830F81100BDE8F0839CF8DD
:20E4C0005A209CF85B002E2600234FF47A774FF014084FF04009022A04BF4AF2D745B5FB4E
:20E4E000F7F510D0012A04BF4AF22F75B5FBF7F510D04AF62315B5FBF7F5082A08BF4E4665
:20E5000013D0042A18D01E46082A0ED0042A13D0022A49D003F12806042A0FD0082A1CBFFC
:20E520004FF01908082204D00AE04FF0140806F5A8764FF0400203E006F5A8764FF0100251
:20E5400018FB026212FB0152C1EB0111554D01EB810105EB8101114414F0010F4FF4C872BE
:20E560004FF4BF7504BFC4F34006002E6FD0C4F3400601F5A571EEB1082804BF1746402699
:20E580000CD0042804BF2F46102607D0022807BF03F11807042603F12807082606EB860831
:20E5A00008EB86163E441BE003F118064FF019080422C5E7082804BF164640270CD004284D
:20E5C00004BF2E46102707D0022807BF03F11806042703F12806082707EB871706EB87066A
:20E5E00031449C31082804BF164640270CD0042804BF2E46102707D0022807BF03F11806D4
:20E60000042703F128060827C7EBC70707EB470706EB47063144983114F0010F18D0082816
:20E6200008BF40200CD0042804BF2A46102007D0022807BF03F11802042003F12802082009
:20E6400000EB400303EB0010104401444FE052E0082804BF144640260CD0042804BF2C46A4
:20E66000102607D0022807BF03F11804042603F12804082606EB8616BCF83CC004EB86045F
:20E680002144BCF1EB0F32D90EE000000406002060000020904E0200984E02008E891300D9
:20E6A000884E0200D4FEFFFF44F255240CF10B0C0CFB04FC4FEA9C5C082807D0042802D0B2
:20E6C000022805D008E02A46102008E0402006E003F11802042002E003F12802082000EB40
:20E6E000801002EB800000F5A5700CFB001101F26510BDE8F08301F5A574082804BF16461D
:20E7000040210CD0042804BF2E46102107D0022807BF03F11806042103F12806082101EBF3
:20E720008111BCF844C006EB81012144BCF1EB0FDDD944F255240CF10B0C0CFB04FC4FEA57
:20E740009C5C0828C2D00428BDD00228C4D1BFE7FE4840F271210068806A48437047FB4800
:20E76000006890F83500002818BF0120704710B5F74C207B022818BF032808D1207D04F163
:20E7800015010DF07EF908281CBF012010BD207B002816BF022800200120BDE8104008F006
:20E7A00045BFEB4908737047E849096881F8300070472DE9F047E54C2168087B002816BF66
:20E7C000022800200120487301F10E0108F018FF2168087B022816BF03280122002281F80F
:20E7E0002F204FF0080081F82D00487B01F10E034FF001064FF00007012804BF5B7913F0C8
:20E80000C00F0AD001F10E03012804D1587900F0C000402801D0002000E0012081F82E00CC
:20E82000002A04BF91F8220010F0040F07D0087D01F115010DF025F9216881F82D002068F7
:20E84000476006F095F82168C14D4FF00009886095F82D000DF031F9804695F82F0000283C
:20E8600018BFB8F1000F04D095F82D000CF0ECFE68B195F8300000281CBF95F82E000028D9
:20E880001DD0697B05F10E0001290ED012E06E734A4605F10E01404608F007FF95F82D10E5
:20E8A00005F10E000DF000FA09E0407900F0C000402831D0394605F10E0008F02DFF206873
:20E8C000C77690F8220010F0040F08BFBDE8F087002795F82D000CF06BFF050008BFBDE8A3
:20E8E000F08710210DF073FF002818BFBDE8F08720683A4600F11C01C676284608F0D5FE5B
:20E90000206800F11C0160680EF07EFA6068BDE8F04701210EF093BA0DF003FA4A4605F192
:20E920000E0108F0C2FECAE7884A1268137B0370D2F80E000860508A8880704778B584493F
:20E940000446824D407B08732A68207810706088ADF8000080B200F00101C0F3400341EAEC
:20E960004301C0F3800341EA8301C0F3C00341EAC301C0F3001341EA0311C0F3401341EAD3
:20E980004311C0F3801041EA80105084E07D012808BF012603D0022814BFFFDF0226286877
:20E9A00080F85A60607E012808BF012603D0022814BFFFDF0226286880F85B60217B80F883
:20E9C0002410418C1D290CBF002161688162617D80F83510A17B002916BF02290021012135
:20E9E0000175D4F80F10C0F81510B4F81310A0F81910A17EB0F8662061F30302A0F8662085
:20EA0000E17E012918BF002180F83410002078BD4E480068408CC0F3001131B1C0F38000C1
:20EA2000002804BF1F20704702E0C0F3400109B10020704710F0010F14BFEE20FF207047C7
:20EA400042480068408CC0F3001119B1C0F3800028B102E0C0F3400008B1002070470120D8
:20EA600070473A49002209680A664B8C1D2B0CBF81F8642081F8640070470023334A1268C4
:20EA800082F859309164A2F84C00012082F8590070472E4A0023126882F85830A2F85400E8
:20EAA0000120116582F8580070472849096881F85D0070472548006890F95D0070472348EA
:20EAC000006890F82200C0F3401070471F48006890F82200C0F3C0007047012070471B488C
:20EAE000006890F85B00704770B508F0A2F908F081F908F04EF808F0D7F8144C2068016E8E
:20EB0000491C016690F83300002530B108F0B0F907F087FB206880F833502068457090F806
:20EB2000371021B1BDE87040042009F049BA90F8641001B3006E81421DD8042009F040FA1A
:20EB4000206890F8220010F0010F03E0600000200406002007D0A06843220188BDE87040C4
:20EB60000120FFF793BBBDE8704043224FF6FF710020FFF78BBBBDE87040002009F020BA1D
:20EB80002DE9F047FF4E814682B030680F464FF00008458C15F0030F10D015F0010F05F0DC
:20EBA000020005D0002808BF4FF0010806D004E0002818BF4FF0020800D1FFDF4FF0000A4D
:20EBC000544615F0010F05F002000DD080B915F0040F0DD04AF00800002F1CBF40F0010007
:20EBE00040F0020440D090E010B115F0040F0DD015F0070F10D015F0010F05F0020036D09C
:20EC0000002808BF15F0040F27D03DE0002F18BF4AF0090479D134E02FB14AF0080415F003
:20EC2000200F14D071E0316805F02002B1F84400104308BF4AF0010467D04AF0180415F0E8
:20EC4000200F62D191F85A1008295AD156E0316891F85A10082951D153E04AF00800002F4A
:20EC600018BF40F0010450D140F010044DE0002818BF15F0040F07D0002F18BF4AF00B04B9
:20EC800043D14AF0180440E015F0030F3CD115F0040F39D077B131684AF0080091F85A10AF
:20ECA00008290CBF40F0020420F0020415F0200F22D02AE0316805F02002B1F844001043EC
:20ECC00008BF4AF0030420D04AF0180015F0200F09D000BF91F85A10082914BF40F00204F1
:20ECE00020F0020411E091F85A20082A14BF40F0010020F00100EDE7082902D024F00104D3
:20ED000003E044F0010400E0FFDF15F0400F1BD0C7B93168B1F84400002804BF488C10F015
:20ED2000010F0BD110F0020F08BF10F0200F05D115F0010F08BF15F0020F03D091F85A0062
:20ED4000082801D044F040047068A0F800A0017821F02001017007210EF022F8414670686F
:20ED60000EF015FA214670680EF01DFA14F0010F0AD006230022844970680EF0EEF93068D7
:20ED8000417B70680EF04EF814F0020F18D0D6E90010B9F1000F4FF006034FF0010207D0B5
:20EDA0001C310EF0DAF9012170680EF048F807E015310EF0D2F93068017D70680EF03FF8E4
:20EDC00014F0040F18BFFFDF14F0080F17D0CDF800A03068BDF800100223B0F86600020965
:20EDE00062F30B01ADF800109DF80110032260F307118DF80110694670680EF0AEF9012FD5
:20EE000061D13068B0F84410E9B390F82200C0F34000C0BB70680EF0B6F9401CC7B2306886
:20EE2000B0F84420B0F85610551AC7F1FF018D42A8BF0D46AA423AD990F8220010F0010F4F
:20EE400035D144F01004214670680EF0ACF9F81CC0B2ED1E284482B23068B0F86610036E2A
:20EE6000090951FA83F190F85C30484F1944BC460023E1FB07C31B096FF0240C03FB0C1120
:20EE800080F85C1000E01EE090F85B00012101F025F80090BDF800009DF80210032340EA61
:20EEA00001400190042201A970680EF056F93068AAB2016C70680EF0A4F93068B0F8561011
:20EEC0002944A0F8561014F0400F06D0D6E90010012306225D310EF040F914F0200F18BFB4
:20EEE000FFDF0020002818BFFFDF02B0BDE8F0872DE9F843234C2068002808BFFFDF2068CC
:20EF0000417839BB0178FF2924D0002680F83160A0F85660867080F83760304607F0D8FEEA
:20EF200007F062FB206890F95D0007F029FC184807F02CFC174807F0B1FE606807F0CBFEE7
:20EF4000206890F8240010F0010F06D0252007F025FC09E00C20BDE8F88310F0020F18BF1D
:20EF6000262076D007F01AFC206890F85A10252007F006FB206880F82C6007F0A3FE206895
:20EF80000AE00000600000201206002053E4B36E844E0200814E020090F85A10002007F0C9
:20EFA000F3FC0F21052007F0BFFB206890F82E10002901BF90F82F10002990F8220010F08B
:20EFC000040F75D005F0D4FC054620682946806806F0E7F9DFF82C84074690FBF8F008FBCA
:20EFE00010704142284605F0C4F92168886097FBF8F04A68104448600CF040FD014620684D
:20F00000426891426FD8C0E90165FF4D4FF0010895F82D000CF051FD814695F82F000127DA
:20F02000002818BFB9F1000F04D095F82D000CF00BFBA8B195F8300000281CBF95F82E00B4
:20F04000002825D0697B05F10E00012916D01AE0FFE710F0040F14BF2720FFDF82D183E7F3
:20F060003A466F7305F10E01484608F01EFB95F82D1005F10E000CF017FE09E0407900F019
:20F08000C000402815D0414605F10E0008F044FB206890F8220010F0040F24D095F82D00AE
:20F0A0000CF086FB05001ED010210DF090FB40B119E00CF036FE3A4605F10E0108F0F5FAA1
:20F0C000E6E720683A4600F11C01C776284608F0ECFA206800F11C0160680DF095FE0121B4
:20F0E00060680DF0ACFE2068417B0E3007F000FB206890F8581059B3B0F85410A0F84410B1
:20F10000016D016490F82210C1F30011E9B9B0F8660002210509ADF80050684606F00AFD1C
:20F1200028B1BDF80000C0F30B00A84204D1BDF80000401CADF800002168BDF80000B1F827
:20F14000662060F30F12A1F86620206880F85860206890F8591031B1B0F84C108187816C8A
:20F16000816380F85960B0F86610026E090951FA82F190F85C20DFF894C2114463460022CB
:20F18000E1FB0C3212096FF0240302FB031180F85C100CF0F6FC032160680CF075FD2168EE
:20F1A00081F833000020BDE8F8839949886070472DE9F043964C83B0226892F831303BB123
:20F1C000508C1D2808BFFFDF03B0BDE8F0438BE401260027F1B1054692F85C0007F0DEFA7F
:20F1E000206890F85B10FF2007F0CAF920684FF4A57190F85B20002007F08EFC206890F826
:20F20000221011F0030F00F02D81002D00F0248100F028B992F822108046D07EC1F30011E3
:20F22000002956D0054660680780017821F020010170518C132937D01FDC102908BF02218B
:20F2400044D0122908BF062140D0FFDF6E4D606805F10E010DF0CAFD697B60680DF0E2FDAF
:20F260002068418C1D2918BF152965D0B0F84420016C60680DF0EFFD5EE0152918BF1D29E6
:20F28000E3D14FF001010DF08BFD6068017841F020010170216885B11C310DF0B5FD012113
:20F2A00060680DF0CCFDD1E700210DF079FD6068017841F020010170C8E715310DF0A4FDDD
:20F2C0002068017D60680DF0BAFDBFE70DF068FDBCE70021FFF754FC6068C17811F03F0F4A
:20F2E0002AD0017911F0100F26D00DF057FD2368024693F82410C1F38000C1F3400C6044C9
:20F3000001F0010100EB010C93F82C10C1F38000C1F34005284401F001010844ACEB0000CC
:20F32000C1B293F85A0000F0D9FD009003230422694660680DF011FF2068002590F82410E6
:20F3400090F82C0021EA000212F0010F18BF01250ED111F0020F04D010F0020F08BF022519
:20F3600006D011F0040F03D010F0040F08BF0425B8F1000F2BD0012D1BD0022D08BF2620C5
:20F380001BD0042D14BFFFDF272016D0206890F85A10252007F0F4F8206890F82210C1F3DB
:20F3A000001169B101224FF49671002007F0B4FB0DE0252007F0F2F9E8E707F0EFF9E5E761
:20F3C00090F85A204FF49671002007F0A5FB206890F82C10294380F82C1090F8242032EAD6
:20F3E00001011CD04670418C13292BD026DC102904BF03B0BDE8F083122923D0C1F30010AA
:20F40000002807E040420F000406002053E4B36E6000002018BFFFDF03B0BDE8F083418CFD
:20F420001D2908BF80F82C70DCD0C1F30011002914BF80F8316080F83170D3E7152918BF4D
:20F440001D29DBD190F85A2003B04FF00101BDE8F043084607F049BD90F85B20012108462E
:20F4600007F043FD2168002DC87E7CD04A8C3D46C2F34000002808BF47F0080512F0400F3B
:20F4800018BF45F04005002819BFD1F83890B1F83C80D1F84090B1F84480606807210780A8
:20F4A0000DF07EFC002160680DF071FE294660680DF079FE15F0080F15D02068BDF8001087
:20F4C0000223B0F86600020962F30B01ADF800109DF80110032260F307118DF8011069465D
:20F4E00060680DF03AFE60680DF016FD2168C0F1FE00B1F85620A8EB02018142A8BF0146D9
:20F50000CFB2D019404542D245F0100160680DF04AFE60680DF000FD2168C0F1FE00B1F8F2
:20F520005610A8EB01018142A8BF0146CFB260680DF029FE3844421C2068B0F86610036E01
:20F54000090951FA83F190F85C30FF4D1944AC460023E1FB05C31B096FF0240C03FB0C1196
:20F5600080F85C1000E038E090F85B00012100F0B5FC0090BDF800009DF80210032340EACD
:20F5800001400190042201A960680DF0E6FD216891F8220010F0400F05D0012306225D31EF
:20F5A00060680DF0DAFD20683A46B0F8560000EB090160680DF025FE2068B0F856103944B9
:20F5C000A0F8561007F053FF002818BFFFDF20684670867003B0BDE8F0830121FFF7D0FA26
:20F5E000F0E7DA4810B50068417841B90078FF2805D000210846FFF7DBFD002010BD07F09D
:20F6000018FC07F0F7FB07F0C4FA07F04DFB0C2010BD10B5CD4C206890F8220010F0010FE0
:20F620001CBFA06801884FF03C0212BF01204FF6FF710020FEF72AFE2168012081F83700A3
:20F6400010BDC249096881F8320070472DE9F041002608F081FC002800F0F380BB4C206803
:20F66000417800270125012906D0022901D003297BD0FFDFBDE8F081817802270029418C05
:20F6800037D0C1F34002002A08BF11F0010F6DD090F85B204FF001014FF0000007F025FC93
:20F6A000216891F82200C0F34000002814BF0C20222091F85B1006F063FF2068477090F8A7
:20F6C000330020B106F099FD402007F0BEFB206890F83400002818BF07F0E4FB002196209A
:20F6E00007F04CFB07F0BAFE002818BFFFDFBDE8F081C1F3001282B110293ED090F833002F
:20F7000020B106F07AFD402007F09FFB206890F8221011F0040F35D042E090F8242090F8E9
:20F720002C309A4229D1B0F84400002808BF11F0010F05D111F0020F08BF11F0200F7DD07F
:20F740004FF001014FF00000FFF732FD2068418C11F0010F04BFC1F3400100290AD1B0F83A
:20F760005610B0F84420914201E032E026E018BFBDE8F08180F83150B9E7BDE8F0410021CE
:20F78000012015E590F83510012914BF0329102646F00E0190F85A204FF0000007F0A5FB05
:20F7A000206890F83400002818BF07F07BFB0021962007F0E3FA2068477098E7B0F8561022
:20F7C000B0F8440081423CD0BDE8F04101210846EEE48178D9B1418C11F0010F1CD080F891
:20F7E000685090F86A20B0F86C100120FEF74EFD2068477007F01DFB07F0FCFA07F0C9F9C6
:20F8000007F052FABDE8F041032008F0D9BB8178BDE8F0410120CBE411F0020F08BFFFDFCA
:20F820003FF465AFB0F85610808F814209D001210846FFF7BDFC0320216800E001E0487084
:20F8400055E7BDE8F041FFF74FB9FFF74DB910B53E4C206890F8341049B1363007F02DFB7A
:20F8600018B921687F2081F8360007F011FB206890F8330018B107F0FBFA06F0D2FC08F029
:20F880006BFBA8B1206890F82210C1F3001179B14078022818BFFFDF00210120FFF788FC25
:20F8A0002068417800291EBF40780128FFDF10BDBDE81040FFF718B92DE9F047234C0F46A8
:20F8C00080462168B8F1030F488C08BFC0F3400508D000F0010591F83200002818BF4FF0C4
:20F8E000010901D14FF0000906F04CFF0646B8F1030F0CBF4FF002084FF0010835EA090018
:20F9000008BFBDE8F087206890F8330068B10CF01BF938700146FF2807D06068C01C0CF00B
:20F92000ECF838780CF01DF9064360680178C1F3801221680B7D9A420DD10622C01C15313C
:20F9400014F0A4FF002803E053E4B36E6000002008BF012000D000203978FF2906D0C8B915
:20F96000206890F82D00884216D113E0A0B1616811F8030BC0F380100CF083F805460CF074
:20F98000E3F938B128460BF013FF18B110210CF01EFF08B1012000E00020216891F82210F6
:20F9A00011F0040F01D0F0B11AE0CEB9FE4890F83500002818BF404515D1616811F8030BF3
:20F9C000C0F380100CF05DF804460CF0BDF938B120460BF0EDFE18B110210CF0F8FE10B1B5
:20F9E0000120BDE8F0870020BDE8F0872DE9F04FEE4D074683B0286800264078022818BF0F
:20FA0000FFDF28684FF07F0990F8341049B1363007F053FA002804BF286880F8369007F091
:20FA200037FA68680DF0DEF90446002F00F0048268680DF062FB002800F0FE8106F070FEDD
:20FA4000002800F0F981FF20DFF864B3DFF8588300274FF0010A062C80F00082DFE804F005
:20FA6000EFEFEF03EFF78DF8000069460320FFF723FF002800F0E480296891F8340010B1D6
:20FA800091F89800D0B12868817801294CD06868042107800DF084F908F10E0168680DF02A
:20FAA000A5F998F80D1068680DF0BCF92868828F816B68680DF0F3F900F04DB99DF80000A8
:20FAC00081F898A00A7881F89920FF280FD001F19B029A310BF0FAFF002808BFFFDF286810
:20FAE00090F89A1041F0020180F89A100DE068680278C2F3801281F89A20D0F80320C1F829
:20FB00009B20B0F80700A1F89F00286800F1A10490F836007F2808BFFFDF286890F83610B5
:20FB2000217080F83690AEE790F822009BF80490C0F38014686864F38619072107800DF0D7
:20FB40002FF9002168680DF022FB494668680DF02AFB0623002208F10E0168680DF0FDFADA
:20FB60002868417B68680DF05DF968680DF0D4F929688A8FC0F1FE018A42B8BF1146CFB207
:20FB8000BA423DD9F81EC7B249F0100A514668680DF009FB68680DF0F6FA3844431C2868E1
:20FBA000B0F86610026E090951FA82F190F85C20DFF800920A44C8464FF0000CE2FB098C61
:20FBC0004FEA1C116FF0240C01FB0C2180F85C1090F85B001A46012100F080F90190BDF80F
:20FBE00004009DF80610032340EA01400290042202A968680DF0B1FA514668680DF0D3FAB9
:20FC000034B1D5E90010012306225D310DF0A5FA28683A46816B68680DF0F3FA2868A0F8DD
:20FC20005670818F8F420CBF0121002180F8311007F01DFC002818BFFFDF8CE007E00DE128
:20FC400028688078002840F0F98000F0F5B88DF8000068680178C1F38019D0F80310019126
:20FC6000B0F80700ADF8080069460520FFF724FE0028286873D08178002972D090F85BA05A
:20FC8000D5E90104D0F80F10C4F80E10B0F813106182417D2175817D6175B0F81710E182D8
:20FCA000B0F819106180B0F81B10A180B0F81D10E18000F11F0104F1080014F0C8FF6868BF
:20FCC00090F8241001F01F01217690F82400400984F8740184F854A084F855A0286890F8E1
:20FCE000651084F8561090F85D0084F857009DF80010A86800F050F9022008F061F96868C3
:20FD0000DBF800400DF1040A078008210DF048F8002168680DF03BFA214668680DF043FA43
:20FD20000623002208F10E0168680DF016FA2868417B68680DF076F8494668680DF07FF839
:20FD400006230122514668680DF007FA07F08FFB002818BFFFDF03202968487070E066E092
:20FD6000FFE76868AC684FF001080278617BC2F3401211406173D0F80F10C4F80E10B0F886
:20FD800013106182417D2175817D6175B0F81710E182B0F819106180B0F81B10A180B0F8B5
:20FDA0001D10E18008E0000004060020600000207C4E020053E4B36E00F11F0104F10800F1
:20FDC00014F045FF686890F8241001F01F01217690F82400400984F8740184F8548084F8F5
:20FDE0005580286890F8651084F8561090F85D0084F857009DF80010A86800F0CDF828680D
:20FE000080F868A090F86A20B0F86C100120FEF73DFA2868477007F00CF806F0EBFF06F0C7
:20FE2000B8FE06F041FF012008F0CAF808E090F82200C0F3001008B1012601E0FEF754FE9E
:20FE4000286890F8330018B107F012F806F0E9F966B100210120FFF7ABF910E0286890F8BA
:20FE60002200C0F300100028E8D0E5E728688178012904D190F85B10FF2006F081FB286855
:20FE80004178002919BF4178012903B0BDE8F08F4078032818BFFFDF03B0BDE8F08F70B55A
:20FEA000794C06460D462068807858B106F030FB21680346304691F85B202946BDE8704024
:20FEC00008F03BBE06F024FB21680346304691F85A202946BDE8704008F02FBE78B50C46A9
:20FEE00000210091082804BF4FF4C87040210DD0042804BF4FF4BF70102107D0022807BF4B
:20FF000001F11800042101F128000821521D02FB01065D489DF80010006890F85C2062F3F1
:20FF2000050141F040058DF8005090F85B00012804BF9DF8020020F0E0002AD0022818BF1F
:20FF4000FFDF21D025F080008DF80000C4EB041000EB80001E2101EB800006FB04044B4843
:20FF6000844228BFFFDF4A48A0FB0410BDF80110000960F30C01ADF80110BDF800009DF886
:20FF8000021040EA014078BD9DF8020020F0E00020308DF80200D5E72DE9F0413A4D04467D
:20FFA0000E46286890F86800002818BFFFDF0027286880F86A702188A0F86C106188A0F849
:20FFC0008210A188A0F88410E188A0F8861094F8741180F8881090F82F1049B1427B00F113
:20FFE0000E01012A04D1497901F0C001402934D090F8301041B1427B00F10E01012A04BFAC
:020000040001F9
:20000000497911F0C00F28D000F1760014F016FE6868FF2E0178C1F380116176D0F803106A
:20002000C4F81A10B0F80700E08328681DD0C167E18BA0F8801000F17002511E30460BF04C
:2000400045FD002808BFFFDF286890F86F1041F0020180F86F10BDE8F081D0F80E10C0F81B
:200060007610418AA0F87A10D2E7C767A0F88070617E80F86F10D4F81A100167E18BA0F866
:200080007410BDE8F081000060000020C4BF0300898888880178406829B190F8141190F86F
:2000A000730038B901E001F0BFBC19B1042901D0012070470020704770B50C46054606212F
:2000C00002F014FB606008B1002006E00721284602F00CFB606018B101202070002070BD8A
:2000E000022070BD2DE9FC470C4606466946FFF7E3FF00287DD19DF8000050B1FEF757F9E2
:20010000B0427CD02146304609F09CFE002873D12DE00DF0F5FAB04271D02146304612F0BA
:20012000F2FD002868D1019D95F8D80022E0012000E00020804695F837004FF0010A4FF036
:200140000009F0B195F8380080071AD584F8019084F800A084F80490E68095F839102172B2
:20016000698F6181A98FA18185F8379044E0019D95F8140158350028DBD1E87E0028D8D00C
:20018000D5E7304602F0F6FB070000D1FFDF384601F006FE40B184F801900F212170E680FC
:2001A000208184F804A027E0304602F0D1FB070000D1FFDFB8F1000F21D0384601F047FE30
:2001C000B8B19DF8000038B90198D0F800014188B14201D180F80090304607F090F984F8C6
:2001E00001900C21217084F80490E680297F217200E004E085F81B900120BDE8FC870020AA
:20020000FBE71CB56946FFF757FF00B1FFDF684601F016FCFA4900208968A1F8DA001CBD50
:200220002DE9FC4104460E46062002F007FA0546072002F003FA2844C7B20025A8463E44D9
:2002400017E02088401C80B22080B04202D34046A4F8008080B2B84204D3B04202D200207F
:20026000BDE8FC816946FFF727FF0028F8D06D1CEDB2AE42E5D84FF6FF7020801220EFE770
:2002800038B54FF6FF70ADF800000DE00621BDF8000002F03DFA04460721BDF8000002F00D
:2002A00037FA0CB100B1FFDF00216846FFF7B8FF0028EBD038BD70B507F08EF90BF0CDF909
:2002C000D04C4FF6FF7600256683A683CEA0257001680079A4F14002657042F8421FA11C28
:2002E0001071601C12F02FFE25721B2060814FF4A471A181E08121820321A1740422E274EC
:20030000A082E082A4F13E00218305704680BC480C300570A4F110000570468070BD70B5C0
:20032000B74C16460D466060217007F0CFF8FFF7A7FFFFF7C0FF207810F0F1FAB4480DF02F
:2003400053FE2178606812F0A3FD20780AF010FC284608F09CF9AE48FEF734F82178606838
:2003600009F056FE3146207813F078F8BDE870400BF073B910B501240AB1002010BD21B1CE
:20038000012903D00024204610BD02210CF076FFF9E72DE9F047040000D1FFDF9948022191
:2003A0001C308146FFF73CFF00B1FFDF954D0620B5F81C8002F042F90646072002F03EF950
:2003C0003044C6B2701CC7B2A88BB04228D120460DF00CF9B0B1207818283FD1207901289B
:2003E0003CD1E088062102F081F9040000D1FFDF208807F084F82088062102F089F940B3F1
:20040000FFDF2BE0287860B300266670142020702021201D14F007FB022020712E701DE0AE
:20042000B84217D12046FDF767FFD0B12078172814D1207968B1E088072102F057F940B168
:20044000008807F05CF8E088072102F061F900B1FFDF03E02146FFF745FE10B10120BDE854
:20046000F08702214846FFF7DBFE10B9A98B4145AAD12046BDE8F04713F036B810B501F09E
:200480007AFA08B10C2010BD0BF03AF9002010BD10B50446007818B1012801D0122010BDD2
:2004A00001F07AFA20B10BF0DBFA08B10C2010BD207801F027FAE21D04F11703611CBDE8AA
:2004C00010400BF0C2B910B5044601F054FA08B10C2010BD207828B1012803D0FF280BD0E7
:2004E000122010BD01F00EFA611C0BF0C9F808B1002010BD072010BD01200BF0FBF8F7E744
:2005000010B50BF0B0FA08B1002010BD302010BD10B5044601F040FA08B10C2010BD20465C
:200520000BF09BFA002010BD10B501F035FA20B10BF096FA08B10C2010BD0BF0EBF900204C
:2005400010BDFF2181704FF6FF7181802C4949680A7882718A880281498841810121417071
:20056000002070471CB5002412F1080F15D00CDC12F1280F11D012F1140F0ED012F1100F87
:200580000BD012F10C0F0ED107E012F1040F04D01AB1032A01D0042A05D1012806D00228BC
:2005A00008D003280AD0122420461CBD1046FEF77CFAF9E710460DF0BDFCF5E708461446B8
:2005C0006946FFF779FD08B10224EDE79DF80000019880F857400024E6E710B513460122DE
:2005E0000CF032F9002010BD10B5044610F07CFF05280FD0204610F081F9002010BD000084
:200600006C000020E8070020FFFFFFFF1F000000A80600200C20F1E710B5044601F0BCF99D
:2006200008B10C20EAE72146002006F0D6FF0020E4E710B5044610F0EFF950B108F0ABFA32
:2006400038B1207808F049F820780DF067FF0020D4E70C20D2E710B5044601F09DF908B1D6
:200660000C20CBE72146012006F0B7FF0020C5E738B504464FF6FF70ADF80000A079E17999
:20068000884216D02079FDF7A4FD90B16079FDF7A0FD70B10022A079114613F0F5FA40B933
:2006A0000022E079114613F0EFFA10B9207A072801D9122038BD08F07BFA60B910F014FF50
:2006C00048B900216846FFF7ABFD20B1204605F032FF002038BD0C2038BD2DE9FC418178CD
:2006E00005461A2925D00EDC16292DD2DFE801F02C2C2C2C2C212C2C2C2C2C2C2C2C2C2CE2
:200700002C2C2C2121212A291ED00BDCA1F11E010C2919D2DFE801F0181818181818181881
:200720001818180D3A3904290ED2DFE801F00D020D022888B0F5706F06D201276946FFF735
:20074000BBFC18B102208BE5122089E59DF8000001F0DFF8019C08B1FC3401E004F5BC74FA
:200760009DF8000001F0D5F8019E08B1FD3601E006F279166846FFF78DFC08B1207808B1FC
:200780000C206DE52770A8783070684601F058F9002065E57CB50D466946FFF78DFC002652
:2007A00018B12E602E7102207CBD9DF8000001F0B0F8019C9DF80000583401F0AAF80198D0
:2007C00084F8406081682960017B297194F840100029F5D100207CBD70B50D460446018905
:2007E000002380880CF09CF9696A81421DD2401A401CA1884008091A8AB2A2802189081A44
:200800002081668895F8541010460CF063F9864200D230466080E68895F8551020890CF0B5
:2008200059F9864200D23046E08070BDF0B585B00D46064603A9FFF73FFC00282DD19DF8B8
:200840000C0060B300220499FB20B1F84A30FB2B00D30346B1F84C40FB20FB2C00D30446A6
:20086000DFF8A8CA9CE8811000900197CDF808C0ADF80230ADF806406846FFF7ADFF6E8065
:20088000BDF80400E880BDF808006881BDF80200A880BDF806002881002005B0F0BD0122A9
:2008A000D1E72DE9F04186B0044600886946FFF703FC002876D12189E08801F0D0F800282B
:2008C00070D1A188608801F0CAF800286AD12189E08801F0D2F8002864D1A188608801F084
:2008E000CCF807005ED1208802A9FFF79FFF00B1FFDFBDF8101062880920914252D3BDF8F3
:200900000C10E28891424DD3BDF81210BDF80E2023891144A2881A44914243D39DF800108D
:20092000019D4FF00008012640F6480041B185F8A361019991F8E61105F5D17541B91AE06C
:2009400085F80D61019991F8301105F5867509B13A2724E0E18869806188E9802189814223
:2009600000D30146A980A188814200D208462881012201990FE0E18869806188E980218985
:20098000814200D30146A980A188814200D208462881019900222846FFF71EFF2E7085F844
:2009A0000180384606B0BDE8F0817AE710B5044600F0F2FF20B10BF053F808B10C201DE61C
:2009C000207800F09FFFE279611C0BF0CAF908B1002013E6022011E610B503780446002BBB
:2009E000406813460A46014608D001200CF0C9F96168496A884203D90120FFE50020F5E785
:200A00000020FBE5887800B90320C97801B90321107019700020704710B586B0044600882E
:200A200003A9FFF749FB002806D1A08830B1012804D0022802D0122006B0DFE56B4602AAC6
:200A4000214603A8FFF7DEFF0028F5D19DF80C3000220121002B049B06D083F8AD11049B36
:200A600093F8FA314BBB20E083F81711049B93F83C313BB9049B93F816311BB9049B93F81D
:200A80007D300BB13A200CE0049B83F81611049B9DF8081083F81811049B9DF8001083F8B7
:200AA0001911049981F81721C6E7049B93F8AC311BB9049B93F87D300BB13A200CE0049BBE
:200AC00083F8AC11049B9DF8081083F8AE11049B9DF8001083F8AF11049981F8AD21ABE763
:200AE00010B504460020A17801B90120E2780AB940F0020000F0CBFF002803D12046BDE8C3
:200B0000104089E77AE52DE9F04104460078012804D018B1022801D003281ED1607828B121
:200B2000012803D0022801D0032816D1E07B10B9A078012811D1A07830F005020DD110F048
:200B4000050F0AD0400801D011202CE7E078E68862890F4618B1012801D0122023E71046EF
:200B600000F0A5FF302558B13946304600F0A9FF30B1A07B0028F0D00728EED8002012E704
:200B8000284610E71FB5044600F0E8FE10B10C2004B033E5022104F10A0000F09CFFA0787E
:200BA0008DF80800A0788DF8000060788DF8040020788DF80300A07B8DF80500E07B00B1D9
:200BC00001208DF80600A078C0070DD0E078012813D0A0B15FF000008DF80100E088ADF816
:200BE0000A006089ADF80C0002A80FF021FF0028CED168460DF097FCCAE70220ECE70120BC
:200C0000EAE710B504460121FFF77DFF002803D12046BDE81040B5E7F0E40278012A01D023
:200C2000BAB118E042783AB1012A05D0022A12D189B1818879B100E059B1418849B180887B
:200C400038B101EB8101490000EB8000B1EB002F01D2002070471220704770B50446007844
:200C60000D46012809D010F03FFC052803D00FF0F0FD002800D00C2070BD0DF034FB88B142
:200C80000DF046FB0DF02CFC0028F5D125B160780DF0DCFB0028EFD1A1886088BDE8704033
:200CA0000FF0E1BE122070BD10B504460121FFF7B4FF002804D12046BDE810400121CCE730
:200CC0009CE42DE9F0470746B0F84C50FB2092460E46FB2D00D30546DFF83486B8F80A00DE
:200CE000A84200D2054697F85510284600F025FEB8F80C10814200D208468146B7F84A40C9
:200D0000FB20FB2C00D30446B8F80E00A04200D2044697F85410204600F00FFEB8F8101092
:200D2000814200D208464FF4A4721B2C01D0904203D11B2D25D0914523D0F580A6F8089008
:200D40007480B080524639463046FFF745FD01203070F0881B38E02800D9FFDF70881B3814
:200D6000E02800D9FFDF30894FF4E064A0F5A470A04200D9FFDFB088A0F5A470A04200D996
:200D8000FFDFBDE8F087F0B5871FDDE9056540F67B44A74213D28F1FA74210D288420ED8F2
:200DA000B2F5FA7F0BD2A3F10A00241FA04206D2521C4A43B2EB830F01DAAE4201D90020AC
:200DC000F0BD0120F0BD2DE9FC41477A8846044617F0050F7FD0F8087DD1780701D511202E
:200DE000B1E494F83A0008B9012F74D100252E46F8071BD088F00105208A294600F057FE03
:200E000048B36089294600F05CFE20B3208A6189884260D8A18EE08DCDE90001238D628CDB
:200E2000A18BE08AFFF7AFFFA8B10125B8070ED504EB4500828EC18DCDE90012038D428C9F
:200E4000818BC08AFFF79FFF28B12E466D1CB8F1000F02D023E0302075E4228A012119E0D5
:200E6000B14203D004EB4100008A024404EB4100C38A878ABB422ED1838B478BBB422AD14A
:200E8000438C078CBB4226D1038DC08C834222D1491CC9B2A942E3D3608990421BD32078A6
:200EA00010B1012817D10EE0A078B8F1000F08D048B1012807D0022805D003280BD102E0E9
:200EC00009E00028EDD1607838B1012805D0022803D0032801D0122035E4002033E40021E8
:200EE00071E70178C90702D0406812F0D0BA12F09DBA2DE9F0438DB00D46AFF6F402D2E9C3
:200F0000008701462846FFF75EFF00280CD100F025FD40B9FE4E307828B90CF0F1FBA0F5E0
:200F20007F41FF3903D00C200DB0BDE8F083032105F1100000F0CFFDF54808AA3E38089002
:200F4000F4480990F248062110380A900BA801F09BFB040035D003210BF013FAB18AA4F833
:200F60004A10F28AA4F84C20F37C0093B146B37C208801F076FC00B1FFDF208806F0BEFA7B
:200F8000218804F10E0000F011FDE3A004F1120600680490032104A804F0C2FD002004A9CB
:200FA0000A5C3254401CC0B20328F9D3A88B6080688CA080288DE080687AC10703D00121A5
:200FC00006E00920B0E7800701D5022100E00021B9F818000A460FF0DBFD0146A06220464B
:200FE0000FF0E4FD002684F85E6084F85F60A87800F088FC6076D5F80300C4F81A00B5F8B9
:201000000700E083C4F808802773012084F80801024604F586712046FFF753FE8DF8006018
:201020000121684604F07CFD9DF8000000F00701C0F3C1021144C0F3401008448DF8000047
:20104000401D2076092801D208302076002120460BF097F968780DF051F9A9782878EA1CCB
:201060000DF01FF948B10DF053F9A9782878EA1C0DF0C6F9060002D038E0122636E0687A76
:2010800000F001010020CA0700D00120890701D540F002000DF0EEF8060027D12146032079
:2010A0000DF0D8F9060021D1687A00F001018DF80810C00705D06889ADF80A00288AADF866
:2010C0000C0002A80FF0B4FC064695F83A0000B101200DF0E1F84EB90DF002FA060005D114
:2010E000A98F20460FF046FC060008D0208806F006FA2088062101F00BFB00B1FFDF3046CA
:2011000012E701460020F4E638B58148007878B910F0EAF9052805D00CF0F2FAA0F57F4114
:20112000FF3905D068460FF0E2FC040002D00CE00C2038BD0098008806F0E1F90098062185
:20114000008801F0E5FA00B1FFDF204638BD1CB582894189CDE900120389C2888188408838
:20116000FFF711FE08B100201CBD30201CBD70B50546FFF7ECFF00280ED12888062101F06F
:20118000B5FA040007D000F04FFC20B1D4F80001017831B901E0022070BDD4F84C110978AF
:2011A00009B13A2070BD05218171D4F8001100200881D4F80011A8884881D4F80011E8882D
:2011C0008881D4F800112889C881D4F80001028941898A4204D88279082A01D88A4201D3BF
:2011E000122070BD29884180D4F8001102200870002070BD3EB504460BF0B8FAB0B1444883
:201200000125A0F140024570236842F8423F23790021137141706946062001F0F0F900B188
:20122000FFDF684601F0C9F910B10EE012203EBDBDF80440029880F80851684601F0BDF9DA
:2012400018B9BDF80400A042F4D100203EBD70B505460088062101F049FA040007D000F024
:20126000E3FB20B1D4F80011087830B901E0022070BDD4F84C01007808B13A2070BD9620C2
:20128000005D10F0010F1BD0D5F802004860D5F806008860D4F80001698910228181D4F805
:2012A000000105F10C010E3004F5807413F01AFB216803200870216828884880002070BD75
:2012C0000C2070BD38B504460078EF2856D86088ADF80000009800F00FFCD0B36188080726
:2012E00008D4D4E90120824248D8202A46D3B0F5804F43D8207B60B307283FD8607B70B16E
:2013000001280CD002280AD0032807E0A04E0200E807002078000020112233002ED14A0765
:2013200003D4022801D0032805D1A07B08B1012824D1480707D4607D28B1012803D00228E2
:2013400001D003281AD1C806E07D03D5012815D110E013E0012801D003280FD1C80609D401
:20136000607E012803D0022801D0032806D1A07E0F2803D8E07E18B1012801D0122038BD1E
:20138000002038BDF8B515460E46044607F010FC08B10C20F8BD2046FFF794FF0028F9D114
:2013A000E07D03280BD0A078C00602D4607E032805D0FDF77FFB3070A07515B10CE0112032
:2013C000F8BDFF208DF8000069460020FDF761FB69460020FDF751FB2046BDE8F840FDF74F
:2013E000ADBA0022CEE770B50C46054612B11F2907D80CE0FF2C04D8FDF727F818B11F2CE9
:2014000001D9122070BD2846FDF709F808B1002070BD422070BD10B50446408810B1FDF70F
:201420000FFB78B12078618800F001026078FFF7DAFF002805D1FDF7EBFA6288824203D9FD
:2014400007203DE412203BE410466168FDF721FB002035E410B50446408810B1FCF7E7FF1A
:2014600070B12078618800F001026078FFF7BBFF002804D160886168FDF7FFFA00201FE491
:2014800012201DE47CB5054640784224012808D8A878FCF7C4FF20B128781224012802D0FE
:2014A00090B120467CBDFDF711FB20B1A8880028F7D08028F5D8FDF710FB60B168780028CF
:2014C000EFD02878012808D006F038F9044607F03BF8002872D00C207CBDFDF748F910B944
:2014E000FDF7EDFA90B307F063FB0028F3D1FCF75EFFA0F57F41FF39EDD1FDF75AF9AE8875
:2015000042F210704643A879FDF7ABFAFCF796FFF8B10022072101A801F0B6F804001FD01E
:20152000F6480321846020460AF0E4FD2046FDF73CFEF34DA88AA4F84A00E88AA4F84C00DE
:20154000FCF783FF70B1288B01210FE0FFE712207CBD3146002007F0C3F868B3FFDF37E087
:2015600009207CBDFDF7BBFA0146288B07F06DF90146A0620022204606F0E3F8FCF765FF10
:2015800008B9FDF7ACFAE87C0090AB7CEA8AA98A208801F066F900B1FFDF208805F0AEFF5D
:2015A0003146204607F09CF800B1FFDF002204F5D1712046FFF785FB0AE0FFE744B120888E
:2015C00005F09DFF2088072101F0A2F800B1FFDF00207CBD002155E770B50D46072101F049
:2015E00085F8040003D094F87B0110B10AE0022070BD94F86500142801D0152802D194F8FB
:20160000C80108B10C2070BD1022294604F5BE7013F068F9012084F87B01002070BD10B598
:20162000072101F063F818B190F87B1111B107E0022006E790F86510142903D0152901D085
:201640000C20FEE6022180F87B110020F9E62DE9FC410C464BF68032122194421CD8DCB132
:201660006946FEF729FD002815D19DF8000000F050F9019E9DF80000583600F04AF9019D31
:20168000AD1C2F882246394630460AF0EEFC2888B842F6D100201FE408461DE47CB504462B
:2016A00000886946FEF708FD002810D19DF8000000F02FF9019D9DF80000583500F029F971
:2016C0000198A27890F82C10914201D10C207CBD7F212972A9720021E972E17880F82D10A9
:2016E000217980F82E10A17880F82C1000207CBD1CB50C466946FEF7DFFC00280AD19DF83A
:20170000000000F006F9019890F8730000B10120207000201CBD7CB50D4614466946FEF769
:20172000CBFC002809D19DF8000000F0F2F8019890F82C00012801D00C207CBD9DF8000030
:2017400000F0E7F8019890F86010297090F86100207000207CBD70B50D461646072100F0D2
:20176000C5FF18B381880124C388428804EB4104AC4217D842F210746343A4106243B3FB21
:20178000F2F2521E94B24FF4FA72944200D91446A54200D22C46491C641CB4FBF1F24A43C8
:2017A000521E91B290F8B4211AB901E0022070BD01843180002070BD10B50C46072100F064
:2017C00095FF48B180F8E74024B190F8E51009B107F051F8002034E6022032E6017899B15A
:2017E000417889B141881B290ED381881B290BD3C188022908D342490268403941F8522F66
:2018000040684860002070471220704710B504460FF0BAF9204606F0E7FF002011E610B5D9
:2018200006F0E5FF00200CE62DE9F04115460F4606460122114638460FF0AAF90446012173
:20184000384607F002F8844200D2044601213046653C00F063F806460121002000F05EF8DF
:20186000304401219630844206D900F19601201AB0FBF1F0401C81B229800020BDE8F081AB
:2018800010B5044600F088F808B10C20D9E5601C0AF042FA207800F00100FCF785FF2078DC
:2018A00000F001000CF02FFD0020CAE510B506F098FF0020C5E510B50446072000F0B0FE50
:2018C00008B10C20BDE52078C00711D000226078114612F0D9F908B11220B2E5A06808F09A
:2018E000F6FE6078D4F8041008F0FAFE0020A8E5002008F0ECFE00210846F5E76C000020C6
:20190000E807002018B1022801D0012070470020704708B1002070470120704710B50129EE
:2019200004D0022905D0FFDF20468AE5C000503001E080002C3084B2F6E711F00C0F04D020
:201940004FF4747101EB801006E0022902D0C000703001E080003C3080B2704710B50FF026
:20196000C3FD042805D00FF0BFFD052801D0002067E5012065E510B5FFF7F0FF10B10CF0AF
:2019800073FD28B907F014F920B1FCF7E8FE08B1012056E5002054E510B5FFF7DFFF18B970
:2019A00007F006F9002800D001204AE52DE9FE4300250F4680460A260421404604F0D9F8B2
:2019C00040460AF0AFFE062000F038FE044616E06946062000F013FE0BE000BFBDF8040015
:2019E000B84206D00298042241460E3012F04EFF50B1684600F0E1FD0500EFD0641E002C54
:201A000006DD002DE4D005E040460AF094FEF5E705B9FFDFD8F800000AF031FB761E01D038
:201A20000028C9D0BDE8FE8390F8D81090F8730020B919B1042901D0012070470020704704
:201A4000017800290AD0416891F8E520002A05D0002281F8E520406806F00DBF70471B38C0
:201A6000E12806D2B1F5A47F03D344F29020814201D91220704700207047FB2803D840F66F
:201A80004800814201D9112070470020704770B514460546012200F053F8002806D1214614
:201AA0002846BDE87040002200F04AB870BD042803D321B9B0F5804F01D900207047012000
:201AC0007047042803D321B9B0F5804F01D9002070470120704710B500224FF4C84408E058
:201AE00030F81230A34200D9234620F81230521CD2B28A42F4D3A4E480B2C1060BD401070E
:201B00001CD481064FEAC07101D5B9B900E099B1800713D410E0410610D481060ED4C107B8
:201B20004FEA807104D0002902DB400704D405E0010703D4400701D40120704700207047F3
:201B40000AB1012200E00222024202D1880802D109B10020704711207047000030B505883E
:201B600025F4004421448CB24FF4004194420AD2121B92B21B339A4201D2A94307E005F4F5
:201B80000041214303E0A21A92B2A9431143018030BD0844083050434A31084480B2704748
:201BA00070B51D4616460B46044629463046049AFFF7EFFF0646B34200D2FFDF282120469F
:201BC00012F031FF4FF6FF70A082283EB0B265776080B0F5004F00D9FFDF618805F13C00B3
:201BE000814200D2FFDF60880835401B343880B220801B2800D21B2020800020A07770BD60
:201C00008161886170472DE9F05F0D46C188044600F12809008921F4004620F4004800F0A5
:201C200062FB10B10020BDE8F09F4FF0000A4FF0010BB0450CD9617FA8EB0600401A0838B1
:201C4000854219DC09EB06000021058041801AE06088617F801B471A083F0DD41B2F00DA5D
:201C6000FFDFBD4201DC294600E0B9B2681A0204120C04D0424502DD84F817A0D2E709EB30
:201C800006000180428084F817B0CCE770B5044600F12802C088E37D20F400402BB110444F
:201CA0000288438813448B4201D2002070BD00258A4202D30180458008E0891A0904090CD2
:201CC000418003D0A01D00F01EFB08E0637F00880833184481B26288A01DFFF73FFFE57559
:201CE000012070BD70B5034600F12804C588808820F400462644A84202D10020188270BD4E
:201D000098893588A84206D3401B75882D1A2044ADB2C01E05E02C1AA5B25C7F20443044AD
:201D2000401D0C88AC4200D90D809C8924B1002414700988198270BD0124F9E770B50446EF
:201D400000F12801808820F400404518208A002825D0A189084480B2A08129886A88114428
:201D6000814200D2FFDF2888698800260844A189884212D1A069807F2871698819B1201D6D
:201D800000F0C1FA08E0637F28880833184481B26288201DFFF7E2FEA6812682012070BD3A
:201DA0002DE9F041418987880026044600F12805B94218D004F10A0821F400402844418801
:201DC00019B1404600F09FFA08E0637F00880833184481B262884046FFF7C0FE761C61896E
:201DE000B6B2B942E8D13046BDE8F0812DE9F04104460B4627892830A68827F40041B4F81B
:201E00000A8001440D46B74201D10020ECE70AB1481D106023B1627F691D184612F062FD58
:201E20002E88698804F1080021B18A1996B200F06AFA06E0637F62880833991989B2FFF71D
:201E40008DFE474501D1208960813046CCE78188C088814201D101207047002070470189C7
:201E60008088814201D1012070470020704770B58588C38800F1280425F4004223F40041C9
:201E800014449D421AD08389058A5E1925886388EC18A64214D313B18B4211D30EE0437F7F
:201EA00008325C192244408892B2801A80B22333984201D211B103E08A4201D1002070BDA2
:201EC000012070BD2DE9F0478846C1880446008921F4004604F1280720F4004507EB0609A4
:201EE00000F001FA002178BBB54204D9627FA81B801A002503E06088627F801B801A08384B
:201F000023D4E28962B1B9F80020B9F802303BB1E81A2177404518DBE0893844801A09E032
:201F2000801A217740450ADB607FE1890830304439440844C01EA4F81280BDE8F087454595
:201F400003DB01202077E7E7FFE761820020F4E72DE9F74F044600F12805C088884620F46B
:201F6000004A608A05EB0A0608B1404502D20020BDE8FE8FE08978B13788B6F8029007EB46
:201F80000901884200D0FFDF207F4FF0000B50EA090106D088B33BE00027A07FB946307180
:201FA000F2E7E18959B1607F2944083050440844B4F81F1020F8031D94F821108170E28944
:201FC00007EB080002EB0801E1813080A6F802B002985F4650B1637F30880833184481B20B
:201FE0006288A01DFFF7BAFDE78121E0607FE18908305044294408442DE0FFE7E089B4F84E
:202000001F102844C01B20F8031D94F82110817009EB0800E28981B202EB0800E0813780BD
:2020200071800298A0B1A01D00F06DF9A4F80EB0A07F401CA077A07D08B1E088A08284F8E9
:2020400016B000BFA4F812B084F817B001208FE7E0892844C01B30F8031DA4F81F10807808
:2020600084F82100EEE710B5818800F1280321F400442344848AC288A14212D0914210D074
:20208000818971B9826972B11046FFF7E8FE50B91089283220F40040104419790079884253
:2020A00001D1002010BD184610BD00F12803407F08300844C01E1060088808B9DB1E1360CC
:2020C00008884988084480B270472DE9F04100F12806407F1C4608309046431808884D8815
:2020E000069ADB1EA0B1C01C80B2904214D9801AA04200DB204687B298183A46414612F07A
:20210000C5FB002816D1E01B84B2B844002005E0ED1CADB2F61EE8E7101A80B20119A94212
:2021200006D8304422464146BDE8F04112F0AEBB4FF0FF3058E62DE9F04100F12804407F4E
:202140001E46083090464318002508884F88069ADB1E90B1C01C80B2904212D9801AB042F5
:2021600000DB304685B299182A46404612F0BAFB701B86B2A844002005E0FF1CBFB2E41E37
:20218000EAE7101A80B28119B94206D821183246404612F0A7FBA81985B2284624E62DE93E
:2021A000F04100F12804407F1E46083090464318002508884F88069ADB1E90B1C01C80B2D1
:2021C000904212D9801AB04200DB304685B298182A46414612F086FB701B86B2A844002035
:2021E00005E0FF1CBFB2E41EEAE7101A80B28119B94206D820443246414612F073FBA81938
:2022000085B22846F0E5401D704710B5044600F12801C288808820F400431944904206D059
:20222000A28922B9228A12B9A28A904201D1002010BD0888498831B1201D00F064F8002078
:202240002082012010BD637F62880833184481B2201DFFF783FCF2E70021C181017741822F
:20226000C1758175704703881380C28942B1C28822F4004300F128021A440A60C089704799
:202280000020704710B50446808AA0F57F41FF3900D0FFDFE088A082E08900B10120A07539
:2022A00010BD4FF6FF71818200218175704710B50446808AA0F57F41FF3900D1FFDFA07D59
:2022C00028B9A088A18A884201D1002010BD012010BD8188828A914201D1807D08B10020C3
:2022E00070470120704720F4004221F400439A4207D100F4004001F40041884201D00120C7
:2023000070470020704730B5044600880D4620F40040A84200D2FFDF21884FF40040884340
:202320002843208030BD70B50C00054609D0082C00D2FFDF1DB1A1B2286800F044F8201D52
:2023400070BD0DB100202860002070BD0021026803E093881268194489B2002AF9D100F01E
:2023600032B870B500260D460446082900D2FFDF206808B91EE0044620688188A94202D0CB
:2023800001680029F7D181880646A94201D100680DE005F1080293B20022994209D32844F2
:2023A000491B026081802168096821600160206000E00026304670BD00230B608A8002684F
:2023C0000A600160704700234360021D018102607047F0B50F460188408815460C181E46CD
:2023E000AC4200D3641B3044A84200D9FFDFA019A84200D9FFDF3819F0BD2DE9F04188461B
:2024000006460188408815460C181F46AC4200D3641B3844A84200D9FFDFE019A84200D922
:20242000FFDF70883844708008EB0400BDE8F0812DE9F041054600881E461746841B884605
:20244000BC4200D33C442C8068883044B84200D9FFDFA019B84200D9FFDF688830446880B4
:2024600008EB0400E2E72DE9F04106881D460446701980B2174688462080B84201D3C01BEB
:2024800020806088A84200D2FFDF7019B84200D9FFDF6088401B608008EB0600C6E730B532
:2024A0000D460188CC18944200D3A41A4088984200D8FFDF281930BD2DE9F041C84D0446C9
:2024C0009046A8780E46A04200D8FFDF05EB8607B86A50F8240000B1FFDFB868002816D052
:2024E000304600F044F90146B868FFF73AFF05000CD0B86A082E40F8245000D3FFDFB9480C
:202500004246294650F82630204698472846BDE8F0812DE9F8431E468C1991460F4605468C
:20252000FF2C00D9FFDFB14500D9FFDFE4B200954DB300208046E81C20F00300A84200D02A
:20254000FFDF4946DFF89892684689F8001089F8017089F8024089F8034089F8044089F80F
:20256000054089F8066089F80770414600F008F9002142460F464B460098C01C20F00300A9
:20258000009012B10EE00120D4E703EB8106B062002005E0D6F828C04CF82070401CC0B23A
:2025A000A042F7D30098491C00EB8400C9B200900829E1D3401BBDE8F88310B50446EEF7A4
:2025C000A8FE08B1102010BD2078854A618802EB800092780EE0836A53F8213043B14A1C07
:2025E0006280A180806A50F82100A060002010BD491C89B28A42EED86180052010BD70B56E
:2026000005460C460846EEF784FE08B1102070BD082D01D3072070BD25700020608070BD33
:202620000EB56946FFF7EBFF00B1FFDF6846FFF7C4FF08B100200EBD01200EBD10B50446B3
:20264000082800D3FFDF6648005D10BD3EB5054600246946FFF7D3FF18B1FFDF01E0641CE0
:20266000E4B26846FFF7A9FF0028F8D02846FFF7E5FF001BC0B23EBD59498978814201D978
:20268000C0B27047FF2070472DE9F041544B062903D007291CD19D7900E0002500244FF6B2
:2026A000FF7603EB810713F801C00AE06319D7F828E09BB25EF823E0BEF1000F04D0641C6E
:2026C000A4B2A445F2D8334603801846B34201D100201CE7BDE8F041EEE6A0F57F43FF3B72
:2026E00001D0082901D300207047E5E6A0F57F42FF3A0BD0082909D2394A9378834205D9BB
:2027000002EB8101896A51F820007047002070472DE9F04104460D46A4F57F4143F20200EC
:20272000FF3902D0082D01D30720F0E62C494FF000088A78A242F8D901EB8506B26A52F839
:202740002470002FF1D027483946203050F8252020469047B16A284641F8248000F007F898
:2027600002463946B068FFF727FE0020CFE61D49403131F810004FF6FC71C01C08407047ED
:202780002DE9F843164E8846054600242868C01C20F0030028602046FFF7E9FF315D4843E3
:2027A000B8F1000F01D0002200E02A680146009232B100274FEA0D00FFF7B5FD1FB106E075
:2027C00001270020F8E706EB8401009A8A602968641C0844E4B22860082CD7D3EBE60000AE
:2027E00008080020AC4E020070B50E461D46114600F0D4F804462946304600F0D8F820446B
:20280000001D70BD2DE9F04190460D4604004FF0000610D00027E01C20F00300A04200D0ED
:20282000FFDFDDB141460020FFF77DFD0C3000EB850617B112E00127EDE7614F04F10C00FC
:20284000A9003C602572606000EB85002060606812F0E9F841463868FFF765FD3046BDE8A7
:20286000F0812DE9FF4F564C804681B020689A46934600B9FFDF2068027A424503D9416802
:2028800051F8280020B143F2020005B0BDE8F08F5146029800F082F886B258460E9900F0DE
:2028A00086F885B27019001D87B22068A14639460068FFF756FD04001FD0678025802946F7
:2028C000201D0E9D07465A4601230095FFF768F92088314638440123029ACDF800A0FFF75D
:2028E0005FF92088C1193846FFF78AF9D9F800004168002041F82840C7E70420C5E770B529
:202900002F4C0546206800B9FFDF2068017AA9420ED9426852F8251051B1002342F8253020
:202920004A880068FFF748FD216800200A7A08E043F2020070BD4B6853F8203033B9401C13
:20294000C0B28242F7D80868FFF700FD002070BD70B51B4E05460024306800B9FFDF3068FE
:20296000017AA94204D9406850F8250000B1041D204670BD70B5124E05460024306800B955
:20298000FFDF3068017AA94206D9406850F8251011B131F8040B4418204670BD10B50A4659
:2029A0000121FFF7F6F8C01C20F0030010BD10B50A460121FFF7EDF8C01C20F0030010BD87
:2029C0008000002070B50446C2F11005281911F089FF15F0FF0108D0491EC9B28020605443
:2029E0002046BDE8704011F0FCBF70BD30B505E05B1EDBB2CC5CD55C6C40C454002BF7D153
:202A000030BD10B5002409E00B78521E44EA430300F8013B11F8013BD2B2DC09002AF3D1C0
:202A200010BD2DE9F04389B01E46DDE9107990460D00044622D002460846F949FDF7CDFDDF
:202A4000102221463846FFF7DCFFE07B000606D5F34A3946102310320846FFF7C7FF1022E5
:202A600039464846FFF7CDFFF87B000606D5EC4A4946102310320846FFF7B8FF1021204667
:202A800011F0AFFF0DE0103EB6B208EB0601102322466846FFF7AAFF224628466946FDF789
:202AA0009CFD102EEFD818D0F2B241466846FFF789FF10234A46694604A8FFF797FF10235C
:202AC000224604A96846FFF791FF224628466946FDF783FD09B0BDE8F08310233A464146A9
:202AE000EAE770B59CB01E460546134620980C468DF80800202219460DF1090011F0F2FE5C
:202B0000202221460DF1290011F0ECFE17A913A8CDE90001412302AA31462846FFF781FF5D
:202B20001CB070BD2DE9FF4F9FB014AEDDE92D5410AFBB49CDE90076202320311AA8FFF7A5
:202B400070FF4FF000088DF808804FF001098DF8099054F8010FCDF80A00A088ADF80E0045
:202B600014F8010C1022C0F340008DF8100055F8010FCDF81100A888ADF8150015F8010C4B
:202B80002C99C0F340008DF8170006A8824611F0A9FE0AA883461022229911F0A3FEA048D1
:202BA0003523083802AA40688DF83C80CDE900760E901AA91F98FFF734FF8DF808808DF8E9
:202BC00009902068CDF80A00A088ADF80E0014F8010C1022C0F340008DF810002868CDF802
:202BE0001100A888ADF8150015F8010C2C99C0F340008DF81700504611F074FE5846102293
:202C0000229911F06FFE86483523083802AA40688DF83C90CDE900760E901AA92098FFF745
:202C200000FF23B0BDE8F08FF0B59BB00C460546DDE922101E461746DDE92032D0F801C0B7
:202C4000CDF808C0B0F805C0ADF80CC00078C0F340008DF80E00D1F80100CDF80F00B1F8C4
:202C60000500ADF8130008781946C0F340008DF815001088ADF8160090788DF818000DF135
:202C80001900102211F02EFE0DF129001022314611F028FE0DF139001022394611F022FEBC
:202CA00017A913A8CDE90001412302AA21462846FFF7B7FE1BB0F0BDF0B5A3B017460D4632
:202CC00004461E46102202A8289911F00BFE06A82022394611F006FE0EA82022294611F0C3
:202CE00001FE1EA91AA8CDE90001502302AA314616A8FFF796FE1698206023B0F0BDF0B564
:202D000089B00446DDE90E070D463978109EC1F340018DF8001031789446C1F340018DF81C
:202D200001101968CDF802109988ADF8061099798DF808100168CDF809108188ADF80D108D
:202D400080798DF80F0010236A46614604A8FFF74DFE2246284604A9FDF73FFCD6F80100EE
:202D60000090B6F80500ADF80400D7F80100CDF80600B7F80500ADF80A0000200390102383
:202D80006A46214604A8FFF731FE2246284604A9FDF723FC09B0F0BD1FB51C6800945B68A0
:202DA00001931368029352680392024608466946FDF713FC1FBD10B588B0044610680490A9
:202DC0005068059000200690079008466A4604A9FDF703FCBDF80000208008B010BD1FB50D
:202DE0001288ADF800201A88ADF802200022019202920392024608466946FDF7EEFB1FBD2F
:202E00007FB5074B14460546083B9A1C6846FFF7E6FF224669462846FFF7CDFF7FBD000082
:202E2000044F020070B5044600780E46012813D0052802D0092813D10EE0A06861690578A5
:202E4000042003F075F9052D0AD0782300220420616903F0C3F803E00420616903F068F963
:202E600031462046BDE8704001F084B810B500F12D03C2799C78411D144064F30102C2717F
:202E8000D2070DD04A795C7922404A710A791B791A400A718278C9788A4200D9817010BD3D
:202EA00000224A71F5E74178012900D00C21017070472DE9F04F93B04FF0000B0C690D46A7
:202EC0008DF820B0097801260C2017464FF00D084FF0110A4FF008091B2975D2DFE811F01B
:202EE0001B00C20205031D035C036F03A103B603F7031804600492049F04EB042905330595
:202F000051055C05ED053006330662067E06F8061C07E506EA0614B120781D282AD0D5F848
:202F200008805FEA08004FD001208DF82000686A02220D908DF824200A208DF82500A86992
:202F40000A90A8880028EED098F8001091B10F2910D27DD2DFE801F07C1349DEFCFBFAF91E
:202F6000F8F738089CF6F50002282DD124B120780C2801D00026EEE38DF82020CAE1042076
:202F8000696A03F0D5F8A8880728EED1204600F0ECFF022809D0204600F0E7FF032807D9F5
:202FA000204600F0E2FF072802D20120207004E0002CB8D020780128D7D198F80400C11FB1
:202FC0000A2902D30A2061E0C3E1A070D8F80010E162B8F80410218698F8060084F83200F8
:202FE000012028700320207044E00728BDD1002C99D020780D28B8D198F8031094F82F201B
:20300000C1F3C000C2F3C002104201D0062000E00720890707D198F805100142D2D198F8F2
:2030200006100142CED194F8312098F8051020EA02021142C6D194F8322098F806109043C7
:203040000142BFD198F80400C11F0A29BAD200E006E2617D81427CD8D8F800106160B8F85C
:203060000410218198F80600A072012028700E20207003208DF82000686A0D9004F12D0022
:203080000990601D0A900F300B9021E12875FDE3412891D1204600F068FF042802D1E07848
:2030A000C00704D1204600F060FF0F2884D1A88CD5F80C8080B24FF0400BE669FFF748FC61
:2030C000324641465B464E46CDF80090FFF733F80B208DF82000686A0D90E0690990002104
:2030E00008A8FFF79FFE2078042806D0A07D58B1012809D003280AD048E3052020700320C3
:2031000028708DF82060CCE184F800A032E712202070E8E11128BCD1204600F026FF042838
:2031200002D1E078C00719D0204600F01EFF062805D1E078C00711D1A07D02280ED02046B1
:2031400008E0CBE084E070E14FE122E102E1E8E019E0AEE100F009FF11289AD1102208F1FA
:20316000010104F13C0011F0BDFB607801286ED012202070E078C00760D0A07D0028C8D036
:203180000128C6D05AE0112890D1204600F0EDFE082804D0204600F0E8FE132886D104F194
:2031A0006C00102208F10101064611F09BFB207808280DD014202070E178C8070DD0A07D08
:2031C00002280AD06278022A04D00328A1D035E00920F0E708B1012837D1C80713D0A07DA7
:2031E00002281DD000200090D4E9062133460EA8FFF777FC10220EA904F13C0011F046FB30
:20320000C8B1042042E7D4E90912201D8DE8070004F12C0332460EA8616BFFF770FDE9E706
:20322000606BC1F34401491E0068C84000F0010040F08000D7E72078092806D185F80090E7
:203240008DF8209032E32870EBE30920FBE79CE1112899D1204600F088FE0A2802D1E0785A
:20326000C00704D1204600F080FE15288CD104F13C00102208F10101064611F033FB2078D3
:203280000A2816D016202070D4E90932606B611D8DE80F0004F15C0304F16C0247310EA8A6
:2032A000FFF7C2FC10220EA9304611F0EFFA18B1F6E20B20207071E22046FFF7D7FDA0781A
:2032C000216A0A18C0F11001104611F08AFB23E3394608A8FFF7A6FD06463BE20228B8D1B9
:2032E000204600F042FE042804D3204600F03DFE082809D3204600F038FE0E2829D3204674
:2033000000F033FE122824D2A07D0228A1D10E208DF82000686A0D9098F801008DF8240027
:20332000F0E3022895D1204600F01FFE002810D0204600F01AFE0128F9D0204600F015FEE6
:203340000C28F4D004208DF8240098F801008DF825005EE21128FCD1002CFAD0207817285A
:20336000F7D16178606A022911D0002101EB4101182606EBC1011022405808F1010111F0D0
:20338000B1FA0420696A00F0E3FD2670F2E50121ECE70B28DDD1002CDBD020781828D8D120
:2033A0006078616A02281CD05FF0000000EB4002102000EBC2000958B8F801000880607889
:2033C000616A02280FD0002000EB4002142000EBC2000958404650F8032F0A6040684860D0
:2033E00039E00120E2E70120EEE71128B1D1002CAFD020781928ACD16178606A022912D068
:203400005FF0000101EB41011C2202EBC1011022405808F1010111F065FA0420696A00F035
:2034200097FD1A20B6E00121ECE7082891D1002C8FD020781A288CD1606A98F801200178EB
:2034400062F347010170616AD8F8022041F8012FB8F8060088800420696A00F079FD8EE2AD
:20346000072013E63878012894D1182204F11400796811F07CFAE079C10894F82F0001EA8B
:20348000D001E07861F30000E070217D002974D12178032909D0C00725D0032028708DF8B9
:2034A0002090686A0D90412004E3607DA178884201D90620EAE502262671E179204621F086
:2034C000E001E171617A21F0F0016172A17A21F0F001A172FFF7CAFC2E708DF82090686A78
:2034E0000D900720E6E20420ADE6387805289DD18DF82000686A0D90B8680A900720ADF8A4
:2035000024000A988DF830B06168016021898180A17A817104202070F4E23978052985D1DF
:203520008DF82010696A0D91391D09AE0EC986E80E004121ADF824108DF830B01070A88CB1
:20354000D7F80C8080B24026A769FFF713FA41463A463346C846CDF80090FEF720FE00214E
:2035600008A8FFF75FFCE07820F03E00801CE0702078052802D00F200CE049E1A07D20B1EE
:20358000012802D0032802D002E10720C0E584F80080EFE42070EDE4102104F15C0002F0E0
:2035A000E8FA606BB0BBA07D18B1012801D00520FDE006202870F7486063A063BEE23878FE
:2035C000022894D1387908B12875B3E3A07D022802D0032805D022E0B8680028F5D06063D4
:2035E0001CE06078012806D0A07994F82E10012805D0E84806E0A17994F82E00F7E7B8682F
:203600000028E2D06063E078C00701D0012902D0E04803E003E0F8680028D6D0A0630620DC
:2036200011E68DF82090696A0D91E1784846C90709D06178022903D1A17D29B1012903D090
:20364000A17D032900D00720287031E138780528BBD1207807281ED084F800A005208DF89B
:203660002000686A0D90B8680A90ADF824A08DF830B003210170E178CA070FD0A27D022A4A
:203680001AD000210091D4E9061204F15C03401CFFF727FA67E384F80090DFE7D4E90923ED
:2036A000211D8DE80E0004F12C0304F15C02401C616BFFF724FB56E3626BC1F34401491E2F
:2036C0001268CA4002F0010141F08001DAE738780528BDD18DF82000686A0D90B8680A90C6
:2036E000ADF824A08DF830B0042100F8011B102204F15C0111F0F6F8002108A8FFF792FBFC
:203700002078092801D0132044E70A2020709CE5E078C10742D0A17D012902D0022927D008
:2037200038E0617808A8012916D004F16C010091D4E9061204F15C03001DFFF7BDFA0A20C8
:20374000287003268DF82080686A0D90002108A8FFF768FBDDE2C3E204F15C010091D4E9E6
:20376000062104F16C03001DFFF7A6FA0026E9E7C0F3440114290DD24FF0006101EBB010B5
:203780004FEAB060E0706078012801D01020BFE40620FFE6607801283FF4B8AC0A2052E5E7
:2037A000E178C90708D0A17D012903D10B20287004202FE028702DE00E2028706078616BE7
:2037C000012817D004F15C0304F16C020EA8FFF7E3FA2046FFF74AFBA0780EAEC0F1100162
:2037E000304411F0FEF806208DF82000686A09960D909AE004F16C0304F15C020EA8FFF7A8
:20380000CBFAE9E73978022903D139790029D1D029758FE28DF82000686A0D9058E53878D7
:203820000728F6D1D4E909216078012809D000BF04F16C00CDE90002029105D104F16C032C
:2038400004E004F15C00F5E704F15C0304F14C007A680646216AFFF765F96078012821D1C2
:20386000A078216A0A18C0F11001104611F0B9F8D4E90923606B04F12D018DE80F0004F169
:203880005C0304F16C0231460EA800E054E2FFF7CBF910220EA904F13C0010F0F7FF08B1A0
:2038A0000B20AFE485F800808DF82090686A0D908DF824A00CE538780528AAD18DF8200072
:2038C000686A0D90B8680A90ADF824A08DF830B080F80080617801291AD0D4E9093204F11F
:2038E0002D01A66B03920096CDE9011304F16C0304F15C0204F14C01401CFFF795F900219A
:2039000008A8FFF78FFA6078012805D0152041E6D4E90923611DE4E70E20287006208DF8A3
:203920002000686ACDF824B00D90A0788DF82800CEE438780328C0D1E079C00770D00F20ED
:203940002870072066E7387804286BD11422391D04F1140011F00BF8616A208CA1F8090091
:20396000616AA078C871E179626A01F003011172616A627A0A73616AA07A81F824001620B1
:2039800061E485F800A08DF82090696A50460D9190E00000044F02003878052842D1B868B4
:2039A000A8616178606A022901D0012100E0002101EB4101142606EBC1014058082102F06E
:2039C000D8F86178606A022901D0012100E0002101EB410106EBC101425802A8E169FFF7F0
:2039E0000FFA6078626A022801D0012000E0002000EB4001102000EBC1000223105802A9BE
:203A00000932FEF7F3FF626AFD4B0EA80932A169FFF7E5F96178606A022904D0012103E0FA
:203A200042E18BE0BDE0002101EB4101182606EBC101A27840580EA910F054FF6178606ABC
:203A4000022901D0012100E0002101EB410106EBC1014058A1780844C1F1100110F0C1FFE6
:203A600005208DF82000686A0D90A8690A90ADF824A08DF830B0062101706278616A022A2B
:203A800001D0012200E0002202EB420206EBC202401C8958102210F025FF002108A8FFF7F0
:203AA000C1F91220C5F818B028708DF82090686A0D900B208DF824000AE43878052870D179
:203AC0008DF82000686A0D90B8680A900B20ADF824000A98072101706178626A022901D048
:203AE000012100E0002101EB4103102101EBC30151580988A0F801106178626A022902D00D
:203B0000012101E02FE1002101EB4103142101EBC30151580A6840F8032F4968416059E04C
:203B20001920287001208DF8300077E6162028708DF830B0002108A8FFF774F9032617E1F9
:203B400014202870B0E6387805282AD18DF82000686A0D90B8680A90ADF824A08DF830B08F
:203B600080F800906278616A4E46022A01D0012200E0002202EB42021C2303EBC202401C64
:203B80008958102210F0AEFE002108A8FFF74AF9152028708DF82060686A0D908DF8246012
:203BA0003CE680E0387805287DD18DF82000686A0D90B8680A90ADF82490092101706169CC
:203BC000097849084170616951F8012FC0F802208988C18020781C28A8D1A1E7E078C007F7
:203BE00002D04FF0060C01E04FF0070C607802280AD000BF4FF0000000EB040101F10901A9
:203C000005D04FF0010004E04FF00100F4E74FF000000B78204413EA0C030B7010F8092FA3
:203C200002EA0C02027004D14FF01B0C84F800C0D2B394F801C0BCF1010F00D09BB990F866
:203C400000C0E0465FEACC7C04D028F001060670102606E05FEA887C05D528F002060670AB
:203C600013262E70032694F801C0BCF1020F00D092B991F800C05FEACC7804D02CF0010651
:203C80000E70172106E05FEA8C7805D52CF002060E701921217000260078D0BBCAB3C3BBD0
:203CA0001C20207035E012E002E03878062841D11A2019E4207801283CD00C283AD02046B7
:203CC000FFF7F1F809208DF82000686A0D9031E03878052805D0062038700326182028703E
:203CE00046E005218DF82010686A0D90B8680A900220ADF8240001208DF830000A980170C6
:203D0000297D4170394608A8FFF78CF8064618202870012E0ED02BE001208DF82000686AD7
:203D20000D9003208DF82400287D8DF8250085F814B012E0287D80B11D2020701720287026
:203D40008DF82090686A0D9002208DF82400394608A8FFF767F806460AE00CB1FE202070CF
:203D60009DF8200020B1002108A8FFF75BF810E413B03046BDE8F08F2DE9F04387B00C4680
:203D80004E6900218DF8041001202578034602274FF007094FF0050C85B1012D53D0022D2D
:203DA00039D1FE2030708DF80030606A059003208DF80400207E8DF8050063E0217901294C
:203DC00025D002292DD0032928D0042923D1B17D022920D131780D1F042D04D30A3D032DE3
:203DE00001D31D2917D12189022914D38DF80470237020899DF8041088421BD2082001E067
:203E0000FC4E02008DF80000606A059057E070780128EBD0052007B0BDE8F0831D2030709E
:203E2000E4E771780229F5D131780C29F3D18DF80490DDE7083402F804CB94E80B0082E868
:203E40000B000320E7E71578052DE4D18DF800C0656A0595956802958DF8101094F80480FB
:203E6000B8F1010F13D0B8F1020F2DD0B8F1030F1CD0B8F1040FCED1ADF804700E2028700E
:203E8000207E687000216846FEF7CCFF0CE0ADF804700B202870207E002100F01F006870AF
:203EA0006846FEF7BFFF37700020B4E7ADF804708DF8103085F800C0207E687027701146C0
:203EC0006846FEF7AFFFA6E7ADF804902B70207F6870607F00F00100A870A07F00F01F00A3
:203EE000E870E27F2A71C0071CD094F8200000F00700687194F8210000F00700A871002161
:203F00006846FEF78FFF2868F062A8883086A87986F83200A069407870752879B0700D2043
:203F20003070C1E7A9716971E9E700B587B004280CD101208DF800008DF80400002005919B
:203F40008DF8050001466846FEF76CFF07B000BD70B50C46054602F0EBF821462846BDE8FD
:203F600070407823002202F039B808B1007870470C20704770B50C0005784FF000010CD05C
:203F800021702146F1F753F969482178405D884201D1032070BD022070BDF1F748F900208A
:203FA00070BD0279012A05D000220A704B78012B02D003E0042070470A758A6102799300C6
:203FC000521C0271C15003207047F0B587B00F4605460124287905EB800050F8046C7078C3
:203FE000411E02290AD252493A46083901EB8000314650F8043C2846984704460CB1012C13
:2040000011D12879401E10F0FF00287101D00324E0E70A208DF80000706A05900021019692
:204020006846FFF7A7FF032CD4D007B02046F0BD70B515460A46044629461046FFF7C5FF00
:20404000064674B12078FE280BD1207C30B100202870294604F10C00FFF7B7FF2046FEF7A9
:2040600022FF304670BD704770B50E4604467C2110F0D9FC0225012E03D0022E04D005203E
:2040800070BD0120607000E065702046FEF70BFFA575002070BD28B1027C1AB10A4600F11E
:2040A0000C01C5E70120704710B5044686B0042002F03EF82078FE2806D000208DF80000A5
:2040C00069462046FFF7E7FF06B010BD7CB50E4600218DF804104178012903D0022903D079
:2040E000002405E0046900E044690CB1217C89B16D4601462846FFF754FF032809D13246FB
:2041000029462046FFF794FF9DF80410002900D004207CBD04F10C05EBE730B40C460146ED
:20412000034A204630BC034B0C3AFEF758BE0000404F0200FC4E020070B50D46040011D007
:2041400085B12101284610F04CFC10225449284610F0C8FB5248012108380180448045606B
:20416000002070BD012070BD70B54D4E00240546083E10E07068AA7B00EB0410817B914274
:2041800008D1C17BEA7B914204D10C22294610F07DFB30B1641C30888442EBDB4FF0FF30D5
:2041A00070BD204670BD70B50D46060006D02DB1FFF7DAFF002803DB401C14E0102070BD8B
:2041C000374C083C20886288411C914201D9042070BD6168102201EB0010314610F082FB40
:2041E0002088401C20802870002070BD2C480838008870472A4908390888012802D0401EA6
:2042000008800020704770B514460D0018D0BCB10021A170022802D0102811D105E0288881
:2042200070B10121A170108008E02846FFF79CFF002805DB401CA070A8892080002070BD21
:20424000012070BD70B5054614460E000BD000203070A878012808D005D91149A1F10801A9
:204260000A8890420AD9012070BD24B1287820702888000A5070022008700FE064B14968DB
:20428000102201EB00112046103910F02BFB287820732888000A607310203070002070BD3D
:2042A0008C0000202DE9F04190460C4607460025FE48072F00EB881607D2DFE807F00707C7
:2042C000070704040400012500E0FFDF06F81470002D13D0F548803000EB880191F827003D
:2042E000202803D006EB4000447001E081F8264006EB44022020507081F82740BDE8F081D1
:20430000F0B51F4614460E460546202A00D1FFDFE649E648803100EB871C0CEB440001EBDE
:204320008702202E07D00CEB460140784B784870184620210AE092F82530407882F825009F
:20434000F6E701460CEB410005704078A142F8D192F82740202C03D00CEB4404637001E025
:2043600082F826300CEB41042023637082F82710F0BD30B50D46CE4B44190022181A72EB5E
:20438000020100D2FFDFCB48854200DDFFDFC9484042854200DAFFDFC548401C844207DAB3
:2043A000002C01DB204630BDC148401C201830BDBF48C043FAE710B504460168407ABE4AF3
:2043C00052F82020114450B10220084420F07F40EEF733FC94F90810BDE81040C9E704203E
:2043E000F3E72DE9F047B14E803696F82D50DFF8BC9206EB850090F8264034E009EB8517A9
:204400004FF0070817F81400012806D004282ED005282ED0062800D0FFDF01F00AF90146C0
:2044200007EB4400427806EB850080F8262090F82720A24202D1202280F82720084601F092
:2044400003F92A4621460120FFF72CFF9B48414600EB041002682046904796F82D5006EB3B
:20446000850090F82640202CC8D1BDE8F087022000E003208046D0E710B58C4C2021803494
:2044800084F8251084F8261084F82710002084F8280084F82D0084F82E10411EA16044F843
:2044A000100B2074607420736073A0738449E07720750870487000217C4A103C02F81100D9
:2044C000491CC9B22029F9D30120EEF7A6FA0020EEF7A3FA012084F82200EEF7E9FC794855
:2044E000EEF7FBFC764CA41E20707748EEF7F5FC6070BDE81040EEF71DBA10B5EEF73FFAD3
:204500006F4CA41E2078EEF701FD6078EEF7FEFCBDE8104001F0C5B8202070472DE9F34F3A
:20452000624C0025803404EB810A89B09AF82500202821D0691E02916049009501EB0017F6
:20454000391D03AB07C983E80700A18BADF81C10A07F8DF81E009DF81500A046C8B1022625
:20456000554951F820400399A219114421F07F41019184B102210FE00120EEF74EFA002030
:20458000EEF74BFAEEF719FA01F08BF884F82F50A7E00426E4E700218DF81810022801D045
:2045A000012820D1039801190998081A801C9DF81C1020F07F4001B10221353181420BD262
:2045C00003208DF815000398C4F13201401A20F07F40322403900CE098F8240018B901F027
:2045E000F8F900284DD0322C03D214B101F04DF801E001F056F8324A107820B393465278BD
:20460000039B121B00219DF81840994601281BD0032819D05FF000008DF81E00002A04DDBD
:20462000981A039001208DF818009DF81C0000B102210398254A20F07F40039003AB099837
:2046400001F03BF810B110E00120E5E79DF81D0018B99BF80000032812D08DF81C50CDF8BF
:204660000C908DF818408DF81E509DF8180058B103980123811900221846EEF721FA06E059
:2046800000200BB0BDE8F08F0120EEF7C6F997F90C20012300200199EEF712FAF87BC00791
:2046A00001D0EEF7F6FA012112E00000500A0020FF7F841E0020A107504F020050080020C5
:2046C0009E0000208B5E0100E3430100FFFF3F0088F82F108AF8285020226946F74810F0E5
:2046E00046F90120CDE72DE9F05FDFF8D083064608EB860090F82550202D1FD0A8F1800000
:204700002C4600EB8617A0F50079DFF8B4B305E0A24607EB4A004478202C0AD0EEF71BFA6E
:2047200009EB04135A4601211B1D00F0C6FF0028EED0AC4202D0334652461EE0E14808B128
:20474000AFF30080EEF707FA98F82F206AB1D8F80C20411C891A0902CA1701EB12610912F5
:20476000002902DD0020BDE8F09F3146FFF7D6FE08B10120F7E733462A4620210420FFF7A0
:20478000BFFDEFE72DE9F041CC4C2569EEF7E3F9401B0002C11700EB1160001200D4FFDF84
:2047A00094F8220000B1FFDF012784F8227094F82E00202800D1FFDF94F82E60202084F8FF
:2047C0002E00002584F82F5084F8205084F82150BD4825600078022833D0032831D0002037
:2047E0002077A068401C05D04FF0FF30A0600120EEF713F90020EEF710F9EEF70CFAEEF78B
:2048000004FAEEF7DAF80FF0DBFAB048056005604FF0E0214FF40040B846C1F88002EEF76C
:20482000A6FA94F82D703846FFF75DFF0028FAD0A248803800EB871010F81600022802D0AF
:2048400006E00120CCE73A4631460620FFF72AFD84F8238004EB870090F82600202804D005
:204860009948801E4078EEF757FB207F002803D0EEF7C1F92577657740E5904910B591F8CD
:204880002D200024803901EB821100BF11F814302BB1641CE4B2202CF8D3202010BD8C4978
:2048A00001EB041108600020C87321460120FFF7F9FC204610BD10B5012801D0032800D1D3
:2048C00071B37E4A92F82D307C4C0022803C04EB831300BF13F812400CB1082010BD521C9E
:2048E000D2B2202AF6D3784A48B1022807D0072916D2DFE801F01506080A0C0E100000211D
:204900000AE01B2108E03A2106E0582104E0772102E0962100E0B52151701070002010BDD6
:20492000072010BD684810B54078EEF786F980B210BD10B5202811D2604991F82D30A1F1E2
:20494000800202EB831414F810303BB191F82D3002EB831212F81020012A01D0002010BD8E
:2049600091F82D2001460020FFF79CFC012010BD10B5EEF7F0F8BDE81040EEF75EB92DE9E5
:20498000F0410E464D4F01782025803F0C4607EB831303E0254603EB45046478944202D096
:2049A000202CF7D108E0202C06D0A14206D103EB41014978017007E000209FE403EB440001
:2049C00003EB450140784870424F7EB127B1002140F2DD30AFF300803078A04206D127B1E0
:2049E00000214FF47870AFF30080357027B1002140F2E530AFF3008001207FE410B542684F
:204A00000B689A1A1202D41702EB1462121216D4497A91B1427A82B92F4A006852F82110A7
:204A2000126819441044001D891C081A0002C11700EB11600012322801DB012010BD0020DB
:204A400010BD2DE9F04781461C48214E00EB8100984690F825402020107006F500701546E5
:204A600000EB81170BE000BF06EB04104946001DFFF7C4FF28B107EB44002C704478202CEC
:204A8000F2D1297888F8001013E000BF06EB0415291D4846FFF7B2FF68B988F80040A97BE6
:204AA00099F80A00814201D80020DEE407EB44004478202CEAD10120D7E40000D00A00200E
:204AC000FFFF3F00000000009E00002000F500405008002000000000504F02002DE9FC413A
:204AE0000E4607460024FE4D09E000BF9DF8000005EB00108168384600F0F3FD01246B464C
:204B000001AA31463846FFF79CFF0028EED02046BDE8FC8170B50446F2480125A54300EB54
:204B2000841100EB851040220FF0DCFEEE4E26B1002140F25F40AFF30080EA48803000EB31
:204B4000850100EB8400D0F82500C1F8250026B1002140F26340AFF30080284670BD2DE9F5
:204B6000FC418446DF481546089C00EB85170E4617F81400012803D0022801D00020C7E745
:204B80000B46DA4A0121604600F097FDA8B101AB6A4629463046FFF754FF70B1D1489DF8A2
:204BA00004209DF80010803000EB85068A4208D02B460520FFF7A4FB0BE02A462146042051
:204BC00014E0202903D007EB4100407801E096F8250007EB440148709DF80000202809D0A1
:204BE00007EB400044702A4621460320FFF75AFB01208DE706F8254F0120F070F3E7B84927
:204C000001EB0010001DFFF7D6BB7CB51D46134604460E4600F1080221461846EEF71AF8B2
:204C200094F908000F2804DD1F3820722068401C206096B10220AE4951F8261046182068B5
:204C40006946801B20F07F40206094F908002844C01C1F2803DA012009E00420EBE701AA0F
:204C6000EDF7F8FF9DF8040010B10098401C00900099206831440844C01C20F07F4060602E
:204C80007CBD2DE9FE430C460646097860799072207998461546507241B19248803090F8F2
:204CA0002E1020290AD00069401D0BE0D4E90223217903B02846BDE8F043A6E78D48417852
:204CC000701D084420F07F47217900222846A368FFF79BFF3946284600F003FDD4E9023292
:204CE00021796846FFF791FF41462846019CFFF7F5FE2B4622460021304600F0DEFC002809
:204D000003D13146284600F0ECFCBDE8FE832DE9FE4F814600F0A1FC30B1002799F800008C
:204D200020B10020BDE8FE8F0127F7E76D4D6E4C4FF0000A803524B1002140F2D640AFF3F8
:204D4000008095F82D8085F823A0002624B1002140F2DB40AFF300801FB94046FFF7DAFEA2
:204D6000804624B1002140F2E340AFF30080EDF7F2FE43466A464946FFF783FF24B10021F6
:204D800040F2E940AFF3008095F82E0020280CD029690098401A0002C21700EB12600012E9
:204DA00003D5684600F09DFC012624B1002140F2F340AFF3008095F823000028BBD124B107
:204DC000002140F2F940AFF30080EDF7C4FE6B46464A002100F071FC0028A3D027B94146BE
:204DE0006846FFF77BFE064326B16846FFF7E3FAC9F8080024B1002140F20C50AFF3008086
:204E000001208FE72DE9F04F89B08B46824600F024FC344C803428B39BF80000002710B13A
:204E2000012800D0FFDF304D25B1002140F28250AFF300802A49012001EB0A18A9460790D9
:204E40005FEA090604D0002140F28A50AFF30080079800F0F9FB94F82D50002084F823008C
:204E600067B119E094F82E000127202800D1FFDF9BF800000028D6D0FFDFD4E72846FFF7EA
:204E800049FE054626B1002140F29450AFF3008094F823000028D3D126B1002140F29E50BD
:204EA000AFF30080EDF757FE2B4602AA59460790FFF7E7FE98F80F005FEA060900F0010081
:204EC0008DF8130004D000214FF4B560AFF300803B462A4602A9CDF800A007980CE000003F
:204EE00050080020500A002000000000FFFF3F00504F02009E000020FFF731FE064604EBC4
:204F0000850090F828000090B9F1000F04D0002140F2AF50AFF3008000F08BFB0790B9F114
:204F2000000F04D0002140F2B550AFF3008094F82300002884D1B9F1000F04D0002140F208
:204F4000BD50AFF300800DF1080C9CE80E00C8E90112C8F80C304EB35FEA090604D0002170
:204F600040F2CA50AFF300800098B84312D094F82E0020280ED126B1002140F2CF50AFF382
:204F800000802846FFF7AFFB20B99BF80000D8B3012849D0B9F1000F04D0002140F2EC502E
:204FA000AFF30080284600F03DFB01265FEA090504D0002140F2F550AFF30080079800F09E
:204FC00043FB25B1002140F2F950AFF300808EB194F82D0004EB800090F82600202809D0C9
:204FE00025B100214FF4C060AFF30080F9484078EDF792FF25B1002140F20560AFF3008017
:2050000009B03046BDE8F08FFFE7B9F1000F04D0002140F2D750AFF3008094F82D205146BE
:205020000420FFF73FF9C0E7002E3FF409AF002140F2E250AFF3008002E72DE9F84FE64D3E
:20504000814695F82D004FF00008E44C4FF0010B474624B1002140F21360AFF30080584625
:2050600000F0F2FA85F8237024B100214FF4C360AFF3008095F82D00FFF74CFD064695F8F4
:20508000230028B1002CE4D0002140F21E604BE024B1002140F22260AFF30080CE4880389E
:2050A00000EB861111F81900032856D1334605EB830A4A469AF82500904201D1012000E018
:2050C000002000900AF125000021FFF758FC01460098014203D001228AF82820AF77E1B3F9
:2050E00024B1002140F22760AFF30080324649460120FFF7D7F89AF828A024B1002140F270
:205100003260AFF3008000F094FA834624B1002140F23760AFF3008095F8230038B1002CEE
:2051200097D0002140F23B60AFF3008091E7BAF1000F07D095F82E00202803D13046FFF7AC
:20514000D2FAE0B124B1002140F24F60AFF30080304600F067FA4FF0010824B100214FF4B1
:20516000CB60AFF30080584600F06EFA24B1002140F25C60AFF300804046BDE8F88F002C08
:20518000F1D0002140F24A60AFF30080E6E70020EDF71CBC0120EDF719BC8E4800787047A7
:2051A0002DE9F0418C4C94F82E0020281FD194F82D6004EB860797F82550202D00D1FFDF49
:2051C0008549803901EB861000EB4500407807F8250F0120F87084F82300294684F82E501A
:2051E000324602202234FFF75DF80020207004E42DE9F0417A4E784C012538B1012821D0E0
:20520000022879D003287DD0FFDFF0E700F03DFAFFF7C6FF207E00B1FFDF84F821500020D2
:20522000EDF7FBFBA168481C04D0012300221846EDF746FC14F82E0F217806EB01110A6832
:20524000012154E0FFF7ACFF0120EDF7E6FB94F8210050B1A068401C07D014F82E0F2178A6
:2052600006EB01110A68062141E0207EDFF86481002708F10208012803D002281ED0FFDFFB
:20528000B5E7A777EDF7B7FC98F80000032801D165772577607D534951F8200094F820101A
:2052A00051B948B161680123091A00221846EDF707FC022020769AE7277698E784F8205033
:2052C00000F0E3F9A07F50B198F8010061680123091A00221846EDF7F3FB257600E02776D7
:2052E00014F82E0F217806EB01110A680021BDE8F041104700E005E036480078BDE8F04178
:20530000EDF70ABEFFF74CFF14F82E0F217806EB01110A680521EAE710B52F4C94F82E0058
:20532000202800D1FFDF14F82E0F21782C4A02EB01110A68BDE81040042110477CB5264C99
:20534000054694F82E00202800D1FFDFA068401C00D0FFDF94F82E00214901AA01EB001074
:20536000694690F90C002844EDF774FC9DF904000F2801DD012000E00020009908446168AB
:20538000084420F07F41A16094F82100002807D002B00123BDE8704000221846EDF790BB6A
:2053A0007CBD30B5104A0B1A541CB3EB940F1FD3451AB5EB940F1BD3934203D9101A4318E7
:2053C0005B1C15E0954211D9511A0844401C43420EE000009C000020D00A00200000000064
:2053E00050080020504F0200FF7F841EFFDF0023184630BD0123002201460220EDF760BB7A
:205400000220EDF70ABBEDF7A6BB2DE9FC47BA4C054694F82E00202800D1FFDF642D58D365
:20542000B64A0021521B71EB010052D394F82E20A0462046DFF8C89290F82D7009EB0214D6
:20544000D8F8000001AA28446946EDF703FC9DF90400002802DD0098401C0090A06800990D
:2054600062684618B21A22F07F42B2F5800F30D208EB8702444692F82520202A0AD009EB40
:2054800002125268101A0002C21700EB1260001288421EDBA068401C10D0EDF75CFBA1687F
:2054A000081A0002C11700EB11600012022810DD0120EDF7B2FA4FF0FF30A0602068284458
:2054C000206026F07F402061012084F82300BDE8FC870020FBE72DE9F047874C074694F813
:2054E0002D00A4F1800606EB801010F8170000B9FFDF94F82D50A046824C24B100214FF437
:205500000760AFF3008040F67C0940F6850A06EB851600BF16F81700012818D0042810D0F5
:2055200005280ED006280CD01CB100214846AFF3008020BF002CEDD000215046AFF3008017
:20554000E8E72A4639460120FEF7ACFEF2E74FF0010A4FF00009454624B1002140F68C001F
:20556000AFF30080504600F06FF885F8239024B1002140F69100AFF3008095F82D00FFF75D
:20558000C9FA064695F8230028B1002CE4D0002140F697001FE024B1002140F69B00AFF33D
:2055A000008005EB860000F1270133463A462630FFF7E5F924B1002140F69F00AFF30080CC
:2055C00000F037F8824695F8230038B1002CC3D0002140F6A500AFF30080BDE785F82D60C0
:2055E000012085F82300504600F02EF8002C04D0002140F6B200AFF30080BDE8F08730B512
:2056000004463D480D4690F82D003B49803901EB801010F8140000B9FFDF394800EB0410C7
:20562000C57330BD344981F82D00012081F82300704710B5344808B1AFF30080EFF3108020
:2056400000F0010072B610BD10B5002804D12F4808B1AFF3008062B610BD2D480068C005C9
:20566000C00D10D0103840B2002804DB00F1E02090F8000405E000F00F0000F1E02090F862
:20568000140D400970470820704710B51A4C94F82400002804D1F6F7D3F9012084F82400B8
:2056A00010BD10B5144C94F82400002804D0F6F7F0F9002084F8240010BD10B51C685B68DD
:2056C000241A181A24F07F4420F07F40A14206D8B4F5800F03D2904201D8012010BD00202D
:2056E00010BDD0E90032D21A21F07F43114421F07F41C0E900317047D00A0020FF1FA107BC
:205700005008002000000000000000000000000004ED00E02DE9F041044680074FF00005E4
:205720004FF001060CD56B48056006600EF0D1F920B16948016841F48061016024F0020480
:20574000E0044FF0FF3705D564484660C0F8087324F48054600003D56148056024F0804487
:20576000E0050FD55F48C0F80052C0F808735E490D60091D0D605C4A04210C3211600661F4
:2057800024F48074A00409D558484660C0F80052C0F808735648056024F40054C4F3803022
:2057A000C4F3C031884200D0FFDF14F4404F14D050484660C0F808734F488660C0F8005256
:2057C000C0F808734D490D600A1D16608660C0F808730D60166024F4404420050AD54848CA
:2057E00046608660C0F80873C0F848734548056024F400640EF0BEFA4348044200D0FFDFD4
:20580000BDE8F081F0B50022202501234FEA020420FA02F1C9072DD051B2002910DB00BF53
:205820004FEA51174FEA870701F01F0607F1E02703FA06F6C7F88061BFF34F8FBFF36F8F12
:205840000CDB00BF4FEA51174FEA870701F01F0607F1E02703FA06F6C7F8806204DB01F1BA
:20586000E02181F8004405E001F00F0101F1E02181F8144D02F10102AA42C9D3F0BD10B5C7
:20588000224C20600846F6F7F2F92068FFF742FF2068FFF7B7FF0DF0B1FE00F01AF90EF054
:2058A00069FA0EF0B4F9EDF703FBBDE810400DF055BF10B5154C2068FFF72CFF2068FFF7A5
:2058C000A1FF0EF057FAF6F793FA0020206010BD0A207047FC1F00403C17004000C0004023
:2058E00004E50140008000400485004000D0004004D5004000E0004000F0004000F5004047
:2059000000B0004008B50040FEFF0FFDA000002070B526490A680AB30022154601244B68B9
:205920005B1C4B60092B00D34D600E7904FA06F30E681E420FD0EFF3108212F0010272B6BD
:2059400000D001220C689C430C6002B962B649680160002070BD521C092AE0D3052070BDBD
:205960004FF0E0214FF48000C1F800027047EFF3108111F0010F72B64FF0010202FA00F2D6
:205980000A48036842EA0302026000D162B6E7E706480021016041607047012181400348AA
:2059A0000068084000D0012070470000A40000200120810708607047012188074160002190
:2059C000C0F8001118480170704717490120087070474FF08040D0F80001012803D01248A8
:2059E0000078002800D00120704710480068C00700D0012070470D480C300068C00700D0A0
:205A0000012070470948143000687047074910310A68D20306D5096801F00301814201D14C
:205A20000120704700207047AC000020080400400021017008467047014600200870704772
:205A4000EFF3108101F0010172B60278012A01D0012200E000220123037001B962B60AB1F9
:205A6000002070474FF400507047E9E7EFF3108111F0010F72B64FF00002027000D162B6ED
:205A800000207047F2E700002DE9F04115460E460446002700F0E7F8A84215D300234120CA
:205AA0000FE000BF94F84220A25CF25494F84210491CB1FBF0F200FB12115B1C84F84210D2
:205AC000DBB2AB42EED3012700F0D9F83846BDE8F081704910B5802081F800046E4900209C
:205AE00081F8420081F84100433181F8420081F84100433181F8420081F841006748FFF7BA
:205B000097FF6648401CFFF793FFEDF73FF9BDE8104000F0B4B8402070475F4800F0A3B8E7
:205B20000A4601465C48AFE7402070475A48433000F099B80A46014657484330A4E7402192
:205B400001700020704710B504465348863000F08AF82070002010BD0A4601464E4810B5BC
:205B60008630FFF791FF08B1002010BD42F2070010BD70B50C460546412900D9FFDF4848C8
:205B80000068103840B200F050F8C6B20D2000F04CF8C0B2864203D2FFDF01E0EDF746F961
:205BA000224629463C48FFF76FFF0028F6D070BD2DE9F041394F002506463F1D57F82540BB
:205BC000204600F041F810B36D1CEDB2032DF5D33148433000F038F8002825D02E4800F0C4
:205BE00033F8002820D02C48863000F02DF800281AD0EDF7F1F82948FFF722FFB0F5005FB8
:205C000000D0FFDFBDE8F0412448FFF72FBF94F841004121265414F8410F401CB0FBF1F2C1
:205C200001FB12002070D3E751E7002804DB00F1E02090F8000405E000F00F0000F1E0207B
:205C400090F8140D4009704710F8411F4122491CB1FBF2F302FB13114078814201D101204B
:205C600070470020704710F8411F4078814201D3081A02E0C0F141000844C0B2704710B5AF
:205C80000648FFF7DDFE002803D1BDE81040EDF78EB810BD0DE000E0000B0020B000002035
:205CA00004ED00E070B5154D2878401CC4B26878844202D0F6F741F92C7070BD2DE9F0416B
:205CC0000E4C4FF0E02600BFF6F72CF920BF40BF20BF677820786070D6F80052EBF790FBC3
:205CE000854305D1D6F8040210B92078B842EBD0F6F713F90020BDE8F0810000C00000200D
:205D00002DE9F041012528034FF0E0210026C1F88001BFF34F8FBFF36F8F1F4CC4F8006183
:205D20000C2000F02CF81D4801680268C94341F3001142F010020260C4F804532560491CF7
:205D400000E020BFD4F80021002AFAD019B9016821F010010160124807686560C4F8085340
:205D6000C4F800610C2000F00AF83846BDE8F08110B50446FFF7C4FF2060002010BD0028F7
:205D800009DB00F01F02012191404009800000F1E020C0F88012704700C0004010ED00E083
:205DA00008C500402DE9F047FF4C0646FF21A06800EB061211702178FF2910D04FF0080955
:205DC00009EB011109EB06174158C05900F0F4F9002807DDA168207801EB0611087026705F
:205DE000BDE8F08794F8008045460DE0A06809EB05114158C05900F0DFF9002806DCA06865
:205E0000A84600EB08100578FF2DEFD1A06800EB061100EB08100D700670E1E7F0B5E24B8E
:205E20000446002001259A680C269B780CE000BF05EB0017D75DA74204D106EB0017D759AF
:205E40008F4204D0401CC0B28342F1D8FF20F0BD70B5FFF7D8FAD44C08252278A16805EBA8
:205E60000212895800F0A8F9012808DD2178A06805EB01114058BDE87040FFF7BBBAFFF79D
:205E80008CF9BDE87040EDF747B82DE9F041C64C2578FFF7B8FAFF2D6ED04FF00808A268E4
:205EA00008EB0516915900F087F90228A06801DD80595DE000EB051109782170022101EB32
:205EC0000511425C5AB1521E4254815901F5800121F07F4181512846FFF764FF34E0042307
:205EE000012203EB051302EB051250F803C0875CBCF1000F10D0BCF5007F10D9CCF3080209
:205F000050F806C00CEB423C2CF07F4C40F806C0C3589A1A520A09E0FF2181540AE082594B
:205F200002EB4C3222F07F428251002242542846FFF738FF0C21A06801EB05114158E068E5
:205F400050F82720384690472078FF2814D0FFF75AFA2278A16808EB02124546895800F06A
:205F60002BF9012893DD2178A06805EB01114058BDE8F041FFF73EBABDE8F081F0B51D4647
:205F800014460E460746FF2B00D3FFDFA00700D0FFDF8548FF210022C0E90247C570067129
:205FA0000170427082701046012204E002EB0013401CE154C0B2A842F8D3F0BD70B57A4C1F
:205FC000064665782079854200D3FFDFE06840F825606078401C6070284670BD2DE9FF5F6F
:205FE0001D468B460746FF24FFF70DFADFF8B891064699F80100B84200D8FFDF00214FF0F2
:2060000001084FF00C0A99F80220D9F808000EE008EB0113C35CFF2B0ED0BB4205D10AEBB2
:20602000011350F803C0DC450CD0491CC9B28A42EED8FF2C02D00DE00C46F6E799F8031015
:206040008A4203D1FF2004B0BDE8F09F1446521C89F8022008EB04110AEB0412475440F848
:2060600002B00421029B0022012B01EB04110CD040F801204FF4007808234FF0020C45456B
:2060800013D9E905C90D02D002E04550F2E7414606EB413203EB041322F07F42C250691AD6
:2060A0000CEB0412490A81540BE005B9012506EB453103EB041321F07F41C1500CEB041182
:2060C000425499F800502046FFF76CFE99F80000A84201D0FFF7BCFE3846B4E770B50C46F7
:2060E0000546FFF790F9064621462846FFF796FE0446FF281AD02C4D082101EB0411A8681D
:206100004158304600F058F800F58050C11700EBD14040130221AA6801EB0411515C09B1A7
:2061200000EB4120002800DC012070BD002070BD2DE9F04788468146FFF770FE0746FF28BA
:206140001BD0194D2E78A8683146344605E0BC4206D0264600EB06121478FF2CF7D10CE0B4
:20616000FF2C0AD0A6420CD100EB011000782870FF2804D0FFF76CFE03E0002030E6FFF7DF
:206180003FF941464846FFF7A9FF0123A968024603EB0413FF20C854A878401EB84200D10E
:2061A000A87001EB041001E0CC0B002001EB061100780870104613E6081A0002C11700EBC6
:2061C00011600012704700005E4800210170417010218170704770B5054616460C46022083
:2061E000ECF776FB5749012008705749F01E086056480560001F046070BD10B50220ECF77F
:2062000067FB50490120087051480021C0F80011C0F80411C0F808114E494FF40000086087
:2062200010BD48480178D9B14B4A4FF4000111604749D1F800310022002B1CBFD1F8043104
:20624000002B02D0D1F8081119B142704FF0100104E04FF001014170404909688170027060
:206260004FF00000ECF734BB10B50220ECF730FB34480122002102703548C0F80011C0F8E8
:206280000411C0F80811026010BD2E480178002904BF407870472E48D0F80011002904BF64
:2062A00002207047D0F8001100291CBFD0F80411002905D0D0F80801002804BF01207047B9
:2062C000002070471F4800B50278214B4078C821491EC9B282B1D3F800C1BCF1000F10D007
:2062E000D3F8000100281CBFD3F8040100280BD0D3F8080150B107E0022802D0012805D046
:2063000002E00029E4D1FFDF002000BD012000BD0C480178002904BF807870470C48D0F8A0
:20632000001100291CBFD0F80411002902D0D0F8080110B14FF01000704708480068C0B2AE
:2063400070470000C200002010F5004008F5004000F0004004F5014008F5014000F4004046
:206360004C48002101704170704770B5064614460D460120ECF7ACFA47480660001D046051
:20638000001D056070BD70B5424901250D7040EA0241424A41F080711160414C0026C4F800
:2063A0000461404A4FF040711160002802BFC4F80052256070BD012818BFFFDFC4F80062E8
:2063C00025604FF000703849086070BD3148017879B1344A4FF0407111603149D1F8042110
:2063E0000021002A08BF417002D0304A1268427001700020ECF76CBA26480178002904BFF5
:20640000407870472648D0F80401002808BF704726480068C0B27047002808BF704730B5A2
:206420001C480078002808BFFFDF1D48D0F80411002918BF30BD0224C0F80443DFF870C058
:20644000DCF80010C1F30015DCF8001041F01001CCF80010D0F80411002904BF4FF4004148
:206460004FF0E02207D100BFC2F8801220BFD0F80431002BF8D02DB9DCF8001021F010013D
:20648000CCF80010C0F8084330BD05490120886070470000C500002008F5004004F50040CF
:2064A00000F0004008F5014004F5014000F4004010ED00E010B5FF480024012144700470A9
:2064C00044728472C17280F82540C462846318300EF0B8FBF849601E0860091D0860091D1F
:2064E0000C60091D0860091D0C60091D0860091D0860091D0860091D0860091D0860091D24
:206500000860091D0860091D0860091D086010BDEA48016801F00F01032904BF0120704739
:20652000006800F00F00042804BF0220704700B5FFDF012000BD10B5DE4C0168A1614168B8
:20654000E161007A84F82000207E48B1207FF7F751FEA07E011C18BF0121207FF7F73EFE73
:20656000607E002808BF10BD607FF7F743FEE07E011C18BF0121607FBDE81040F7F72EBE51
:2065800030B500250446012904D002290CBF4FF08075FFDF45F4847040F48010C849086037
:2065A00044F44030091D40F00070086030BD30B500250446012904D002290CBF4FF080759C
:2065C000FFDF45F4847040F48010BD49086044F44030091D40F000700860BA48D0F80001DD
:2065E000002818BFFFDF30BD2DE9F04102254FF0E02801240026C8F88051BFF34F8FBFF3FE
:206600006F8FB148066004600DF063FAAF4F18B1386840F4806038600DF031FA38B138689B
:2066200020F0770040F0880040F0004038600DF03EFA30B1A648016821F47F4141F4B0519B
:206640000160A549A34808600DF031FA994948B1A24881F821500560A24AA1481060121FE6
:20666000A14810604FF01020806CB0F1FF3F04D09E4A136860F3174313609D4A40F25B605C
:206680001060121F40F203101060101F04608B4A032010609748046091F82120002A14BF9F
:2066A0004FF4C022944A42F46022944B1A60954B934A1A601B1F944A1A60026822F44072CB
:2066C0000260026842F480720260C8F880527D4A1020C2F8040381F83160CE62BDE8F081CA
:2066E0008A48016821F0010141F0807101607047704A0368C2F802308088D080117270476F
:206700006C4B10B51A7A8A4208D101460622981C0EF0BCF8002804BF012010BD002010BD29
:20672000644890F825007047624A517010707047F0B50546800000F1804000F580508B88AC
:20674000C0F820360B78D1F8011043EA0121C0F8001605F10800012707FA00F66C4C002AB2
:2067600004BF2068B04304D0012A18BFFFDF206830432060206807FA05F108432060F0BDB5
:206780000DF04EBC4B4890F832007047614AC178116000686049000208607047252808BF53
:2067A00002210ED0262808BF1A210AD0272808BF502106D00A2894BF0422062202EB400150
:2067C000C9B2564A116056490860704739498A7A012A49D0022A18BF70474B7E002B08BF30
:2067E0007047012A44D0CB7E4A7F13F1000C18BF4FF0010C242318444A4B18604A4B0020F9
:20680000C3F84C0110028CF0010240EA025040F0031291F82000830003F1804303F5C04340
:20682000C3F81025414A8B7F02EB8000DA0002F1804202F5F832C2F81405DFF8F4C0C2F89E
:2068400010C5C97FCA0002F1804202F5F832C2F814052D48C2F81005012000FA03F288408C
:2068600034491043086070470B7E002BB9D170478B7E0A7F002B14BF4FF0010C4FF0000C0D
:206880001123B8E72DE9F0410E4E804603200D46C6F80002074F97F82100002814BF4FF442
:2068A000C02015482349086028460DF0E7FB012442E00000DC0B0020000E00401015004079
:2068C0001415004000100040FC1F00403C170040401700402C000089781700406015004041
:2068E000448000409CF50140281100408C15004038150040501600400000040408F50140EF
:2069000040800040A4F50140101100407417004040160040241500401C1500400815004094
:20692000541500404C85004000800040006000404C81004004F50140B8F1000F03D0B8F1C2
:20694000010F16D018E00DF0B2F878B1F94A11685006022DD0F820030CBFC0F30660C0F3B6
:20696000062021F4FE4141EA00201060BC72346002E00220B8727460EF48C464EF48006820
:206980002946BDE8F04121E72DE9F0410D46EC4907460320C1F80002EA4C94F821000028A5
:2069A00014BF4FF4C020E848E84E306028460DF065FB17B1012F1CD024E00DF078F878B1A2
:2069C000DC490A684806022DD0F820030CBFC0F30660C0F3062022F4FE4242EA00200860F1
:2069E0000120A072A06B40F48010A0634FF4801007E00220A072A06B40F40010A0634FF40F
:206A000000103060ECF742F92946BDE8F041DDE62DE9F74FCA4C804682B003200E46C4F813
:206A20000002C84D95F82100002814BF4FF4C020C548C64F386004980DF020FBDFF810A37B
:206A40004FF00109B8F1000F47D0B8F1010F18BFFFDF5BD0BF480660C049BF480860A86B8D
:206A600040F40020A863D4F800824FF0100AC4F808A30025C4F80052B9484FF4802BC0F8CF
:206A800000B0C4F80051C4F80C51C4F81051C4F80451C4F81451C4F818510DF008F8002887
:206AA00018BFC4F82851AF4800680090C4F80082C7F800B0C4F804A34FF4002038609E48EA
:206AC000C0F84C909D480068B04228BFFFDF3046049905B0BDE8F04F78E60CF0E8FF80B100
:206AE000944A0498116853060228D3F820030CBFC0F30660C0F3062021F4FE4141EA0020D6
:206B00001060CAF8004085F80A90A3E79648CAF800000220A8729DE72DE9F041894C06469A
:206B2000002594F8310017468846002808BFFFDF16B1012E16D021E094F83100012808D0E0
:206B400094F83020394640460DF0A5FAE16A451814E094F830103A4640460DF0DAFAE16A2E
:206B600045180BE094F8310094F8301001283A46404609D00DF0F5FAE16A45183A462946B9
:206B80003046BDE8F04143E70DF0A5FAE16A4518F4E72DE9F84F6A4CD4F8000220F00B095B
:206BA000D4F804034FF0100AC0F30018C4F808A30026C4F80062634D95F82100002814BFDA
:206BC0004FF4C020604840F4602165480160A97A0127012902D0022903D015E0297E11B97C
:206BE00012E0697E81B1A97FEA7F07FA01F107FA02F21143016095F82000800000F180407E
:206C000000F5C040C0F81065FF208DF80000C4F81061276105E000BF9DF80000401E8DF8DD
:206C200000009DF8000018B1D4F810010028F3D09DF80000002808BFFFDFC4F810610CF0A3
:206C400036FF002818BFC4F828616E72AE72EF72C4F80092B8F1000F18BFC4F804A3BDE875
:206C6000F88FFF2008B58DF8000035480021C0F810110121016104E09DF80010491E8DF8BC
:206C800000109DF8001019B1D0F810110029F3D09DF80000002808BFFFDF08BD0068334995
:206CA00020F07F40086070474FF0E0200221C0F8801100F5C070BFF34F8FBFF36F8FC0F81E
:206CC000001170474FF0E0210220C1F80001704727490870704727490860704770B505467B
:206CE000EBF7D4FF174C2844E16A884298BFFFDF01202074EBF7CAFF4119616194F821009D
:206D000040B1084460610E48D0F8001241F04001C0F8001208490020C1F844011649606972
:206D20000860A06B094940F48000A0634FF48000086070BD88150040008000404C850040D1
:206D400000100040DC0B00200000040404F50140ACF501404885004048810040A8F50140C4
:206D600008F5014018110040041000403C150040C7000020041500404485004070B50546CE
:206D80000E460220FE4C2074FE48016801F00F01032908BF012207D0006800F00F0004286F
:206DA0000EBF0222FFDF012294F8310094F8301001281AD028460DF01BFA606194F8210057
:206DC00048B1616908446061EF48D0F8001241F04001C0F80012ED490020C1F84401616978
:206DE000E06A0844EA49086070BD334628460DF0CDF9E2E7E7494FF480000860E048816B53
:206E000021F480018163002101747047C20002F1804202F5F832E04BC2F81035C2F8141506
:206E200001218140DD480160D548826B114381637047D64801214160C1600021C0F84411C0
:206E4000D3480160CE48C162704710B504460CF02EFE00281CBFCA4880F82140D048046025
:206E6000C948D0F8001241F04001C0F8001210BDC54810B5D0F8001221F04001C0F8001256
:206E80000CF015FEC649002818BF0220086010BDBD48D0F8001221F01001C0F80012012191
:206EA00081617047B8480021C0F81C11D0F8001241F01001C0F800127047B34981B0D1F8A0
:206EC0001C21012A1EBF002001B07047B54A126802F07F02524202700020C1F81C01B24803
:206EE00000680090012001B07047F0B517460C00064608BFFFDFA24D14F0010F2F731CBF92
:206F0000012CFFDF002E0CBF012002206872EC7201281CBF0228FFDFF0BD2DE9F84FDFF805
:206F20008C9299F80000042828BFFFDFDFF85CA2DAF84C119748924C00264FF00108D9B1F8
:206F4000A17A012902D0022903D015E0217E11B912E0617E81B1A17FE27F08FA01F108FA44
:206F600002F21143016094F82010890001F1804101F5C041C1F810658648A16B0160A66307
:206F8000217C002019B1DAF84411012900D00021A27A7D4F012A6CD0022A72D0D7F810117B
:206FA00001290CBF1021002141EA00058048016811F0FF0F03D0D7F81411012900D0002138
:206FC00084F83210006810F0FF0F03D0D7F81801012800D0002084F833007648006884F858
:206FE0003400FFF752F9012818BF002084F83500C7F80061C7F80C61C7F81061C7F80461AB
:20700000C7F81461C7F818610CF051FD002818BFC7F828616848006800905C48C0F84461CA
:2070200066480068DFF868A10090DAF80000A06294F8211000291CBF401AA06260480068C9
:20704000E0625048016801F00F01032908BF012007D0006800F00F0004280EBF0220FFDFA1
:20706000012084F83000A07A84F83100022824D116E0D7F80C01012814BF002008208DE7D3
:20708000FFE7D7F80C01012814BF002002204D4A1268012A14BF04220022104308437DE797
:2070A000607850B14849096809780840217831EA000008BF84F8248001D084F8246015F0BB
:2070C000020F0AD0EBF7E2FDA16A404A081A99F80010490852F82110884715F0010F18BF25
:2070E0004FF0000B12D000BFEBF7D0FDE16A99F80020081A364951F822205946904700BF99
:2071000099F8000010F0010F2FD10CE015F0020F18BF4FF0010BE7D115F0080F18BF4FF0C0
:20712000020BE1D1ECE7DFF8A0B0DBF80000007800F00F00072828BF84F8256015D2DBF87B
:207140000000062200F10901A01C0DF09FFB40B9207ADBF800100978B0EBD11F08BF01204F
:2071600001D04FF0000084F82500E17A4FF0000011F0020F1CBF15F0020F15F0040F29E0A0
:20718000DC0B00201015004000100040008000404485004008F501400411004004F501409D
:2071A00060150040481500401C110040C700002040160040101400401811004044810040C1
:2071C000408500400014004004150040684F0200B04F020019D111F0100F1CBF94F833207F
:2071E000002A02D094F835207AB111F0080F1CBF94F82420002A08D111F0040F02D094F84F
:20720000251011B115F0010F01D04FF00100617A19B1A0B1FFF7BDFC17E094F821000028E0
:2072200014BF4FF4C021964996480160D7F8000220F00300C7F8000284F80B8005E001297E
:207240000DD0022918BFFFDF12D015F0010F1AD08D4899F8001050F82100804734E06672FE
:2072600084F80B8084F80A809621227B002007E0667284F80B800220A072227B962101201E
:20728000FFF74AFCE1E715F0020F08D07F4999F8002028EA950051F82210884714E015F099
:2072A000080F06D07A4899F8001050F8210080470AE015F0100F08BFFFDF05D0754899F878
:2072C000001050F821008047A07A022818BFBDE8F88F207C002808BFBDE8F88F6E49C1F800
:2072E0004461022814D0012818BFFFDFE16A6069884298BFFFDF6069CAF80000A06B6749A4
:2073000040F48000A0634FF480000860BDE8F88F6169E06A0844EFE738B50024604D002843
:2073200018BFC5F800425F4800685F498A7A012A02D0022A03D018E00A7E12B915E04A7EB8
:207340009AB18B7F012291F81FC002FA03F302FA0CF21A434B4B1A6091F82010890001F1C0
:20736000804101F5C041C1F810450121FFF72EFAC5F80041C5F80C41C5F81041C5F80441EF
:20738000C5F81441C5F818410CF091FB002818BFC5F8284145480068009038BD012804BFB2
:2073A00028207047022804BF1820704700B5FFDF282000BD012804BF41F6A4707047022842
:2073C00004BF41F28830704700B5FFDF41F6A47000BD10B5022807D001280EBF42F6CE30BB
:2073E000FFDF41F66A0010BD0CF03CFB30B90CF046FB002808BF41F6583001D041F26430A2
:2074000041F29A01084410BD012812BF02280020704700B5FFDF002000BD21490820C1F8CF
:207420000002214890F82110002914BF4FF4C0211349144A11601F4A1D491160121D1E4907
:2074400011601F4A1D491160121D1E491160134A4FF4602111600221817270471A4801684A
:2074600003291BBF00680228012000207047164801680B291BBF00680A2801200020704715
:207480000000040408F50140704F0200804F0200904F0200A04F02000080004004F5014048
:2074A0000010004040850040DC0B0020181100400011004098F50140141000401C11004017
:2074C000A8F50140101000405015004010B53F4822210DF086FA3D480024017821F0100179
:2074E0000170012105F0CAFE39494FF6FF7081F82240888437490880488010BD704734494E
:207500008A8C824218BF7047002081F822004FF6FF70888470472D49016070472D49088045
:2075200070472B498A8CA2F57F43FF3B03D0002101600846704791F822202549012A1ABFE0
:207540000160012000207047214901F1220091F82220012A04BF00207047012202701D48CA
:2075600000888884104670471A49488070471849184B8A8C5B889A4206D191F82220002A23
:207580001EBF016001207047002070471048114A818C5288914209D14FF6FF71818410F8F5
:2075A000221F19B10021017001207047002070470748084A818C5288914205D190F82200A4
:2075C00000281CBF00207047012070473E0C0020180C0020C80000207047574A012340B1F6
:2075E000012818BF704713700868906088889081704753700868C2F802008888D080704713
:207600004D4A10B1012807D00EE0507860B1D2F802000860D08804E0107828B1906808601A
:20762000908988800120704700207047424910B1012803D006E0487810B903E0087808B1A7
:20764000012070470020704730B58DB00C4605460D2104A80DF0E7F9E0788DF81F00207970
:207660008DF81E0060798DF81D002868009068680190A8680290E868039068460CF058F8EC
:2076800020789DF82F1088420CD160789DF82E10884207D1A0789DF82D10884202BF0120F4
:2076A0000DB030BD00200DB030BD30B50C4605468DB04FF0030104F1030012B1FEF73AFA70
:2076C00001E0FEF756FA60790D2120F0C00040F04000607104A80DF0A6F9E0788DF81F0028
:2076E00020798DF81E0060798DF81D002868009068680190A8680290E868039068460CF023
:2077000017F89DF82F0020709DF82E0060709DF82D00A0700DB030BD10B5002904464FF080
:20772000060102D0FEF706FA01E0FEF722FA607920F0C000607110BDCC000020FE48406868
:2077400070472DE9F0410F46064601461446012005F0EFF9054696F85500FFF72BFE4AF262
:20776000B12108444FF47A71B0FBF1F0718840F271225143C0EB4100001BA0F2653402F0BB
:20778000A9FF002818BF1E3CAF4234BF28463846A04203D2AF422CBF3C462C467462BDE816
:2077A000F0812DE9FF4F95B0044690F8550089461090DDE9171008431190E0480026057875
:2077C0000C2D28BFFFDFDE4F37F8158094F874510C2D28BFFFDFDA4830F8150040441FFA6F
:2077E00080F894F865000D280CBF012000200B901798002804BF94F8140103282BD10B983F
:2078000048B3B4F89601484525D1D4F81C01C4F80801608840F2E2414843C4F80C01B4F8BC
:207820006201B4F8EE100844C4F81001204602F05BFFB4F89A01E08294F898016075B4F821
:207840009C016080B4F89E01A080B4F8A001E080022084F81401D4F86C010F90D4F86801D3
:207860000D90B4F8EE70B4F86001D4F85C110591179921B194F8281151B100F0DDB804F1C2
:20788000E801099174310A9104F5A475091D07E004F59E710991091D0A9104F59675091D79
:2078A0000C91B4F85810A9EB0000A9EB01010FFA80FA0FFA81FBBAF1000F05DAD4F8580127
:2078C00005900120DA461190002004909B480079E8B3F4F7F1F9D0B3B4F80001022836D34E
:2078E00094F81401022832D094F82B0178BB94F87481B8F10C0F28BFFFDF914830F81800AD
:2079000000F5C8601FFA80F894F8140101287DD0608840F2E24141430020B8F1000F05D034
:20792000884808FB01F1B1FBF0F0401C07EB0B01A1EB0A02D4F81C1180B2431A049902FBE2
:2079400003110491C4F81C01012084F82B0194F81401002874D0012800F03B82022800F0DF
:207960008E81032818BFFFDF00F068820498311A0598FCF7FEFC0A99012640F271220860D6
:207980000C98A0F80090002028702E710A980068A8606188D4F81C015143C0EB41006749B0
:2079A000A0F235300862C969814287BF09990860099801600998616A0068084400F2A51058
:2079C000E86002F087FE10B1E8681E30E8606E71B4F8D800A0EB090000B20028C4BF0320CA
:2079E00068710B980028189800F07F82D8B100BFB4F8001100290CBF0020B4F80201A4F8DE
:207A0000020194F80421401C504300E019E0884209D26879401E002805DD6E71B4F802016E
:207A2000401CA4F802011798002800F0818294F82801002800F0788219B00220BDE8F08FAB
:207A400065E094F86800032857D03B4894F8551090F8300005F083F9E18A40F2712251433A
:207A600000EB41010020D4F80C21B8F1000F06D0344808FB02F2B2FBF0F000F10100D4F874
:207A80000831D4F81021A0EB030C049BC4F8080102FB0C334FF0000007D000BF294808FB2D
:207AA00001F1B1FBF0F000F10100D4F81811C4F81801A0EB01011944608840F2E24300FB68
:207AC00003F34FF0000006D01E4808FB03F3B3FBF0F000F1010007EB0B03A3EB0A03A3EB93
:207AE0000202D4F81C31A2F10102A0EB030302FB03110491C4F81C0126E7E18A40F2712286
:207B0000D4F80C0101FB02F100EB4101AAE70D98002808BFFFDF94F85510074890F8300075
:207B200005F01DF90790E18A40F271204143079800EB4101002007E0600C0020DC00002096
:207B4000C04F020040420F00B8F1000F07D000BFFF4808FB01F1B1FBF0F000F10100C4F8BF
:207B60001801618840F2E24001FB00F14FF0000006D0F74808FB01F1B1FBF0F000F10100FB
:207B8000C4F81C0186B221464FF00100D4F828A004F0CFFF074694F85500FFF70BFC4AF270
:207BA000B12B58444FF47A78B0FBF8F0618840F271225143C0EB4100801BA0F2653602F09D
:207BC00089FD002818BF1E3EBA4534BF38465046B04203D2BA452CBF56463E46666294F899
:207BE0005500FFF711FC00F2E140B0FBF8F10D980E1894F85500FFF707FC074694F85500B3
:207C0000FFF7D8FB38444AF2AB310844B0FBF8F1E28A40F2712042430798D4F8187100EB94
:207C20004200401AC01B3044A0F12006617D40F2E24011FB00FA94F855000090FFF7BAFB4E
:207C40005844B0FBF8F000EB470000EB0A070098FFF7A4FB384400F16201BE48C16194F816
:207C60005500FFF7D1FB00F2E140B0FBF8F10D980844301AB0F53D7F98BFFFDF76E6E18AAE
:207C800040F27122D4F80C01514300EB41010020B8F1000F07D000BFAD4808FB01F1B1FB81
:207CA000F0F000F10100C4F81801608840F2E24100FB01F14FF0000006D0A54808FB01F1FC
:207CC000B1FBF0F000F10100C4F81C0186B221464FF00100D4F828A004F02BFF804694F86A
:207CE0005500FFF767FB4AF2B12B00EB0B014FF47A70B1FBF0F0618840F271225143C0EB22
:207D00004100801BA0F2653602F0E4FC002818BF1E3EC24534BF40465046B04203D2C24549
:207D20002CBF5646464666620FBB1898F8B194F855603046FFF73EFB00EB0B014FF47A703B
:207D4000B1FBF0F0D4F81811E28A084440F27123D4F80C115A4301EB42010F1A3046FFF7DA
:207D60001DFB0F99081A3844A0F120060AE0E28A40F27121D4F80C01514300EB4100D4F86F
:207D80001811461AD4F81021D4F80811D4F8180101FB020A607D40F2E24110FB01F894F8C9
:207DA00055000746FFF706FB00EB0B014FF47A70B1FBF0F000EB4A0080443846FFF7EEFA25
:207DC000404400F160016348C161012084F81401CCE5618840F27122D4F81C015143C0EBC7
:207DE000410101FB0AF6D4F8101107EB0B02521AD4F808C1D4F81831521E0CFB013102FB9D
:207E0000001A607D40F2E24110FB01F894F855000746FFF7CFFA4AF2B12101444FF47A70A5
:207E2000B1FBF0F000EB4A0080443846FFF7B6FA404400F160014748C16197E5618840F27B
:207E40007122D4F81C015143C0EB410000FB0AF694F8640024281CBF94F8650024280BD1FB
:207E6000B4F89601A9EB000000B2002804DB94F89901002818BF10901198D8B1D7B90F9844
:207E800000281ABF0D980028FFDF94F85500FFF791FA4AF2B12101444FF47A70B1FBF0F0C8
:207EA000361A94F85500FFF779FA0F99081A3044A0F12006D4F81C1107EB0B0000FB01F74A
:207EC0001098FFF777FA4AF2B12101444FF47A70B1FBF0F000EB47071098FFF75FFA3844DB
:207EE00000F160011B48C16140E500287FF480AD94F8140100283FF496AD618840F27122D1
:207F0000D4F81C015143C0EB4101284604F08CFD0004000C3FF487AD2299002918BF088052
:207F2000012019B0BDE8F08F94F86401FDF785F894F864012946FCF765FF20B1179880F02A
:207F4000010084F8290119B00020BDE8F08F000040420F00DC00002070B5FE4C607A00286F
:207F60001CBF002070BD94F8340038B1A16B606A884203D9F7F74DFB002070BDA06AE8B18E
:207F8000F6F7E6FB0546F6F767FA284442F210714618FCF7EDFC05462946E06AFDF701FA2C
:207FA000E562A16A8219914224BF081AA06205D20120A062F7F72DFB002070BD012070BD4F
:207FC000F8B5E44C02460025E34E6168606A052A4ED2DFE802F003353A3D4400A07A002757
:207FE00060B101216846FDF7A5FD9DF8000042F210710002B0FBF1F201FB1207F6F7A8FB8B
:20800000C119A069FCF7B5F9A0612574032060757079002814BF012003202075607A38B9C2
:20802000207B04F11001FCF7EDFE002808BFFFDF2584FCF7A7FBB079BDE8F840EAF76CBFA4
:20804000BDE8F840002100F0B9BDC1F86801F8BDD1F86801BDE8F840012100F0AFBD84F8DC
:208060003450FCF78FFBB079BDE8F840EAF754BFFFDFF8BD2DE9F04FDFF8D882044683B06F
:2080800098F800008B4601270025B34E4FF00209032804BF98F80C00A04240F0E780D8F814
:2080A0000400B06198F80000032818BFFFDF0324BBF1080F80F0D680DFE80BF0040F313154
:2080C0002CD4D4CBC8F82450F6F712FF002818BFFFDFB47003B0BDE8F08FF6F7BDF904460A
:2080E000D8F81C00A04228BFC8F81C4005D2201AFDF78BF9C8F81C4038B1F7F772FA00289F
:2081000018BFFFDF03B0BDE8F08F03B00020BDE8F04F55E703B0BDE8F04FFEF7FEBE7079AF
:208120004FF0010A002814BF0120032088F8140088F8105098F8340042F2107B68B14FF463
:208140007A71D8F81800FCF714F9C8F81800002108F1100004F068FC1CE001216846FDF732
:20816000DFFC9DF800000002B0FBFBF10BFB110AF6F7EEFA00EB0A018A46D8F81800FCF75F
:20818000F8F8C8F81800514608F1100004F04CFC00F1010AB8F82000411C0A293CBF504450
:2081A000A8F82000D8F8040038B1B8F82000401C0A2828BF88F8159001D288F8154098F8A0
:2081C000090070BB98F8340040B1D8F83810D8F82400884202D9F7F71CFA22E0D8F8280007
:2081E00058B3F6F7B5FA0446F6F736F9204400EB0B09FCF7BDFB04462146D8F82C00FDF7C3
:20820000D0F8C8F82C40D8F8281000EB0902914224BF081AC8F828000FD2C8F82870F7F785
:20822000F8F998F80C00FCF784FB88F80050B07903B0BDE8F04FEAF76FBE98F80C0008F10C
:208240001001FCF7DFFD002808BFFFDF03B0BDE8F08F98F80C00FCF76CFB88F8005003B021
:20826000BDE8F08FFFDF03B0BDE8F08F202C28BFFFDFDFF8E880072138F81400FAF736FA48
:208280005FEA000A08BFFFDF202C28BFFFDF38F81400BAF80010884218BFFFDF5446C6F8F8
:2082A00018A04FF0200ABBF1080F80F04981DFE80BF0049EA8A8A1F3F2F1C4F8685135814A
:2082C000C4F86C5194F8290138B9FCF751FBD4F83411FDF766F800281BDCB4F82611B4F82E
:2082E0005800814206D1B4F8DC10081AA4F8DE00204605E0081AA4F8DE00B4F82611204628
:20830000A4F85810D4F85011C4F83411C0F858111DE0B4F82411B4F85800081AA4F8DE008C
:20832000B4F824112046A4F85810D4F83411C4F85011C4F85811D4F83C11C4F8E810D4F806
:208340004011C4F85C11B4F84411A4F8601102F0A7F805E0600C0020DC0000209C0C0020CF
:20836000FCF7E0FA804694F85500FFF723F84AF2B12108444FF47A71B0FBF1F0D4F81C116B
:2083800040F27122084461885143C0EB4100A0F1300AB8F1B70F98BF4FF0B708214601204C
:2083A00004F0C7FB4044AAEB0000A0F21A38A2462146012004F0BDFB00F19C01DAF824006A
:2083C000884288BF451AC6F81080454528BF4546F560D4F85401A0F2A5107061FCF7AEFFB5
:2083E00084F8287186F8029003B0BDE8F08F02F06CF901E0FEF791FD84F8287103B0BDE859
:20840000F08FFCF7B5FAD4F8582101461046FCF7C8FF48B1628840F27123D4F81C115A4360
:20842000C1EB4201B0FBF1F094F865100D290FD0B4F85820B4F8261113189942AEBF481CCD
:20844000401C1044A4F8260194F82A0178B905E0B4F82601401CA4F8260108E0B4F826012F
:20846000B4F8DC10884204BF401CA4F82601B4F862010DF1040B401CA4F86201B4F8800015
:20848000B4F87E10401AB4F85810401E08441FFA80F912E046E03EE052E000231A462046A7
:2084A000CDF800B0FFF77DF9002804BF03B0BDE8F08F012818BFFFDF25D0B4F82611A9EBCF
:2084C000010000B20028E8DA082084F8740084F87370204601F0A6FD84F8145194F864516C
:2084E0004FF6FF77202D00D3FFDF28F8157094F86401FCF71EFA84F864A1B07903B0BDE820
:20850000F04FEAF709BDB4F82601BDF804100844A4F82601D1E7FEF7A4FB03B0BDE8F04FE7
:20852000FEF7FBBC94F81401042818BFFFDF84F8145194F864514FF6FF77202DD5D3D3E781
:20854000FFDF03B0BDE8F08F10B5FA4C207850B101206072F7F775F82078032805D0207A42
:20856000002808BF10BD0C2010BD207BFCF765FD207BFCF7B0FF207BFCF7DBF9002808BFC8
:20858000FFDF0020207010BD2DE9F04FE94F83B0387801244FF0000840B17C720120F7F7B6
:2085A00050F83878032818BF387A0DD0DFF8889389F8034069460720FAF721F8002818BF9D
:2085C000FFDF4FF6FF7440E0387BFCF736FD387BFCF781FF387BFCF7ACF9002808BFFFDFCE
:2085E00087F80080E2E7029800281CBF90F8141100292AD00088A0421CBFDFF840A34FF008
:20860000200B3AD00721FAF771F8040008BFFFDF94F86401FCF75FFF84F8148194F8645166
:208620004FF6FF76202D28BFFFDF2AF8156094F86401FCF77EF984F864B169460720F9F725
:20864000DEFF002818BFFFDF12E06846F9F7B5FF0028C8D011E0029800281CBF90F8141121
:20866000002905D00088A0F57F41FF39CAD104E06846F9F7A2FF0028EDD089F8038087F8C1
:20868000348087F80B8003B00020BDE8F08F70B50446AB4890F80004AA4D400995F8001456
:2086A0004909884218BFFFDF95F8140D4009A64991F800144909884218BFFFDF9E4900208E
:2086C00001228C7188700A7048700A71C870487198490870BDE8704056E7974908707047EA
:2086E0002DE9F843934C064688462078002867D19648FCF7C2F82073202861D003276660B1
:208700002770002565722572AEB1012106F58270FDF72FFA0620F9F791FF81460720F9F720
:208720008DFF96F804114844B1FBF0F200FB1210401C86F80401FCF7F5F840F2F6518842D1
:2087400038BF40F2F65000F59F7086B2F5F784FEE061F5F7FDFF4FF00109002833D084F8E7
:208760000A90FCF705F9814601216846FDF7D8F99DF8000042F210710002B0FBF1F201FB3C
:20878000120081194846FBF7F4FDA061C4E90A8969484079002814BF012003202075677561
:2087A0002574207B04F11001FCF72CFB002808BFFFDF25840020F6F744FF0020BDE8F8835F
:2087C0000C20BDE8F883FCF7D3F83146FBF7D1FDA061A57284F83490A8F28B50A562A06381
:2087E000D6E75549487170475349487070475249087170472DE9F0414F4C06462089401CA5
:208800002081D4E903516078D6F8687120B13A46284604F03DF90546E068854205D0616945
:20882000281A08446061FCF789FDE560AF4209D896F81401012805D0E078002804BF012054
:20884000BDE8F0810020BDE8F08110B504460846FEF7B0FD4AF2B12108444FF47A71B0FB9A
:20886000F1F040F2E241614300F2353081428CBF081A002010BD70B5044682B0002084F86D
:20888000280194F8E600002807BF94F81401032802B070BDFCF76CF8D4F85821014610466B
:2088A000FCF77FFD0028DCBF02B070BD628840F27123D4F81C115A43C1EB4201B0FBF1F0E6
:2088C000B4F85810401C0844A4F82401B4F8DC00B4F82421801A00B20028DCBF02B070BDB4
:2088E000012084F82A01B4F88000B4F87E2001AE801A401E084485B212E00096B4F82411A7
:20890000002301222046FEF74CFF002804BF02B070BD01281CD0022812BFFFDF02B070BDD4
:20892000B4F82401281A00B20028BCBF02B070BDE3E70000600C0020DC0000209C0C0020D6
:2089400001E000E00BE000E019E000E075800100B4F82401BDF804100844A4F82401DFE74F
:20896000F8B50422002506295BD2DFE801F007260319192A044680F8142107E00446B74838
:20898000C078002818BF84F814210AD0FBF7FAFEA4F86251B4F85800A4F8260184F82A511E
:2089A000F8BD0095B4F8DC10012300222046FEF7F8FE002818BFFFDFE8E7032180F81411D1
:2089C000F8BD0646876AB0F81C01314685B2012004F0AFF8044696F85500FEF7EBFC4AF231
:2089E000B12108444FF47A71B0FBF1F0718840F271225143C0EB4100401BA0F2653501F0E9
:208A000069FE002818BF1E3DA74234BF20463846A84228BF2C4602D2A74228BF3C46746296
:208A2000F8BDFFDFF8BD2DE9F0478C4CA178022906BF21890029BDE8F087A569C5F86C0199
:208A400095F85500FEF7AAFCD5F86C11081AE1680144E160216908442061A56995F82B0140
:208A6000002808BFBDE8F08795F81401032818BFBDE8F08795F8558024780C2C28BFFFDF30
:208A8000774E36F8147095F874410C2C28BFFFDF36F81400384495F8747184B20C2F28BF98
:208AA000FFDF36F8170000F5C86087B24046FEF775FCD5F86C110E1A4046FEF77BFC4FF4AA
:208AC0007A7900F2E730B0FBF9F0361A4046FEF765FCD5F8E810A1EB000A4046FEF76AFC9E
:208AE0004AF2B1210844B0FBF9F0AAEB0000A0F160016143B1FBF7F1292202EB50006031B0
:208B0000A0EB510200EB5100B24201D8B04201D8F3F753F9688840F2E241414300202CB1A7
:208B200004FB01F04F49B0FBF1F0401CC5F81C01002085F82B01BDE8F08770B50546474807
:208B400090F802C0BCF1020F07BF806900F5B474454800F12404002904BF256070BD4FF4BA
:208B60007A7601290DD002291CBFFFDF70BD1046FEF72FFC00F2E140B0FBF6F0281A206011
:208B800070BD1846FEF740FC00F2E140B0FBF6F0281A206070BD3448007800281CBF00206F
:208BA000704710B50720F9F73BFD80F0010010BD2D480078002818BF012070472DE9F84397
:208BC000294C0025814684F83450D4F8188084F83010E5722570012727722946606803F03D
:208BE00089FA6168C1F85881267B81F86461C1F86891C1F85C81B1F80080202E28BFFFDF34
:208C00001A4820F81680646884F814510023A4F860511A46194620460095FEF7C2FD002891
:208C200018BFFFDFC4F81051C4F8085184F81471A4F82651A4F8245184F82A51B4F858002D
:208C4000401EA4F85800A4F86251FBF79BFD03488079BDE8F843EAF75FB90000DC000020D0
:208C6000C04F020040420F00600C00209C0C00202DE9F0410E46044604F01DFC054620465B
:208C800004F01DFC044603F08FFFF94F010015D0386990F854208A4210D090F8AC311BB154
:208CA00090F8AE3123421FD02EB990F85130234201D18A4218D890F8AC01A8B1284603F027
:208CC00073FF70B1396991F85520824209D091F8AC0118B191F8AF01284205D091F8AC0117
:208CE00010B10120BDE8F0810020FBE730B5E04C85B0E06900285ED0142168460BF093FE26
:208D0000206990F85500FEF755FB4FF47A7100F5FA70B0FBF1F5206990F85500FEF73EFBF6
:208D20002844ADF8060020690188ADF80010B0F85810ADF804104188ADF8021090F88E01F5
:208D400030B1A069C11C039104F096FA8DF81000206990F88D018DF80800E16968468847AC
:208D60002069002180F88E1180F88D110399002921D090F88C1100291DD190F864102729DE
:208D800019D09DF81010039A002914D013780124FF2B12D0072B0ED102290CD15178FF29C5
:208DA00009D100BF80F88C410399C0F890119DF8101080F88F1105B030BD1B29F2D9FAE781
:208DC00070B5AB4C206990F865001B2800D0FFDF2069002580F88D5090F8C00100B1FFDF35
:208DE000206990F88E1041B180F88E500188A0F8C41180F8C2510E2108E00188A0F8C411EE
:208E000080F8C251012180F8C6110D2180F8C0110088F9F79DFDF9F735FA2079EAF77CF8C0
:208E2000206980F8655070BD70B5914CA07980072CD5A078002829D162692046D37801698C
:208E40000D2B01F158005FD00DDCA3F102034FF001050B2B19D2DFE803F01A184450612771
:208E6000182C183A6400152B6FD008DC112B4BD0122B5AD0132B62D0142B06D166E0162BCA
:208E800071D0172B70D0FF2B6FD0FFDF70BD91F867200123194603F05DFD0028F6D1216942
:208EA000082081F8670070BD1079BDE8704001F0B6BC91F86600C00700D1FFDF01F06EFC7C
:208EC000206910F8661F21F00101017070BD91F86500102800D0FFDF2069112180F88D50E7
:208EE00008E091F86500142800D0FFDF2069152180F88D5080F8651070BD91F86500152859
:208F000000D0FFDF172005E091F86500152800D0FFDF1920216981F8650070BDBDE870408B
:208F20004EE7BDE8704001F04EBC91F864200123002103F00FFD00B9FFDF0E200FE011F89E
:208F4000660F20F0040008701DE00FE091F864200123002103F0FEFC00B9FFDF1C20216988
:208F600081F8640070BD12E01BE022E091F86600C0F30110012800D0FFDF206910F8661F58
:208F800021F010010170BDE8704001F007BC91F864200123002103F0DDFC00B9FFDF1F2041
:208FA000DDE791F86500212801D000B1FFDF2220B0E7BDE8704001F0FDBB2D48016991F817
:208FC0006620130702D501218170704742F0080281F866208069C07881F8C90001F0D5BB31
:208FE00010B5234C21690A88A1F8042281F8020291F8540001F0BDFB216981F8060291F8CB
:20900000550001F0B6FB216981F80702012081F80002002081F8AC012079BDE81040E9F7FD
:209020007BBF10B5124C01230921206990F86420583003F08FFC38B12169002001F87C0FD3
:20904000087301F8180C10BD0120A07010BD70B5074D012329462869896990F86420097990
:209060000E2A01D1122905D000241C2A05D006E000010020BDE87040D3E7142902D0202A28
:2090800008D009E080F8644080F88840BDE8704001F0E8BB162906D0262A01D1162902D082
:2090A000172909D00CE000F8644F80F82440407821280CD01A2017E090F86520222A07D0E6
:2090C000EA69002A03D0FF2901D180F88E3149E780F8654001F062FB286980F87D4090F826
:2090E000AC010028F3D00020BDE8704078E72DE9F843FD4C206990F86410202908D000279D
:2091000090F86510222905D07FB300F1640503E00127F5E700F1650510F8961F41F0040171
:209120000170A06904F0D3F94FF00108002608B33946A069FFF79CFDE0B16A46A1692069E1
:2091400003F041FD90B3A06904F0BFF92169A1F89601B1F8581001F0F2FA40B32069282179
:2091600080F8741080F8738048E0FFE70220A070BDE8F883206990F8AC0110B11E20FFF775
:209180002FFFAFB1A0692169C07881F8CA0008FA00F1C1F3006000B9FFDF20690A2180F869
:2091A000641090F8880040B9FFDF06E009E01AE02E7001F0F3FAFFF700FF206980F87D603C
:2091C000D6E7206990F8AC0118B10020FFF708FF2E70206900F1650180F87D608D420DD1AE
:2091E00080F865600AE020699DF8001080F898119DF8011080F8991124202870206900F1DB
:2092000065018D4203D1BDE8F84301F0C7BA80F88860ADE770B5B44C01230B21206990F879
:209220006520583003F096FB202650BB20690123002190F86520583003F08CFB0125F0B1A8
:20924000206990F8640024281BD0A06904F01DF9C8B1206990F8961041F0040180F89610CB
:20926000A1694A7902F0070280F85120097901F0070180F8501090F8AD311BBB06E0A570B3
:2092800070E6A6706EE6BDE8704096E690F8AC31C3B900F154035E788E4205D11978914234
:2092A00002D180F87D500DE000F5FD710D7002884A8090F850200A7190F8510048712079D7
:2092C000E9F72AFE2169212081F86500BDE8704001F05BBA70B58448006990F84E20448E60
:2092E000C38E418FB0F84050022A23D0A94200D329460186C18FB0F84220914200D31146EB
:209300008186018FB0F84420914200D311464186818FB0F84620914200D31146C186418EB5
:20932000A14200D90C464486C18E994200D90B46C38617E6028E914200D31146C68F828EC9
:20934000964200D23246A94200D329460186B0F842108A4200D30A468286002180F84E104F
:20936000CFE770B5604C206990F8660010F0300F04D0A07840F00100A070F3E5A06904F0AE
:2093800069F848B32569A06904F060F828872569A06904F057F868872569A06904F058F83B
:2093A000A8872569A06904F04FF8E887A0794FF00102800703D56069C07814280FD02069DE
:2093C00090F864101C290AD090F84E1001290DD090F8A31151B906E0BDE87040EDE52069A9
:2093E00080F84E2002E090F8A21131B1206910F8661F41F01001017016E090F8661041F09A
:20940000200180F8661000F5DA7103888B86038FCB86438F0B87838F4B87C08F888781F85F
:2094200032202079E9F778FDBDE8704001F0ADB970B52D4C206990F86610890707D590F827
:20944000642001230821583003F084FAE8B1206990F89000800712D4A06903F0D7FF21693F
:2094600081F89100A06930F8052FA1F892204088A1F8940011F8900F40F002000870206962
:2094800090F89010C90703D00FE00120A07069E590F86600800700D5FFDF206910F8661F55
:2094A00041F00201017001F070F92069002590F86410062906D180F8645080F888502079E8
:2094C000E9F72AFD206990F894110429DFD180F894512079E9F720FD206990F86410002951
:2094E000D5D180F888503DE50001002070B5FB4C01230021206990F86520583003F02AFA4D
:20950000012578B9206990F86520122A0AD001230521583003F01EFA10B10820A07021E56C
:20952000A5701FE5206990F88E0008B901F02DF92169A069F03103F04AFF2169A069C03127
:2095400003F050FF206990F8C80100B1FFDF21690888A1F8CA0101F5E671A06903F025FF75
:209560002169A06901F5EA7103F027FF206980F8C851142180F865102079BDE87040E9F7E4
:20958000CBBC70B5D54C01230021206990F86520583003F0DFF90125A8B1A06903F0D1FE86
:2095A00098B1A0692169B0F80D00A1F89601B1F8581001F0C4F858B12069282180F8741055
:2095C00080F87350CEE4A570CCE4BDE87040F4E4A0692169027981F89821B0F80520A1F806
:2095E0009A2103F0A1FE2169A1F89C01A06903F09EFE2169A1F89E01A06903F09FFE2169E1
:20960000A1F8A0010D2081F86500ABE47CB5B34CA079C00738D0A06901230521C578206945
:2096200090F86520583003F095F968B1AD1E0A2D06D2DFE805F0090905050909050509091B
:20964000A07840F00800A070A07800281CD1A06903F040FE00286ED0A0690226C5781DB1A1
:20966000012D01D0162D18D1206990F8640003F059F990B1206990F864101F290DD02029D1
:2096800003D0162D16D0A6707CBD262180F86410162D02D02A20FFF7A3FC0C2D58D00CDC0F
:2096A0000C2D48D2DFE805F033301D44A8A8489F57A836392020A0707CBD0120152D6ED008
:2096C00008DC112D6CD0122D6CD0132D64D0142D31D179E0162D7DD0182D7ED0FF2D2AD157
:2096E00084E020690123194690F86720583003F031F9F8B9A06903F051FE216981F87A01CC
:20970000072081F8670079E001F033F976E0FFF738FF73E001F00DF970E0206990F8651029
:20972000112901D0A67069E0122180F8651065E0FFF7DCFE62E05FE0206990F86500172854
:20974000F0D101F02BF821691B2081F8650055E0FFF76EFE52E0206990F86600C00703D0B7
:20976000A07840F0010022E06946A06903F055FE9DF8000000F02501206900F8961F9DF82A
:20978000011001F04101417000F0FFFF206910F8661F41F0010113E0FFF743FC2EE016E071
:2097A0001EE0FFE7216991F86610490701D5A07024E000F0EAFF206910F8661F41F00401DD
:2097C00001701BE006E008E0FFF7CBFD16E001F07DF813E0FFF71EFD10E0FFF788FC0DE0DA
:2097E00001F053F80AE0FFF732FC07E0E16919B1216981F88E0101E0FFF7DFFB2069F0E97F
:209800002A12491C42F10002C0E900127CBD70B5324CA07900074AD5A078002847D12069BB
:2098200090F8CC00FE2800D1FFDF2069FE21002580F8CC1090F86510192906D180F88D5073
:2098400000F0ACFF206980F86550206990F864101F2902D0272921D119E090F8650003F0FD
:2098600061F878B120692621012380F8641090F865200B21583003F06DF878B92A20FFF7FC
:20988000AFFB0BE02169202081F8640006E0012180F88D1180F8645080F88850206990F8E1
:2098A0006710082903D10221217080F8CC100EE40A49096991F898210AB991F8542081F8F2
:2098C000542091F899210AB991F8552081F85520002802D00020FFF783BB704700010020FC
:2098E00070B5FC4C06460D46206990F8CC00FE2800D0FFDF2269002082F8CC6015B1A2F8FA
:209900008A00BDE422F8840F01201071B8E470B5F04C01230021206990F86420583003F07B
:2099200019F800286AD0206990F8A21111B190F8A31139B190F8AC1100295ED090F8AD1126
:2099400019B35AE090F8651024291CD090F86410242918D05FF0000300F5CC7200F5D171DE
:2099600003F0ABF82169002081F8A20101461420FFF7B6FF206930F8421FA0F88C10818816
:20998000A0F88E103FE00123E6E790F8652001230B21583002F0DEFF78BB206990F8540035
:2099A00000F0E7FE0546206990F8550000F0E1FE0646206990F8AE11284600F0CCFE50B10D
:2099C000206990F8AF11304600F0C5FE18B10020FFF706FB11E020690123032190F86520DE
:2099E000583002F0B7FF40B920690123022190F86520583002F0AEFF08B1002040E400211C
:209A00001620FFF76DFF01203AE410B5F0BBB14C206990F86610CA0702D00121092051E05C
:209A20008A070AD501210C20FFF75AFF206910F8901F41F00101017046E04A0702D50121C5
:209A400013203FE00A0705D510F8C91F41710121072037E011F0300F3AD090F8A311A9B9DF
:209A600090F8A211D9B190F8651024292ED090F8641024292AD0002300F5CC7200F5D17109
:209A800003F01BF8206910F8661F00E020E021F0200141F010010170002180F83C11206976
:209AA00090F86600C00613D5FFF714FC00F0DAFE206930F8421FA0F88C108188A0F88E10B7
:209AC00001211520FFF70CFF012010BD0123D3E7002010BD70B57F4C206990F8CC10FE2971
:209AE00078D1A178002975D190F8672001231946583002F02FFF00286CD1206990F878115C
:209B000049B10021A0F8821090F8791180F8CE10002102205BE090F865200123042158303C
:209B200002F018FF0546FFF770FF002852D1284600F083FF00284DD120690123002190F8A5
:209B40006420583002F006FF78B120690123042190F86520583002F0FDFE30B9206990F88B
:209B60007C0010B10021122031E0206990F864200A2A0DD0002D2DD101230021583002F0B4
:209B8000E9FE78B1206990F8941104290AD105E010F8CA1F01710021072018E090F8900057
:209BA000800718D0FFF7B3FE002813D120690123002190F86420583002F0CCFE002809D064
:209BC000206990F88C01002804D00021FF20BDE8704085E609E000210C20FFF781FE2069B7
:209BE00010F8901F41F00101017050E43EB505466846FDF796FC00B9FFDF222100980AF0F8
:209C0000F0FE0321009803F04DFB0098017821F010010170294603F06AFB2E4C0D2D40D030
:209C20000BDCA5F102050B2D19D2DFE805F01F184819191F185518192400152D5DD008DCDC
:209C4000112D25D0122D0BD0132D09D0142D06D153E0162D29D0172D68D0FF2D72D0FFDF4F
:209C6000FDF772FC002800D1FFDF3EBD2169009891F8CE1017E0E26800981178017191883A
:209C80004171090A81715188C171090A0172E7E70321009803F035FC0621009803F035FCEB
:209CA000DEE7009806210171DAE70098D4F8101091F8AE21027191F8AF114171D0E7216962
:209CC0000098F83103F092FB21690098C43103F097FBC5E700010020F849D1E90001CDE928
:209CE0000101206901A990F8960000F025008DF80400009803F0BFFBB2E72069B0F8441010
:209D0000009803F08FFB2069B0F8D010009803F08DFB2069B0F84010009803F08BFB2069EF
:209D2000B0F8CE10009803F089FB99E7216991F8AC0100280098BBD111F8542F0271497842
:209D4000BBE7FFE7206990F88F21D0F89011009803F0DBFA84E7DA4810B5006990F86A1034
:209D600041B990F8652001230621583002F0F2FD002800D0012010BD70B5D14D286990F8E6
:209D8000681039B1012905D0022906D0032904D0FFDF17E4B0F8DC1037E090F867100829AD
:209DA00036D0B0F87E10B0F8802000248B1C9A4206D3511A891E0C04240C01D0641EA4B2A4
:209DC00090F87C1039B190F8642001230921583002F0C0FD40B3FFF7BEFF78B12969002073
:209DE000B1F87820B1F876108B1C9A4203D3501A801E00D0401EA04200D284B20CB1641E3B
:209E0000A4B22869B0F8DC102144A0F8D8104EE5B0F87E100329BDD330F8581F028D11443A
:209E2000491CA0F8801042E50024EAE770B50C4605464FF4027120460AF0F5FD258036E5EF
:209E4000F8F75DBD2DE9F0410D4607460721F8F74DFC041E3CD094F8B4010026A8B16E70E6
:209E6000092028700BE0268484F8B461D4F8B6016860D4F8BA01A860B4F8BE01A88194F801
:209E8000B4010028EFD12E71BAE094F8C00190B394F8C0010D2813D00E2801D0FFDFAFE083
:209EA0002088F8F755FD0746F8F701FA78B96E700E20287094F8C20128712088E88014E0C1
:209EC0002088F8F745FD0746F8F7F1F910B10020BDE8F0816E700D20287094F8C201287101
:209EE0002088E88094F8C601287284F8C0613846F8F7D7F984E0FFE794F8F80130B16E70FD
:209F00001020287084F8F861AF8079E094F8C80190B16E700A2028702088A880D4F8CC116D
:209F2000C5F80610D4F8D011C5F80A10B4F8D401E88184F8C86163E094F8D60140B16E70C6
:209F40001A202870B4F8D801A88084F8D66157E094F8F20170B16E701B20287005E000BFA3
:209F600084F8F261D4F8F401686094F8F2010028F6D145E094F8DA0190B16E7015202870A3
:209F800004F5EE7707E000BF84F8DA610A223946281D0AF0ECFC94F8DA010028F4D12FE0D1
:209FA00094F8E60158B16E701D20287084F8E6610A2204F5F471281D0AF0D9FC20E094F885
:209FC000FA0138B11E20287084F8FA61D4F8FC01686015E094F8000200283FF479AF6E707B
:209FE0001620287008E000BF84F80062D4F802026860B4F80602288194F800020028F3D19F
:20A00000012065E72E480021C1610162084664E430B52B4D0C46E860FFF7F4FF00B1FFDFB2
:20A020002C7130BD002180F8641080F8651080F8681090F8E61009B1022100E00321FEF758
:20A040008FBC2DE9F0411E4C0546206909B1002104E0B0F8EE10B0F8DE201144A0F8EE103A
:20A0600090F8781139B990F8672001231946583002F070FC30B1206930F8821FB0F85C200E
:20A0800011440180206990F8883033B1B0F88410B0F8DE201144A0F8841090F98C70002F26
:20A0A00006DDB0F88A10B0F8DE201144A0F88A1001213D2635B180F8746017E0D84F020077
:20A0C000000100202278022A0AD0012A11D0A2782AB380F8731012F0140F0DD01E2113E08D
:20A0E00090F8CE20062A3CD016223AE080F8731044E090F87A2134E0110702D580F87460CB
:20A100003CE0910603D5232180F8741036E0900700D1FFDF21692A2081F874002AE02BB171
:20A12000B0F88420B0F886309A4210D2002F05DDB0F88A20B0F886309A4208D2B0F88230E6
:20A14000B0F88020934204D390F878310BB1222207E090F868303BB1B0F87E30934209D3E0
:20A16000082280F87420C1E7B0F87E20062A01D33E22F6E7206990F8731019B12069BDE8EE
:20A18000F0414FE7BDE8F0410021FEF7E9BB2DE9F047FA4C81460D4620690088F8F7EAFB36
:20A1A000060000D1FFDFA0782843A070A0794FF000058006206904D5A0F87E5080F8EC50F8
:20A1C00003E030F87E1F491C0180FFF7C4FD012740B3E088000506D5206990F86A1011B18A
:20A1E000A0F876501EE02069B0F87610491C89B2A0F87610B0F878208A4201D3531A00E061
:20A200000023B4F808C00CF1050C634501D880F87C70914206D3A0F8765080F8F871207930
:20A22000E8F77AFEA0794FF0020810F0600F0ED0206990F8681011B1032908D102E080F86E
:20A24000687001E080F868800121FEF789FB206990F86810012904D1E188C90501D580F83D
:20A260006880B9F1000F71D1E188890502D5A0F8005104E0B0F80011491CA0F8001100F0A9
:20A28000A3FBFEF733FDFFF725FC00F049FF0028206902D0A0F8E05003E030F8E01F491CF2
:20A2A000018000F040FF38B1216991F8EC00022807D8401C81F8EC00206990F8EC00022815
:20A2C00004D9206920F8E05F4580057320690123002190F86520583002F03CFB20B9206996
:20A2E00090F865000C2859D120690123002190F86420583002F02EFB48B3206901230021CD
:20A3000090F86720583002F025FB00B3206990F86810022942D190F8EC00C0B93046F7F7C9
:20A3200096FDA0B1216991F8CC00FE2836D1B1F8DA00012832D981F8E570B1F88000B1F8D6
:20A340007E20831E9A4203DB012004E032E025E0801A401E80B2B1F8E02023899A4201D3B9
:20A36000012202E09A1A521C92B2904200D91046012801D181F8E55091F8712192B1B1F8C1
:20A38000E220B1F872118A4201D3012102E0891A491C89B2884205D9084603E02169012024
:20A3A00081F8E5502169B1F858201044A1F8DC00FFF7E2FCE088C0F340214846FFF741FE68
:20A3C000206980F8E650BDE8F047FDF7DFB86B4902468878CB78184312D10846006942B1B8
:20A3E0008979090703D590F86700082808D001200DE6B0F84810028E914201D8FEF7FAB984
:20A40000002004E670B55D4C05460E46E0882843E080A80703D5E80700D0FFDF6661EA07B6
:20A420004FF000014FF001001AD0A661F278062A02D00B2A14D10AE0226992F86530172B4F
:20A440000ED10023E2E9283302F8370C08E0226992F86530112B03D182F8691082F88E00FA
:20A46000AA0718D56269D278052A02D00B2A12D10AE0216991F86520152A0CD10022E1E986
:20A480002A2201F83E0C06E0206990F86520102A01D180F86A10280601D50820E07078E4DB
:20A4A0002DE9F84F354C00254FF00108E580A570E5704146257061F30702206192468146E9
:20A4C00080F8E6800088F8F755FA070000D1FFDF20690088FDF722F820690088FDF744F8C2
:20A4E0002069B0F8DA1071B190F8CC10FE290FD190F8781191B190F8672001231946583047
:20A5000002F028FA80B1206990F8CC00FE2805D0206990F8CC0000BFFFF768FB206990F818
:20A52000E71089B1258118E02069A0F8825090F8791180F8CE1000210220FFF7D1F9206965
:20A5400080F8E5500220E7E790F8B41119B9018C8288914200D881882181B0F8DE10491E55
:20A560008EB2B0F8E0103144A0F8E01090F8E41031B1A0F8E25080F8E45006E0000100202B
:20A58000B0F8E2103144A0F8E21030F87E1F31440180FFF7E0FB20B1206930F8761F31440A
:20A5A00001802069B0F8DA10012902D8491CA0F8DA100EB180F8EC5090F8E510A1B1B0F82A
:20A5C000E000218988420FD23846F7F740FC58B1206990F8711139B1B0F8E210B0F8720163
:20A5E000814201D300F0A2FD206980F8E55090F865100B2901D00C2916D1B0F85820B0F819
:20A600009631D21A12B2002A0EDBD0F89811816090F89C110173022101F06CFD206980F837
:20A62000655080F8988026E0242910D1B0F85810B0F89621891A09B2002908DB90F8AC0193
:20A64000FFF736F9206900F8655F057613E090F86410242901D025290DD1B0F85810B0F824
:20A660009601081A00B2002805DB0120FFF720F9206980F8645020690146B0F8DE20583084
:20A6800001F05CFF206990F8711109B1A0F8E250FD480090FD4BFE4A4946504600F098FC49
:20A6A000216A11B16078FCF7B1FB20690123052190F86520583002F04DF9002803D0BDE896
:20A6C000F84F00F05EBABDE8F88F00F00FBDF149C8619CE4EF48C069002800D0012096E46D
:20A6E000EC4A5070116292E410B50446B0F89C214388B0F89E11B0F8A0019A4205D1A388BF
:20A70000994202D1E38898420FD02388A4F8B831A4F8BA21A4F8BC11A4F8BE01012084F85F
:20A72000B401DC480079E8F7F7FB0121204601F0E1FC002004F8650F0320E07010BD401A76
:20A7400000B247F6FE71884201DC002801DC01205DE400205BE4012802D0022805D102E051
:20A76000012904D001E0022901D000204FE401204DE410B5012804D0022804D0FFDF204655
:20A7800010BD0124FBE70224F9E7C2480021006920F88A1F8178491C817038E4BD4800B565
:20A7A000016911F88C0F401E40B20870002800DAFFDF00BDB7482721006980F86410002169
:20A7C00080F88C1123E410B5B24C206990F89411042916D190F8642001230021583002F005
:20A7E000B9F800B9FFDF206990F89010890703D4062180F8641004E0002180F8881080F859
:20A800009411206990F86600800707D5FFF7C6FF206910F8661F21F00201017010BD9D49B0
:20A8200010B5096991F864200A2A09D191F8CA20824205D1002081F8640081F8880010BDEE
:20A8400091F86620130706D522F0080081F86600BDE81040A2E7FF2801D0FFDF10BDBDE835
:20A860001040A7E710B58B4C05212069FEF778F8206990F84E10012903D0BDE8104000F0F9
:20A8800024B9022180F84E1010BD10B5814C206910F8961F41F004010170A06902F033FE6A
:20A8A000162806D1206990F86400202802D0262805D010BDA06902F02AFEFEF791FB2169D6
:20A8C000002081F8640081F8880010BD70B5714C01230A21206990F86420583002F03AF83B
:20A8E00010B3A06902F0B6FDA8B12569A06902F0ADFD28872569A06902F0A4FD6887256905
:20A90000A06902F0A5FDA8872569A06902F09CFDE887FEF7DFFC2169002081F8880081F8E6
:20A920006400BDE870409DE7A07840F00100A070B5E510B5574C01230021206990F86520A4
:20A94000583002F007F830B1FFF71FFF2169102081F8650010BD20690123052190F8652044
:20A96000583001F0F7FF08B1082000E00120A07010BD70B5474C01230021206990F8652016
:20A98000583001F0E7FF012588B1A06902F003FD2169A1F89601B1F85810FFF7D0FE40B17E
:20A9A0002069282180F8741080F8735077E5A57075E52169A06901F5CC7102F0E7FC21699E
:20A9C0000B2081F865006AE510B5FEF720FFFEF71DFE304CA079400708D5A07830B92069F3
:20A9E00090F86700072801D101202070FEF71CFAA079C00609D5A07838B9206990F865105F
:20AA00000B2902D10C2180F86510E07800070ED520690123052190F86520583001F09AFFE1
:20AA200030B10820A0702169002081F8C00110BDBDE81040002000F07DBB10B5154C21695F
:20AA400091F86520F8B1102A06D0142A07D0152A22D01B2A34D122E001210B2021E0FBF75D
:20AA600065F80C281FD320690821F830FBF762F828B120690421C430FBF75CF800B9FFDFD5
:20AA8000012104200DE010E08FA10100CFA3010005A401000001002000F037F803E0012100
:20AAA0000620FEF71DFF012010BD212A08D191F87D0038B991F8AC0110B191F8AD0108B16F
:20AAC000002010BD01211720EBE7284B30B4186900F5DA7201881185018E5185818E91859C
:20AAE000018FB0F84440A14200D32146D185818FB0F84600814200D208461086012082F815
:20AB00002600187930BCE8F707BA70B5174C0025206990F87B1101290AD0022925D190F8FB
:20AB20008E10A9B1062180F8CE100121022017E090F8C011002918D100F1B00300F1F00174
:20AB4000002200F5BE7001F07FFE0121052007E090F89600400701D5112000E00D20012179
:20AB6000FEF7BEFE206980F87B5198E40001002030B5FF4C05462078002818BFFFDF257233
:20AB800030BDFB490120C87170472DE9F14FF94D2846297840680029044600F1580890F8D4
:20ABA000551001F0BBFF94F85510668E80B2082968D001F08FFF864238BF3046C7B2DFF801
:20ABC000B093ED48C9F824006E682878002896F86AA0B6F832B096F85510304601F09EFF5B
:20ABE00096F8551080B2082950D001F073FF014658468B4528BF0846BAF1000F1CBF001DE0
:20AC000080B2C0B296F85510FBF7D1FC98F81200002840D008F15801D74891E80E1000F507
:20AC2000027686E80E10D8F86810C0F82112D8F86C10C0F8251200F58170FCF74CF82878E5
:20AC400000280CBF0120002080F00101CB480176D8E91412C0E90412A0F58372D9F824108F
:20AC6000FBF783FB94F85500012808BF002204D002281ABFFFDF0022012239460120FBF7E5
:20AC800082FB0EE0042101F025FF94E7042101F021FF0146ACE7D9F82400FCF71CF8FBF796
:20ACA00095FB009818B900219620FCF767F894F8542001210020FCF718F994F82C0001284B
:20ACC00008BFFCF7EFF8022089F80000FCF7C6FB002818BFFFDFBDE8F88F2DE9F04FDFF847
:20ACE00094A283B050469AF800204068AAF11401009190F85D1000F1580604464FF00108E4
:20AD0000AAF13407A9B3012900F0DB80022900F0DD80032918BFFFDF00F0E680386A082310
:20AD2000017821F008010170B27903EAC202114321F004010170F279042303EA8202114301
:20AD400021F01001017096F80590F86AF7F78FF80546FCF72DFCB9F1020F00F0CC80B9F15E
:20AD6000010F00F0CB80B9F1030F00F0CA8000F0CBB8FFE7337B21464FF002094FF0000B90
:20AD8000242B1CBF96F80DC0BCF1240F07D01F2B18BF202B19D0BCF1220F2ED048E094F892
:20ADA000545052B191F89801002846D0012D18BF012834D04FF002053FE091F8FA0080B33F
:20ADC000012D18BF01282AD0F4E7BCF1220F14D072B391F8AE0194F8545010F0010F18BF3A
:20ADE000404604D0012D18BF012818D0E2E710F0020F18BF4846F5D11FE0CAB190F8AE111D
:20AE000090F8510094F8545001EA000010F0010F18BF404606D0012D18BF0128CAD14FF0F3
:20AE200001050AE010F0020F18BF4846F3D104E094F85450042D08BF08252946204601F0E9
:20AE40006BFE80B2294601F045FE218E814238BF0846ADF80800A4F848000098FCF787FB5F
:20AE600068B1BA89396A42F48062BA817A694FF4806090470320707186F803804EE701AABE
:20AE800002A9F86AF6F72EFF386210B196F8351029B10098FCF73FFB86F805803EE79DF801
:20AEA000041031B9A0F800B080F802B0012102F0F9F9BDF80810386A02F02BFB86F8059082
:20AEC0002CE70098FCF727FB28E700BFB4F84800ADF8000001AA6946F86AF6F703FF386206
:20AEE000002808BFFFDF19E70098FCF740FB002808BFFFDF12E7A84306D103E0A84303D195
:20AF000000E00DB1012100E00021386A027842EA01110170717C00291CBF717901293CD094
:20AF200006F15801144891E80E1000F5027585E80E10B16EC0F82112F16EC0F8251200F58A
:20AF40008170FBF7C8FE9AF8000000280CBF012100210A480176D6E91212C0E90412A0F580
:20AF600083713A6AFBF701FA94F85400012807E02401002058010020E00C0020E80E00207C
:20AF800008BF002204D002281ABFFFDF00220122FB210020FBF7F7F903E0FBF79CFEFBF74F
:20AFA00015FA012194F855200846FBF79EFF87F80480386A018839828078B87487F8008076
:20AFC000FCF755FA002818BFFFDF03B0BDE8F08F2DE9F0471D46174681460C46FE4EDDF834
:20AFE0002080307828B9002F1CBF002DB8F1000F00D1FFDFC6F81C80C6E90D94C6E90575B7
:20B000004FF00000F071B071F070B07030717071F24DB081F081287804F158072088F7F702
:20B02000A9FCF0622088F7F793FC3063FBF7DCFA94F95700FBF7A4FB04F11200FBF72EFEFF
:20B0400004F10E00FBF7A2FB287800280CBF03200120FBF73DFEB87EFBF7A0FBFBF732FE75
:20B060002878002804BFFF2094F8544019D0BF7C668E94F85510204601F050FD94F8551068
:20B0800080B2082926D001F025FD014630468E4228BF0846002F1CBF001D80B2C0B294F82B
:20B0A00055402146FBF783FA2878C0B1686890F87001002818BFFBF713FB21460120FBF7D2
:20B0C00063FC6868D0F8E800FBF708FEBDE8F04701205AE5042101F0FDFC0146D6E72146E3
:20B0E0000020FBF751FCBDE8F047F6E5BB4800B501783438007819B1022818BFFFDF00BDBF
:20B10000012818BFFFDF00BDB34810B50078022818BFFFDFBDE8104000F02FBA00F02DBAD8
:20B12000AD4800797047AC48C0787047AA490120487170472DE9F0470600A848A64D4068A5
:20B1400000F15804686A90F8019018BF012E03D1296B09F077F86870687800274FF00108BA
:20B16000A0B101283CD0022860D003281CBFFFDFBDE8F087012E08BFBDE8F087286BF7F75C
:20B180006BF8287ABDE8F047E7F7C6BE012E14D0A86A002808BFFFDF6889C21CD5E90910D4
:20B1A00009F0A0FBA86A686201224946286BF6F7CFFE022E08BFBDE8F087D4E91401401CDF
:20B1C00041F10001C4E91401E079012801D1E77101E084F80780287ABDE8F047E7F79CBE34
:20B1E000012E14D0A86A002808BFFFDF6889C21CD5E9091009F076FBA86A686200224946C0
:20B20000286BF6F7A5FE022E08BFBDE8F087D4E91410491C40F10000C4E91410E07901282E
:20B220000CBFE77184F80780BDE8F087012E06D0286BF7F711F8022E08BFBDE8F087D4E96D
:20B240001410491C40F10000C4E91410E0790128BFD1BCE770B5614E3046A6F134044068ED
:20B2600000F158052078012818BFFFDFA87868B10021A970A289042042F00402A281626922
:20B280009047307800281CBF01202871216A0322087832EA000009D1A28912F4806F05D057
:20B2A00042F00202A2816269022090470121002000F082F918B1BDE8704000F05EB9BDE8FA
:20B2C0007040002061E42DE9F14F444E00273046A6F134054068317800F1580A2878B846C2
:20B2E000022818BFFFDFE88940F40070E88171683078FF2091F85410FBF759F90098002860
:20B300009AF8120000F00181FBF786F8FBF774F84FF0010990B99AF8120078B1686A41785F
:20B3200061B100789AF80710C0F3C000884205D185F80290BDE8F84F00F01FB9686A417879
:20B340006981002908BFAF6203D0286BF6F7BAFDA862E88940F02000E881EF7030787068E5
:20B3600000F15804834690F82C0001281AD1FBF78FFD2146584601F0A8FA98B130780028C0
:20B3800070680CBF00F58E7000F5F970BBF800104180217A0171617A417180F80090287AF1
:20B3A000E7F7BAFD686A9AF806100078C0F38000884240D03078706800F1580490F85D0047
:20B3C000002834D0022850D06771307800281CBF207900280ED003E0240100205801002034
:20B3E0002771AA89394642F01002AA816A694FF010009047E078A0B1E770FCF7C7F80028C1
:20B4000008BFFFDF0820AA89002142F00802AA816A699047D4E91202411C42F10000C4E9EC
:20B420001210A07901280CBFA77184F80690E88940F48070E881696A9AF807300878C0F3E6
:20B44000C0029A424ED13278726800F0030002F15804012818BF02282DD003281CBFA8791B
:20B4600040F0040012D0A8713CE0E86AF6F766FC002808BFFFDFD4E91202411C42F10000B2
:20B48000C4E91210287AE7F747FD9DE784F80290EA89484642F40062EA81AA8942F001021B
:20B4A000AA816A699047E079012801D1E77119E084F8079016E0487818B3E98941F4006176
:20B4C000E981A96A71B1FB2884BFA87940F01000C9D8E879002808BFC84603D080206A69C1
:20B4E000002190470120009900F066F8B0B1B8F1000F1CBF0020FFF71DFEBDE8F84F00F04B
:20B500003CB8E0790128D3D1D0E7002818BFFAF7BCFFE88940F04000E881E3E7B8F1000FE3
:20B520001CBF0120FFF706FEFFF7D7FBB8F1000F08BFBDE8F88F0220BDE8F84FFAE570B590
:20B540000D4606463C483C4900784C6850B1FAF7DFFF034694F8542029463046BDE87040C4
:20B56000FDF7EBBAFAF7D4FF034694F8542029463046BDE8704005F09ABF2F4910B54C68AC
:20B58000FBF757FCFBF736FCFBF703FBFBF78CFBFAF71CFF94F82C00012808BFFBF778FCBF
:20B5A000264C00216269E0899047E269A179A07890470020207010BD70B5204C0546002917
:20B5C00008BF012D06D1E07800F10100C0B2E07001282ED8A16928468847002829D0617922
:20B5E000174839B1012D01BF41780029017811F0100F1ED0A179E1B90F490978002908BF2E
:20B60000012D01D091B18DB90E49097811F0100F04BF007810F0100F0BD0A08948B9A06A42
:20B6200020B9608910B111F0100F02D04FF0000070BD4FF0010070BD5801002024010020FE
:20B64000E00C002034010020FE498A78824286BF084490F843010020704710B540F2D3116D
:20B66000F84809F0BEF9FF220821F74809F0B1F9F6480021417081704FF46171818010BDCA
:20B680002DE9F0410E46054600F0ADFBED4C102816D004EBC00191F85A0110F0010F1CBF56
:20B6A0000120BDE8F081607808283CBF012081F85A011CD26078401C60700120BDE8F08132
:20B6C0006078082813D222780127501C207004EBC2083068C8F85401B088A8F85801102AEE
:20B6E00028BFFFDF88F8535188F85A71E2E70020BDE8F081D54988707047D448807870477F
:20B7000070B4D04800250178491E4BB2002B46DB00EBC30191F85A1111F0010F3BD0427826
:20B72000D9B2521E427000EBC10282F85A5190F802C00022BCF1000F0BD9841894F80361F1
:20B740008E4202D1102A26D103E0521CD2B29445F3D80278521ED2B202708A421BD000EB1A
:20B76000C20200EBC10CD2F85341CCF85341D2F85721CCF85721847890F800C00022002C87
:20B7800009D9861896F8036166450CD1102A1CBF024482F80311591E4BB2002BB8DAAB48A2
:20B7A000857070BC7047521CD2B29442E9D8F2E7A4498A78824286BF01EB0010C01C00205F
:20B7C00070472DE9F04101261F4690463446002500F009FB10282AD09A494FF0000C01EB2A
:20B7E000C00292F85A2102F001058A78002A1ED901EB0C0393F8033183421FD1BCF1100F2C
:20B8000015D0002F18BF87F800C0887860450ED901EB0C1010F1030F09D001EB0C0090F8FE
:20B820004B4190F83B0101280CBF0126002648EA050046EA04010840BDE8F0810CF10103AC
:20B8400003F0FF0C6245D3D8F1E72DE9F05F1F4690460E46814600F0C6FA7A4D044610280C
:20B860003CD00146AB780020002B0ED92A1892F803218A4205D110281CBF1220BDE8F09F15
:20B8800003E0401CC0B28342F0D8082B3FD2102C27D0AE781022701CA87005EB061909F1EE
:20B8A0000300414600F0B6FF09F183001022394600F0B0FF1021384600F089FF35441021BB
:20B8C00085F84301404600F082FF85F84B0185F80341002085F83B01BDE8F09FAB78082BC3
:20B8E00015D22C78CA46601C287005EBC4093068C9F85401B0884FF0000BA9F85801102C76
:20B9000028BFFFDF89F853A189F85AB1C1E70720BDE8F09F70B44B488178491E4BB2002B1F
:20B92000BCBF70BC704700BF817803F0FF0C491ECAB2827050FA83F191F8031194453ED0DC
:20B9400000EB021500EB0C14D5F80360C4F80360D5F80760C4F80760D5F80B60C4F80B60D5
:20B96000D5F80F60C4F80F60D5F88360C4F88360D5F88760C4F88760D5F88B60C4F88B605B
:20B98000D5F88F50C4F88F50851800EB0C0402EB420295F803610CEB4C0C00EB420284F8AC
:20B9A000036100EB4C0CD2F80B61CCF80B61B2F80F21ACF80F2195F83B2184F83B2100EB20
:20B9C000C10292F85A2112F0010F33D190F802C00022BCF1000F0BD9841894F803518D4232
:20B9E00002D1102A26D103E0521CD2B29445F3D80278521ED2B202708A421BD000EBC20284
:20BA000000EBC10CD2F85341CCF85341D2F85721CCF85721847890F800C00022002C09D9C6
:20BA2000851895F80351654512D1102A1CBF024482F80311591E4BB2002BBFF675AF70BC6E
:20BA400070470000100F00206C01002060010020521CD2B29442E3D8ECE7FE4948707047D6
:20BA6000FC484078704738B14AF2B811884203D8F84988800120704700207047F548808843
:20BA8000704710B500F0AFF9102814D0F24A0146002092F802C0BCF1000F0CD9131893F830
:20BAA00003318B4203D1102818BF10BD03E0401CC0B28445F2D8082010BDE7498A788242A6
:20BAC00086BF01EB0010833000207047E24B93F802C084459CBF00207047184490F803013E
:20BAE00003EBC00090F853310B70D0F854111160B0F85801908001207047D74A114491F88B
:20BB00000321D4490A700268C1F8062080884881704770B516460C460546FBF7A9F9FAF7F6
:20BB200080FBCC48407868B1CB48817851B12A19002E0CBF8330C01CFAF74DFBFAF794FB13
:20BB4000012070BD002070BD10B5FAF7BBFB002804BFFF2010BDBDE81040FAF7D9BBFAF79C
:20BB6000B1BBBD498A7882429CBF00207047084490F8030101EBC00090F85A0100F0010003
:20BB800070472DE9F047B44E00273D46307800288CBFDFF8C882BDE8F0870024B078002829
:20BBA00008D9311991F80321AA4204D0611CCCB2A042F6D81024A04286BF06EB0410C01C06
:20BBC000002006EBC50999F85A1111F0010F16D050B1102C04D0311991F83B11012903D066
:20BBE000102100F0F4FD50B108F8074038467B1C99F8532109F5AA71DFB2FAF799FD681C1C
:20BC0000C5B23078A842C8D8BDE8F0872DE9F041914C00263546A07800288CBF8F4FBDE88C
:20BC2000F0816119C0B291F80381A84286BF04EB0510C01C002091F83B11012903D0102168
:20BC400000F0C5FD58B104EBC800BD5590F8532100F5AA713046731CDEB2FAF769FD681CE4
:20BC6000C5B2A078A842DCD8BDE8F08101447A4810B500EB02100A4601218330FAF7ABFAFD
:20BC8000BDE81040FAF7F0BA0A46724910B5497841B1714B997829B10244D81CFAF79BFA2A
:20BCA000012010BD002010BD6B4A01EB410102EB41010268C1F80B218088A1F80F017047E0
:20BCC0002DE9F041644D07460024A878002898BFBDE8F081C0B2A04217D905EB041010F1FD
:20BCE000830612D01021304600F071FD68B904EB440005EB400808F20B113A463046FBF74A
:20BD0000D4FCB8F80F01A8F80F01601CC4B2A878A042DFD8BDE8F08101461022504800F021
:20BD200079BD4F4870474C498A78824203D90A1892F843210AB10020704700EB400001EB8F
:20BD4000400000F20B10704743498A78824206D9084490F83B01002804BF012070470020BB
:20BD600070472DE9F0410E46074615460621304600F02DFD384C98B1A17871B104F59D7004
:20BD800011F0010F18BF00F8015FA178490804D0457000F8025F491EFAD10120BDE8F081AE
:20BDA0003846314600F01FF8102819D0A3780021002B15D9621892F8032182420BD1102910
:20BDC00018BF08290CD004EB010080F83B514FF00100BDE8F08101F10101C9B28B42E9D838
:20BDE0000020BDE8F0812DE9F0411B4D0646002428780F46002811D905EBC40090F8531147
:20BE0000B14206D10622394600F5AA7008F03EFD38B1601CC4B22878A042EDD81020BDE878
:20BE2000F0812046BDE8F0810B4910B44A7801EBC003521E4A70002283F85A2191F802C0FF
:20BE4000BCF1000F16D98B1893F8034184420DD1102A07E060010020100F00206C010020B3
:20BE6000E31000201CBF10BC704703E0521CD2B29445E8D80A78521ED2B20A7082421BD044
:20BE800001EBC20201EBC003D2F853C1C3F853C1D2F85721C3F857218C7891F800C00022B2
:20BEA000002C09D98B1893F80331634506D1102A1CBF114481F8030110BC7047521CD2B237
:20BEC0009442EFD810BC704770B449490D188A78521ED3B28B7095F8032198423DD001EBF1
:20BEE000001401EB031C00EB4000DCF80360C4F80360DCF80760C4F80760DCF80B60C4F849
:20BF00000B60DCF80F60C4F80F60DCF88360C4F88360DCF88760C4F88760DCF88B60C4F819
:20BF20008B60DCF88FC0C4F88FC001EB030C03EB43039CF8034101EB430385F8034101EB02
:20BF40004000D3F80B41C0F80B41B3F80F31A0F80F319CF83B0185F83B0101EBC20090F804
:20BF60005A0110F0010F1CBF70BC704700208C78002C0DD90B1893F803C1944504D110280A
:20BF80001CBF70BC704703E0401CC0B28442F1D80878401EC0B20870904204BF70BC704763
:20BFA00001EBC20301EBC000D0F853C1C3F853C1D0F85701C3F857018C780B780020002C73
:20BFC0009CBF70BC704700BF01EB000C9CF803C19C4506D110281CBF084480F8032170BC35
:20BFE0007047401CC0B28442EED870BC70470000100F002010B50A7B02F01F020A73002212
:20C0000002768B1893F808C00CF001034FEA5C0C0CF0010423444FEA5C0C0CF001042344A0
:20C020004FEA5C0C0CF001041C444FEA5C0303F0010CA4445B0803F00104A4445B0803F0E5
:20C040000104A4440CEB530300EB020C521C8CF8133090F818C0D2B263440376052AD0D3A2
:20C06000D8B2252888BFFFDF10BD0023C383428401EBC202521EB2FBF1F10184704770B4B9
:20C080006FF01F02010C02EA90251F23A1F5AA4054381CBFA1F5AA40B0F1550009D0A1F564
:20C0A0002850AA381EBFA1F52A40B0F1AA00012000D100204FF0000C624664468CEA0106D2
:20C0C000F6431643B6F1FF3F11D005F001064FEA5C0C4CEAC63C03F0010652086D085B0807
:20C0E000641C42EAC632162CE8D370BC704770BC002070472DE9F0470127002504460329A9
:20C100000FD04FF4FA4200297ED0012900F00881022918BFBDE8F0870146BDE8F0475830DE
:20C1200068E704F158068021304608F07CFCB571F57135737573F573357475717576B576AD
:20C14000212086F83E00412086F83F00FE2086F8740084F82C50258484F8547084F8557092
:20C16000282084F856001B20208760874FF4A470E087A0871B20208660864FF4A470E08673
:20C18000A0861B20A4F84000A4F844004FF4A470A4F84600A4F842001B20A4F84A00A4F8AE
:20C1A0004C00A4F8480067734FF448606080A4F8D850A4F8DA50A4F8DC50A4F8DE50A4F8F2
:20C1C000E050A4F8E25084F8E55084F8E750A4F8EE5084F8EC50A4F80051A4F8025184F813
:20C1E000A25184F8A35184F8AC5184F8AD5184F8715184F8785184F87B5184F89451C4F801
:20C200008C51C4F8905100E001E0BDE8F087A4F8EE5084F8E6506088FE490144B1FBF0F13A
:20C22000A4F878104BF68031A4F87A10E388A4F87E50B4F882C0DB000CFB00FCB3FBF0F390
:20C240009CFBF0FC5B1CA4F882C09BB203FB00FC04F15801A4F88030BCF5C84FC4BF5B1E61
:20C260000B85B2FBF0F2521CCA8500F5802202F5EE32531EB3FBF0F20A84CB8B03FB00F25F
:20C28000B2FBF0F0C883214604F15800FFF7B2FE07F00DFCE0B3D4F80E006FF01F014FEA47
:20C2A000104C01EA90281F26ACF5AA4054381CBFACF5AA40B0F155000AD0ACF52850AA38F2
:20C2C0001EBFACF52A40B0F1AA004FF0010901D14FF00009002108464FEA010281EA0C03A3
:20C2E000DB430343B3F1FF3F16D008F00103490841EAC33106F0010340087608521C40EA4E
:20C30000C3304FEA5808162AE8D3B9F1000F03D084F87051BDE8F08784F87071BDE8F08738
:20C32000B4F89C11B4F8A031B4F802C004F15800A4F87E50B4F88240DB0004FB0CF4B3FB0C
:20C34000F1F394FBF1F45B1C44859BB203FB01F40385B4F5C84FC4BF5B1E0385B2FBF1F2A9
:20C36000521CC285428C01EBC202521EB2FBF1F20284C28B02FB0CF2B2FBF1F1C183BDE844
:20C38000F08770B50025044603290DD04FF4FA42002963D001297DD0022918BF70BD0146C1
:20C3A000BDE87040583025E604F158068021304608F039FBB571F57135737573F5733574D2
:20C3C00075717576B576212086F83E00412086F83F00FE2086F8740084F82C502584012074
:20C3E00084F8540084F85500282184F856101B21218761874FF4A471E187A1871B212186DA
:20C4000061864FF4A471E186A1861B21A4F84010A4F844104FF4A471A4F84610A4F84210FF
:20C420001B21A4F84A10A4F84C10A4F848106073A4F8E050202084F8E20084F8D850C4F841
:20C44000DC5084F80C5184F80D5184F8165184F8175184F8FC5084F8085170BD60886D49CE
:20C460000144B1FBF0F1A4F878104BF68031A4F87A10E388A4F87E50B4F882C0DB000CFB09
:20C4800000FC9CFBF0FCB3FBF0F304F15801A4F882C000E022E05B1C9BB203FB00FCA4F824
:20C4A0008030BCF5C84FC4BF5B1E0B85B2FBF0F2521CCA8500F5802202F5EE32531EB3FB5F
:20C4C000F0F20A84CB8B03FB00F2B2FBF0F0C883214604F15800BDE870408BE5D4F8003158
:20C4E000B4F802C004F158005989DB89A4F87E50B4F88240DB0004FB0CF4B3FBF1F394FB68
:20C50000F1F45B1C44859BB203FB01F40385B4F5C84FC4BF5B1E0385B2FBF1F2521CC285A5
:20C52000428C01EBC202521EB2FBF1F20284C28B02FB0CF2B2FBF1F1C18370BD2DE9F003A6
:20C54000047E0CB1252C03D9BDE8F00312207047002A02BF0020BDE8F003704791F80DC03E
:20C560001F2601232C4D4FF00008BCF1000F79D0BCF1010F1EBF1F20BDE8F0037047B0F8BD
:20C5800000C00A7C8F7B91F80F907A404F7C87EA090742EA072282EA0C0C00270CF0FF0919
:20C5A0004FEA1C2C99FAA9F99CFAACFC4FEA19694FEA1C6C49EA0C2C0CEB0C1C7F1C94440E
:20C5C000FFB21FFA8CFC032FE8D38CEA020C124F0022ECFB057212096FF0240502FB05C250
:20C5E000D2B201EBD207427602F007053F7A03FA05F52F4218BF82767ED104FB0CF2120CE2
:20C60000521CD2B25FF0000400EB040C9CF813C0944503E0FFDB050053E4B36E3CBFA2EBF8
:20C620000C02D2B213D30D194FF0000C95F8085003FA0CF73D421CBF521ED2B2002A6AD07A
:20C640000CF1010C0CF0FF0CBCF1080FF0D304F1010C0CF0FF04052CD6D33046BDE8F00359
:20C660007047FFE790F819C00C7E474604FB02C2FE4C4FF0000CE2FB054C4FEA1C1C6FF04F
:20C6800024040CFB0422D2B201EBD204427602F0070C247A03FA0CFC14EA0C0F1FBF8276B0
:20C6A0004046BDE8F003704790F818C0B2FBFCF40CFB1422521CD2B25FF0000400EB040C2B
:20C6C0009CF813C094453CBFA2EB0C02D2B212D30D194FF0000C2D7A03FA0CF815EA080FEC
:20C6E0001CBF521ED2B27AB10CF1010C0CF0FF0CBCF1080FF0D300E010E004F1010C0CF0DA
:20C70000FF04052CDAD3A8E70CEBC40181763846BDE8F00370470CEBC40181764046BDE84B
:20C72000F0037047D24A016812681140D14A126811430160704730B4CF49CD4B00244FF087
:20C74000010C0A78521CD2B20A70202A08BF0C700D781A680CFA05F52A42F2D00978026831
:20C760000CFA01F15140016030BC7047017931F01F0113BF002000221146704710B4435CEC
:20C78000491C03F0010C5B0803F00104A4445B0803F00104A4445B0803F00104A4445B0808
:20C7A00003F00104A4445B0803F001045B08A44403F00104A4440CEB53031A44D2B20529B6
:20C7C000DDDB012A8CBF0120002010BC704730B40022A1F1010CBCF1000F11DD431E11F0B6
:20C7E000010F08BF13F8012F5C785FEA6C0C07D013F8025F22435C782A43BCF1010CF7D127
:20C80000491E5CBF405C0243002A0CBF0120002030BC7047002A08BF70471144401E12F07F
:20C82000010F03D011F8013D00F8013F520808BF704700BF11F8013C437011F8023D00F8C6
:20C84000023F521EF6D1704770B58CB000F110041D4616460DF1FF3C5FF0080014F8012CBB
:20C860008CF8012014F8022D0CF8022F401EF5D101F1100C6C460DF10F0108201CF8012C48
:20C880004A701CF8022D01F8022F401EF6D1204606F04EFF7EB16A1E04F130005FF008016F
:20C8A00010F8013C537010F8023D02F8023F491EF6D10CB070BD08982860099868600A98A4
:20C8C000A8600B98E8600CB070BD38B505460C466846FAF7F2FA002808BF38BD9DF90020CD
:20C8E0002272A07E607294F90A100020511A48BF494295F82D308B42C8BF38BDFF2B08BFCC
:20C9000038BDE17A491CC9B2E17295F82E30994203D8A17A7F2918BF38BDA2720020E072DE
:20C92000012038BD0C2818BF0B2810D00D2818BF1F280CD0202818BF212808D0222818BF33
:20C94000232804D024281EBF2628002070474FF0010070470C2963D2DFE801F006090E1321
:20C96000161B323C415C484E002A5BD058E0072A18BF082A56D053E00C2A18BF0B2A51D062
:20C980004EE00D2A4ED04BE0A2F10F000C2849D946E023B1A2F110000B2843D940E0122AA9
:20C9A00018BF112A3ED090F8360020B1122A37D31A2A37D934E0162A32D31A2A32D92FE077
:20C9C000A2F10F0103292DD990F8360008B31B2A28D925E0002B08BF042A21D122E013B1E6
:20C9E000062A1FD01CE0012A1AD11BE01C2A1CBF1D2A1E2A16D013E01F2A18BF202A11D037
:20CA0000212A18BF222A0DD0232A1CBF242A262A08D005E013B10E2A04D001E0052A01D097
:20CA200000207047012070472DE9F0410D4604468668F8F76CF958B9F7F79AFF40F23471B2
:20CA4000F7F797FCA0602046F8F761F90028F3D0DDB13046A168F8F7A4FC002815DD284499
:20CA6000401EB0FBF5F707FB05F107E053E4B36EE04F0200E44F0200740100203046F7F72B
:20CA800078FCA0603846BDE8F0810020BDE8F08170B50446904228BF70BD101B64280AD36F
:20CAA00025188D4205D8F8F7B0FC00281CBF284670BD204670BD6420F2E74A88A0F840209A
:20CAC000CA88A0F844208A880989A0F84220A0F84610704711F00C0F13D001F004010029A7
:20CAE0000DBF4022102296214FF4167101F5BC71A0EB010388428CBF93FBF2F0002080B2CC
:20CB00007047022919BF6FF00D0101EBD0006FF00E0101EB9000F2E7808E7047C08E7047A5
:20CB2000084418449830002A14BF042100210844704730B491F854300A8E13F00C0F4FF455
:20CB4000747C1CBF0CEB821292B21DD08B8E934238BF1A464B8E91F8554014F00C0F1CBF18
:20CB60000CEB83139BB217D0C98E994238BF0B4600280CBF01200020D1189831002818BF95
:20CB80000420084430BC7047022B07BF92003C32D200703292B2D9E7022C07BF9B003C3319
:20CBA000DB0070339BB2DFE710F0010F1CBF0120704710F0020F1CBF0220704710F0040058
:20CBC00018BF082070472DE9F0410546174688460126084600F06FFC0446404600F06FFCE7
:20CBE000034610F0010F18BF012008D113F0020F18BF022003D113F0040018BF082014F020
:20CC0000010F18BF4FF0010C21D000BF50EA0C0108BF002613F0030F08BF002014F0030FEB
:20CC200008BF4FF0000C95F85410814208BF0020387095F85510614508BF4FF0000C87F876
:20CC400001C0002808BFBCF1000F1CD10DE014F0020F18BF4FF0020CD8D114F0040F14BFC2
:20CC60004FF0080C4FF0000CD0E7404600F02DFCB5F85810401A00B247F6FE71884201DC4C
:20CC8000002800DC00263046BDE8F08101281CBF02280020704718B4CBB2C1F3072CC1B236
:20CCA000C0F30720012B05D0022B08BFBCF1020F1BD002E0BCF1010F17D0012904D002294D
:20CCC00008BF022811D001E001280ED001EA0C0161F3070210EA030060F30F22D0B210F042
:20CCE000020F18BF02200BD106E0084003EA0C01084060F30702EFE710F0010018BF0120B3
:20CD00008DF80000C2F3072010F0020F18BF022003D110F0010018BF01208DF80100BDF8A0
:20CD2000000018BC7047162A10D12A220C2818BF0D280FD04FF0230C1F280DD031B10878E8
:20CD4000012818BF002805D0162805D000207047012070471A70FBE783F800C0F8E7012964
:20CD600002D0022905D007E0002804BF40F2E240704740F6C410704700B5FFDF40F2E2405C
:20CD800000BD8A8EC98E00280CBF0120002011449831002818BF0420084470474078704780
:20CDA00030B50546007801F00F0220F00F0010432870092912D2DFE801F0050705070509CB
:20CDC000050B0F0006240BE00C2409E0222407E001240020E87003E00E2401E00024FFDF44
:20CDE0006C7030BD007800F00F0070470A68C0F803208988A0F807107047D0F803200A6023
:20CE0000B0F80700888070470A68C0F809208988A0F80D107047D0F809200A60B0F80D00C4
:20CE2000888070470278402322F0400203EA81111143017070470078C0F38010704702781B
:20CE4000802322F0800203EAC1111143017070470078C009704770B514460E4605461F2A01
:20CE600088BFFFDF2246314605F1090007F03AFDA01D687070BD70B544780E460546062C0D
:20CE800038BFFFDFA01F84B21F2C88BF1F24224605F10901304607F025FD204670BD70B544
:20CEA00014460E4605461F2A88BFFFDF2246314605F1090007F016FDA01D687070BD0968F0
:20CEC000C0F80F1070470A88A0F8132089784175704790F8242001F01F0122F01F02114395
:20CEE00080F824107047072988BF072190F82420E02322F0E00203EA4111114380F824102E
:20CF000070471F3007F0A3BE10B5044600F009FB002818BF204410BDC17811F03F0F1BBF1E
:20CF2000027912F0010F0022012211F03F0F1BBF037913F0020F002301231A4402EB420290
:20CF4000530011F03F0F1BBF027912F0080F0022012203EB420311F03F0F1BBF027912F0A3
:20CF6000040F00220122134411F03F0F1BBF027912F0200F0022012202EBC20203EB420304
:20CF800011F03F0F1BBF027912F0100F0022012202EB42021A4411F03F0F1BBF007910F056
:20CFA000400F00200120104410F0FF0014BF012100210844C0B2704770B50278417802F0B9
:20CFC0000F02082A4DD2DFE802F004080B4C4C4C0F14881F1F280AD943E00C2907D040E0F8
:20CFE000881F1F2803D93CE0881F1F2839D8012070BD4A1EFE2A34D88446C07800258209B0
:20D00000032A09D000F03F04601C884204D86046FFF782FFA04201D9284670BD9CF80300AA
:20D020004FF0010610F03F0F1EBF1CF10400007810F0100F13D064460421604600F071FA24
:20D04000002818BF14EB0000E6D0017801F03F012529E1D280780221B1EB501FDCD3304626
:20D0600070BD002070BD70B50178012501F00F01002404290AD007290DD008291CBF00200D
:20D0800070BD40780E2836D0204670BD4078801F1F2830D9F8E7844640789CF803108A099A
:20D0A000032AF1D001F03F06711C8142ECD86046FFF732FFB042E7D89CF8030010F03F0FD5
:20D0C0001EBF1CF10400007810F0100F13D066460421604600F025FA002818BF16EB000062
:20D0E000D2D0017801F03F012529CDD280780221B1EB501FC8D3284670BD10B4017801F06D
:20D100000F01032920D0052921D14478B0F81910B0F81BC0B0F81730827D222C17D1062960
:20D1200015D3B1F5486F98BFBCF5FA7F0FD272B1082A98BF8A420AD28B429CBFB0F81D0007
:20D14000B0F5486F03D805E040780C2802D010BC0020704710BC012070472DE9F0411F4602
:20D1600014460D00064608BFFFDF2146304600F0D8F9040008BFFFDF30193A462946BDE833
:20D18000F04107F0AFBBC07800F03F007047C02202EA8111C27802F03F021143C1707047D6
:20D1A000C07880097047C9B201F00102C1F340031A4402EB4202C1F3800303EB4202C1F3E5
:20D1C000C00302EB4302C1F3001303EB43031A44C1F3401303EBC30302EB4302C1F38013CD
:20D1E0001A4412F0FF0202D0521CD2B20171C37802F03F0103F0C0031943C170511C4170CA
:20D2000070472DE9F0410546C078164600F03F041019401C0F46FF2888BFFFDF281932461F
:20D220003946001D07F05EFBA019401C6870BDE8F081C178407801F03F01401A401E80B2F3
:20D24000704710B590F803C00B460CF03F0144780CF03F0CA4EB0C0CACF1010C1FFA8CF48D
:20D26000944288BF14462BB10844011D2246184607F038FB204610BD4078704700B5027830
:20D2800001F0030322F003021A430270012914BF0229002104D0032916BFFFDF012100BDD6
:20D2A000417000BD00B5027801F0030322F003021A430270012914BF0229002104D00329AB
:20D2C00016BFFFDF012100BD417000BD007800F003007047417841B1C078192803D2C04A29
:20D2E000105C884201D1012070470020704730B501240546C17019293CBFB948445C02D33E
:20D30000FF2918BFFFDF6C7030BD70B515460E4604461B2A88BFFFDF65702A463146E01C27
:20D32000BDE8704007F0DEBAB0F807007047B0F809007047C172090A01737047B0F80B0017
:20D34000704730B4B0F80720B0F809C0B0F805300179941F40F67A45AC4298BFBCF5FA7F84
:20D360000ED269B1082998BF914209D293429FBFB0F80B00B0F5486F012030BC98BF704720
:20D38000002030BC7047001D07F061BC021D0846114607F05CBCB0F809007047007970472E
:20D3A0000A68426049688160704742680A6080684860704709888181704780890880704723
:20D3C0000A68C0F80E204968C0F812107047D0F80E200A60D0F81200486070470968C0F8F1
:20D3E00016107047D0F81600086070470A68426049688160704742680A608068486070479B
:20D400000968C1607047C06808607047007970470A68426049688160704742680A608068F3
:20D42000486070470171090A417170478171090AC17170470172090A417270478172090ABB
:20D44000C172704780887047C0887047008970474089704701891B2924BF4189B1F5A47F20
:20D4600007D381881B2921BFC088B0F5A47F01207047002070470A68426049688160704789
:20D4800042680A60806848607047017911F0070F1BBF407910F0070F002001207047017985
:20D4A00011F0070F1BBF407910F0070F002001207047017170470079704741717047407939
:20D4C00070478171090AC1717047C088704745A282B0D2E90012CDE900120179407901F0D6
:20D4E000070269461DF80220012A07D800F00700085C01289EBF012002B07047002002B0F6
:20D5000070470171704700797047417170474079704730B50C460546FB2988BFFFDF6C707B
:20D5200030BDC378024613F03F0008BF70470520127903F03F0312F0010F36D0002914BFC2
:20D540000B20704712F0020F32D0012914BF801D704700BF12F0040F2DD0022914BF401C58
:20D56000704700BF12F0080F28D0032914BF801C704700BF12F0100F23D0042914BFC01C23
:20D58000704700BF12F0200F1ED005291ABF1230C0B2704712F0400F19D006291ABF401CE6
:20D5A000C0B27047072918D114E00029CAD114E00129CFD111E00229D4D10EE00329D9D12E
:20D5C0000BE00429DED108E00529E3D105E00629E8D102E0834288BF704700207047000071
:20D5E000E84F020000010102010202032DE9F041FE4E0446736893F828000127002528B155
:20D6000093F8A001D8B993F84801C0B193F8480198B383F8A071D3F84C113C2269B36570E6
:20D62000201D07F05FF9052020702771706890F8A011002918BF80F8485107D034E083F889
:20D64000A05103F12A014FF48E72E7E71D212A3007F0C7F970687F2180F84510FF2180F87D
:20D66000381080F82B1080F83E10818E21F060012031818680F8285016E0FFE793F8220097
:20D68000012814D0187801281BD093F8500101281CBF0020BDE8F081657018202070D3F85B
:20D6A0005201606083F850510120BDE8F081657007202070586A606083F822500120BDE843
:20D6C000F0816570142020702022991C201D07F009F9257271680D7081F85051C4488288F6
:20D6E0008284D0F86421527B80F8262080F82270D1F864010088F5F72BF9F4F7D2FDD3E708
:20D70000BA4840680178002914BF80884FF6FF70704770B5B54C0546606890F874112046CB
:20D720000629806803D0FFF73BFD38B117E0FFF737FD90B9A068FFF733FD10E0616891F80E
:20D740007401082809D025B191F83E00FF2806D003E091F82B00FF2801D0012070BD0020B4
:20D7600070BDF8B5A14C07460E46606890F82810002906BF90F848110029F8BD00F13305E3
:20D7800020787F2808BFFFDF207828707F202070606890F89A1100F5D470085C012808BFBE
:20D7A000012503D0022814BFFFDF0225606880F8365090F8971180F8461090F8741107296D
:20D7C0000CD190F8A401012808BF012503D0022814BFFFDF0225606880F83750606890F83D
:20D7E00074010025062804D1A068FFF7D9FC00283DD0606890F87411082904BF90F8A10191
:20D8000002280ED04FF00301A068FFF77DFB40B141780A09616881F838200088C0F30B00AA
:20D8200048870095A068FFF7DDFA01466068BDF8005090F83420520962F34615ADF80050BF
:20D84000072918BFFFDF1CD0BDF8000000906068BDF8001081860421A068FFF755FB002883
:20D860007DD0B0F80100C004C00C79D0ABE0A068C17811F03F0F1CBF007910F0100FB8D1C2
:20D88000CFE790F87411062916D0072936D0082973D00A2918BFFFDFD6D145F00A01ADF892
:20D8A000001090F83E00FF2814BF0120002060F38201ADF80010C7E7A068FFF771FC58B1AA
:20D8C000012808BF45F0010046D0022814BFFFDF45F0020040D0B7E7A068C17811F03F0FBC
:20D8E0001CBF007910F0020FAED00120FFF711FF002808BF45F004002ED0A5E7A068FFF76E
:20D900004FFCB0B1012804BF45F00100ADF800000FD0022898D145F00200ADF80000A1683D
:20D92000CA7812F03F0F1CBF097911F0020F21D118E0A068C17811F03F0F1CBF007910F018
:20D94000020F05D1606890F83E00FF283FF47CAFBDF8000040F00400ADF8000074E726E0DE
:20D960002AE00AE0616891F83E10FF2908BF20F00400F1D040F00400EEE790F83E10FF2948
:20D980001CBF45F00401ADF8001090F8A1010228BDF800000CBF40F0080020F00800ADF8F4
:20D9A00000000CBF40F0020020F00200D4E76068818E21F0600105E06068818E21F0600126
:20D9C00001F140018186606890F87401A068C17811F03F0F10D0017911F0400F0CD04FF0F3
:20D9E0000601FFF791FA0078616803E078010020F410002081F84500606890F8740106280D
:20DA000004D00020FFF785FE18BB04E0022F18BF012FF6D1F8BDA068C17811F03F0F33D09B
:20DA2000017911F0010F2FD0616801F12C0791F8783101F12B05FF2B0CD03A4629461846C7
:20DA4000FEF744F8002808BFFFDF287840F00200287019E0FFF7EFF92870A068FFF7C2F936
:20DA6000072804D23946A068FFF7C7F90CE0A068FFF7B8F9072807D10021A068FFF744FA65
:20DA8000016839608088B8800120FFF742FE80BBA068C17811F03F0F2BD0017911F0020F9B
:20DAA00027D0616801F13F0591F876216F1E1AB1022E18BF032E08D0FFF794F907280AD25A
:20DAC0002946A068FFF7A7F912E0D1F85A012860B1F85E010BE0A068FFF784F9072807D126
:20DAE0000121A068FFF710FA016829608088A8803E70606890F87401062808BFF8BD07288E
:20DB000018BF082802D00A2806D0F8BDA068FFF747FB022808BFF8BD606800F14705A0687C
:20DB2000FFF787FB616891F83230C3F1FF02904228BF104605D98A8E22F0600202F1400256
:20DB40008A86C2B203EB0501A068FFF77AFB616891F83220104481F83200F8BD2DE9F04735
:20DB6000F74D06466C6894F82800002818BFBDE8F0871D212A34204606F033FF0127277089
:20DB8000A868FFF72FF920B3012827D002282AD0062818BFFFDF2BD004F11D01A868FFF749
:20DBA0006AF92072686804F1020904F1010890F87801FF2821D04A464146FDF787FF0028D0
:20DBC00008BFFFDF98F8000040F0020088F8000031E0608940F013006081DDE7608940F063
:20DBE00015006081DEE7608940F010006081D3E7608940F012006081CEE7A868FFF71BF9CB
:20DC000088F80000A868FFF7EDF8072804D24946A868FFF7F2F80EE0A868FFF7E3F8072817
:20DC200009D10021A868FFF76FF90168C9F800108088A9F80400287804F109087F2808BF80
:20DC4000FFDF287888F800004FF07F0985F80090277300206073FF20A073A17A11F0040F04
:20DC600008BF20752DD0686804F1150804F1140A90F8761119B1022E18BF032E09D0A8685C
:20DC8000FFF7B0F807280BD24146A868FFF7C3F815E0D0F85A11C8F80010B0F85E010CE0A7
:20DCA000A868FFF79FF8072809D10121A868FFF72BF90168C8F800108088A8F804008AF80B
:20DCC000006084F81B90686890F89711217780F82870BDE8F047062003F09FBB2DE9F0417F
:20DCE000974C606890F82810FF250026A1B91D212A3006F076FE60687F2180F8451080F866
:20DD0000385080F82B5080F83E50818E21F060012031818680F82860606800F5D47290F81E
:20DD20009A11895C80F8A411002002F094FFF8B1F8F7C8FF6068834990F879010F5C3846A3
:20DD4000F8F72CFD606880F8977190F8A4112520F8F716FC606890F8A4110120F8F792FD3C
:20DD6000606890F86811032918BF022904D00FE0BDE8F04100F070BF90F89A1100F5D47088
:20DD8000085C012804D1012211460020F9F7ADF8F9F788F8606890F8A401012807BF012776
:20DDA000032100270521A068FDF76EFF616881F8760140B1002F0CBF50274027F8F71DFA01
:20DDC0003846F9F742F86068D0F87C01F8F786FF606890F87811FF291CBF00F29110FDF7B7
:20DDE0008CFE6068062180F8775180F8785180F8856180F8846180F8A16180F87411BDE852
:20DE0000F08170B54E4C0646606800F5BA752046806841B1D0F80510C5F81D10B0F80900E2
:20DE2000A5F8210003E005F11D01FEF7E6FFA068FFF701F885F82400A0680021032E0180E0
:20DE400002D0052E04D046E00321FEF7A9FF42E00521FEF7A5FF6068D0F8640100F10E012C
:20DE6000A068FFF72CF86068D0F8640100F11201A068FFF728F8D4E90110D1F86421527D7E
:20DE80008275D1F86421D28AC275120A0276D1F8642152884276120A8276D1F864219288BA
:20DEA000C276120A0277D1F86421D2884277120A8277D1F864110831FFF723F86068D0F807
:20DEC0006401017EA068FFF704F8606890F8AA11A068FFF708F805F11D01A068FEF794FFB7
:20DEE00095F82410A068FEF7AAFF606800F5AD7590F8596190F8751191B190F8681103291D
:20DF000006D190F86111002918BF90F87A0101D190F87701FDF707FF00281CBF01260546EC
:20DF20002946A068FEF762FF3146A068BDE87040FEF778BF0249496881F873017047000074
:20DF4000780100200450020070B5FE4D686890F8741102291FBF90F8741101290C2070BDEC
:20DF600000F166014FF00004C0F84C1180F848414FF01D0100F12A0006F033FD68687F21E2
:20DF800080F84510FF2180F8381080F82B1080F83E10818E21F060012031818680F82840A2
:20DFA000047080F8224080F85041012680F8A06190F8760130B1F8F75BFFF8F732F9686857
:20DFC00080F876416868072180F8724180F8616180F8684180F8794180F8734180F8A141DC
:20DFE00080F86011002070BDD64910B5886048680021A0F8A51180F8A711012180F87411B1
:20E00000FFF7A2FF002818BFFFDF10BD2DE9F041CC4D0446686890F87401012818BF02281E
:20E0200004D003281CBF0C20BDE8F081607A022823D0F8F7D9FA0220F8F74AFE686890F959
:20E040007301F8F79DFBA868F8F745FEBE48F8F725FEBE48F8F79AFB686890F8591100F52A
:20E06000AD70F8F745FB0F210720F8F75DFB686890F86101F0B1FDF7C9FD6868217A00F541
:20E08000D47280F89A11217A895C80F8A4116168C0F87C112168C0F88011627A6AB1012A68
:20E0A00025D00526022A08BF80F8746178D0032A77D0BCE0FDF765FDDFE7A54C90F8603182
:20E0C000002100BF90F87921521CA4FB026C4FEA5C0CACEB8C0C624480F8792123FA02F22A
:20E0E00012F0010F03D1491CC9B20329EAD3002680F8A16190F87111002904BF90F87501DD
:20E10000002849D0F6F734FC044668682146D0F86C01F7F746F9DFF83C82074690FBF8F069
:20E1200008FB107041422046F6F723F96968C1F86C0197FBF8F0D1F89C211044C1F89C01C9
:20E14000FDF79CFC01466868D0F89C21914223D8C0F89C61C0F86C4190F8750100281CBFAE
:20E160000120FDF7ADFD0121686890F87221002A1CBF90F87121002A0ED090F8593100F5A5
:20E18000AD72012B04D1527902F0C002402A09D000F5AD70F9F7C0FA6968042081F87401FE
:20E1A00045E009E00124FDF7BCFD6968224601F5AD71F9F77AFAEFE7002918BFFFDF68684A
:20E1C00000F2A51490F8A701400908BF012703D0012814BF00270227F8F774FD207800F025
:20E1E0003F042046F8F7DAFA686880F8974190F8900102280CBF4020FF203946F8F7C0F9DF
:20E2000039460120F8F7C0FBF8F74CFE0521A868FDF73AFD696881F8760128B15024F7F71E
:20E22000ECFF2046F8F711FE686880F874610020BDE8F08110B5434C606890F874110429E6
:20E240000DD005291CBF0C2010BD90F8A10148B100F025FD6168082081F8740108E0FFF7ED
:20E260003DFD05E000F01BFD6168072081F87401002010BD3349002210F0010F496802D07B
:20E28000012281F8A82110F0080F03D01144082081F8A801002070472A49496881F87001AB
:20E2A000704710B5274C636893F85831022B14BF032B00280BD100291ABF022901200020F0
:20E2C0001146FDF7DEFB08281CBF012010BD606890F85801002816BF022800200120BDE86B
:20E2E0001040F9F7A3B91748406890F85801002816BF022800200120F9F798B911494968E6
:20E3000081F8580170470F49496881F87201704770B50C4C616891F85801002816BF022879
:20E320000020012081F8590101F5AD71F9F768F9606890F85811022916BF0329012100213C
:20E340000AE00000780100200150020007500200ABAAAAAA40420F0080F8751190F8592154
:20E3600000F5AD734FF00005012A04BF5B7913F0C00F0AD000F5AD73012A04D15A7902F0FC
:20E38000C002402A01D0002200E0012280F87121002A04BF002970BDC0F89C51F6F7E8FA9A
:20E3A0006168C1F86C0191F8750100281CBF0020FDF786FC0026606890F8721100291ABFDB
:20E3C00090F87111002970BD90F8592100F5AD71012A04D1497901F0C001402906D02946A6
:20E3E000BDE8704000F5AD70F9F796B9FDF799FC61683246BDE8704001F5AD71F9F755B946
:20E4000070B5FF4D0C4600280CBF01230023696881F8613181F86A014FF0080081F87A0104
:20E420000CD1002C1ABF022C012000201146FDF728FB6968082881F87A0101D0002070BD0A
:20E44000022C14BF032C1220F8D170BD002818BF112070470328EA4A526808BFC2F864116E
:20E4600082F8680100207047E548416891F86801032804D0012818BF022807D004E091F8AD
:20E480006A01012808BF70470020704791F86901012814BF03280120F6D1704770B5F8F7C6
:20E4A000C8FCF8F7A7FCF8F774FBF8F7FDFBD44C0025606890F8760130B1F8F7D9FCF7F722
:20E4C000B0FE606880F8765160680121A0F8A55180F8A75180F8741180F85051002070BD3C
:20E4E000C74810B5406800F5C47005F032FF002010BDC3480121406890F86821032A03BF8F
:20E5000080F85211D0F864211288002218BF80F85221A0F8542180F850117047B849496806
:20E5200081F8AA0170470178002311F0010FB44949680AD04278032A08BFC1F8643181F856
:20E540006821012281F8A8211346027812F0040F0CD082784FF0000C032A08BFC1F864C1F2
:20E5600081F868210B44082283F8A821C27881F858210279002A16BF022A0123002381F84A
:20E58000613181F86921427981F86021807981F870014FF0000070479948406800F5D27098
:20E5A00070472DE9F041964C05460E46606890F87401032818BFFFDF022D1EBF032DFFDF1D
:20E5C000BDE8F0814FF000074FF00105AEB1606890F8371089B1818E21F0600101F14001B6
:20E5E000818690F8282042B980F8285011F0080F14BF0720062002F010FF6068A0F8A571AA
:20E6000080F8A77180F87451BDE8F08100F024BB2DE9F0477A4C0646894660684FF001080A
:20E62000072E90F8617138BF032533D3082E4FF0000088BFBDE8F087FFF76BF8002873D189
:20E64000A068C17811F03F0F12D0027912F0010F0ED061684FF0050591F87621002A18BFAA
:20E66000B9F1000F16D091F8A411012909D011E011F03F0F1ABF007910F0100F002F53D1B6
:20E680004CE04FF001024FF00501FDF742FA616881F87601A16808782944C0F3801030B1C4
:20E6A000487900F0C000402808BF012000D00020616891F87611002918BF002807D0FDF7DD
:20E6C00043FA0146606880F8771180F88481606890F87711FF292AD080F878110846FDF734
:20E6E00040FA40EA0705606890F87721FF2A18BF002D10D0072E0ED3A068C17811F03F0F0F
:20E7000009D0017911F0020F05D00B21FDF7AEFA606880F885812846BDE8F087FCF7EDFF48
:20E72000002808BFBDE8F0870120BDE8F087A36890F8612159191B78C3F3801C00F27713A9
:20E740006046FDF73EF80546CDE7F0B52C4C074683B060686D460078002818BFFFDF002657
:20E7600061688E70D1F8640102888A8042884A8382888A83C088C88381F8206047B10121BC
:20E78000A068FEF7C1FB0546A0680078C10907E06946A068FEF731FBA0680078C0F38011A8
:20E7A0006068012790F87521002A18BF002904D06A7902F0C002402A29D090F87221002A0E
:20E7C00018BF002903D0697911F0C00F1FD000F10E0006F033FA616891F87801FF281CD0C5
:20E7E00001F10802C91DFDF771F9002808BFFFDF6068C17941F00201C171D0F8911101E059
:20E80000780100204161B0F89511018310E02968C0F80E10A9884182DDE7D1F86401427EEE
:20E82000CA71D0F81A208A60C08B88814E610E8360680770D0F8642190F8731182F85710A4
:20E84000D0F864010088F4F783F8F3F71BFD03B0F0BD2DE9F041FE4C054601266068002749
:20E8600090F86811012918BF022902D0032918BFFFDF55B1A068FEF79FFB18B9A068FEF74D
:20E88000F2FB10B100F08EFA2DE0606890F874017F25801F062828BFBDE8F081DFE800F05B
:20E8A00003191930443EEA48F8F707FB002808BF2570F8F7EDFA606890F8760130B1F8F75D
:20E8C000D7FAF7F7AEFC606880F87671F8F761F920E0DF48F8F7F1FA002808BF2570F8F7EB
:20E8E000D7FA00F045FA102880F0DE80DFE800F036B6BFC3DCDC12CCD4DCDCDC249C38698E
:20E90000D348F8F7DAFA002808BF2570F8F7C0FAF8F73FF9BDE8F041FFF7E0B9CC48F8F75D
:20E92000CCFA30B9257004E0C948F8F7C6FA0028F8D0F8F7ADFA9AE0032002F08CF900282D
:20E9400071D000210320FFF75CFA012211461046F8F7CBFA61680C2081F87401BDE8F08169
:20E96000606800F5BA75042002F075F900287ED00E202870012002F050FDA0686168007842
:20E98000C0F3401081F8990100210520FFF739FAB049A0684FF0200CD1F864210378527BF0
:20E9A00023F020030CEA42121A430270D1F8640195F82530427B1A4042732820D1F86411A6
:20E9C0002DE0062002F047F9002850D0A14D0F2085F87401022002F020FD6068012190F8D8
:20E9E000A4210846F8F781FAA06861680078C0F3401081F8990101210520FFF702FAD5F835
:20EA000064014673A068017821F020010170F8F72EFD002818BFFFDF2820D5F8641181F8BA
:20EA20005600BDE8F08122E0052002F014F9F0B101210320FFF7E5F9F8F719FD002818BF86
:20EA4000FFDF6068012190F8A4210846F8F74DFA61680D2081F87401BDE8F0816068A0F8C3
:20EA6000A57180F8A77180F87461BDE8F081BDE8F04100F0F1B86168032081F87401BDE89F
:20EA8000F041082002F0C9BC00F009F96168072081F87401BDE8F08100F001F961680820E5
:20EAA00081F87401BDE8F081FFDFBDE8F08170B5674C606890F874110C2929D00D2932D04B
:20EAC0000E2940D00F291CBFFFDF70BD042002F0A4FC606890F8A4110E20F7F751FD00218B
:20EAE0009620F8F74BF9F8F7DDF90521A068FDF7CBF8616881F8760128B15025F7F77DFB16
:20EB00002846F8F7A2F961680B2081F8740170BDF8F7C8F900219620F8F730F9616809205D
:20EB200081F8740170BD90F8A411FF20F7F728FD00219620F8F722F9F8F7B4F961680A20DB
:20EB400081F8740170BD0021A0F8A51180F8A711012180F874110020FFF7F7FDBDE870407D
:20EB6000032002F05ABC70B5394C606890F874117F25891F062928BF70BDDFE801F017325B
:20EB80001D033D113248F8F798F9002808BF2570F8F77EF9F7F7FDFFBDE87040FFF79EB898
:20EBA0002B48F8F78AF960BB25702AE02848F8F784F9D8B9257019E090F8371089B1818EA3
:20EBC000012221F060014031818690F8283043B980F8282011F0080F14BF0720062002F062
:20EBE0001CFC1B48F8F769F90028E3D0F8F750F9BDE8704000F030B81548F8F75EF900283E
:20EC0000D2D0F8F745F96068002100F5C47005F051FBBDE8704000F01FB870B50C4C0646ED
:20EC20000D46012908D0606890F8A4213046BDE87040134602F03BBCF7F76AFC61680346F7
:20EC4000304691F8A4212946BDE8704002F02FBC78010020F410002070B5F8F7EAF8F8F7AD
:20EC6000C9F8F7F796FFF8F71FF8FB4C0025606890F8760130B1F8F7FBF8F7F7D2FA6068D2
:20EC800080F876516068022180F87411A0F8A55180F8A751BDE87040002002F0BEBB2DE959
:20ECA000F041ED4C616891F8A701400908BF012503D0012814BF00250225D1F88021002A0B
:20ECC00034D001F2A517002808BF012603D0012814BF00260226F7F7F5FF387800F03F0786
:20ECE0003846F7F75BFD606880F8977190F8900102280CBF4020FF203146F7F741FC606811
:20ED00003246D0F880110120F7F782FEF8F7CAF80521A068FCF7B8FF616881F8760128B178
:20ED20005026F7F76AFA3046F8F78FF86068D0F87C01F7F7D3FF606890F86811022906D088
:20ED4000032904BF90F89001012804D008E090F89001022804D12A4601210020F8F7C5F850
:20ED60006068002180F8A45180F88411BDE8F081B94810B5406890F8371089B1818E012271
:20ED800021F060014031818690F8283043B980F8282011F0080F14BF0720062002F03DFB8B
:20EDA000022010BD2DE9F04FAB4D83B00024686890F874017F27801F26464FF001080628CC
:20EDC00080F03F82DFE800F003080893FDFC00F0ADFC044600F036BA9F48F8F76EF8002885
:20EDE00008BF2F70F8F754F8A868FDF7FBFF044607286AD1A868FEF7D3F9696891F89021E4
:20EE0000824262D191F87401062804D1A868FEF7C7F9002836D0686890F87411082904BF36
:20EE200090F8A101022813D04FF00301A868FEF76BF8002849D06968437891F83820B2EBA5
:20EE4000131F42D10088498FC0F30B0088423CD100212046FFF7DCFBB0B38DF800608DF857
:20EE600004608DF80860A868FF24C17811F03F0F1CBF007910F0020F1CD00120FEF749FCDA
:20EE800050B117E0A868C17811F03F0F1CBF007910F0100FBFD1DBE702AA694601A800F029
:20EEA000D5F9686890F859419DF80000002818BF44F0020423469DF808209DF804109DF860
:20EEC000000000F0A1FA02E0FFE7FFF751FF0446686890F87601002800F0B481F7F7C8FF7E
:20EEE000F7F79FF9686880F8766100F0ABB9A868FDF778FF8146A9686868CA7890F891316A
:20EF00009A4221D10A7990F892319A421CD14A7990F893319A4217D18A7990F894319A428D
:20EF200012D1CA7990F895319A420DD10A7A90F896319A4208D1097890F89801C1F3801134
:20EF4000814208BF012400D00024F7F722FE4248F7F7B3FF002808BF2F70F7F799FFB9F118
:20EF6000040F75D1002C73D0686890F8481100296ED190F8281021B190F8341011F0100F32
:20EF800066D0D0F84C411D21204605F02AFD84F80080686804F1020A04F1010990F8780159
:20EFA000FF280FD052464946FCF790FD002808BFFFDF99F8000040F0020089F800001FE094
:20EFC0004CE0FFE0A868FDF736FF89F80000A868FDF708FF072804D25146A868FDF70DFFB5
:20EFE0000EE0A868FDF7FEFE072809D10021A868FDF78AFF0168CAF800108088AAF8040083
:20F0000004F11D01A868FDF736FF2072287804F109097F2808BFFFDF287889F800002F705F
:20F020006868618990F8A12162F3000141F01A01618184F80C806673FF21A1732175E77640
:20F0400090F89711217780F84881072002F0E5F9062400F0F7B80000780100204FF0020805
:20F06000FD48F7F72AFF002808BF2F70F7F710FFA868FDF7B7FE0446A868FEF791F8082CE4
:20F0800008BF00287ED1A8684FF00301C27812F03F0F77D0007931EA000073D1686800F571
:20F0A000BA7790F86101002814BFBE79FE784FF00009B87878B1FCF747FD0446FF280AD06A
:20F0C0000146A868401DFCF718FDB4420CBF4FF001094FF000090021A868FDF715FF0622C1
:20F0E00007F11D0105F0D2FB40B9A868FDF7A3FE97F82410884208BF012000D0002059EAF2
:20F1000000095DD0686800F5AD7490F859A1787838B13046FCF707FE00281CBF04464FF07E
:20F12000010A0027A86801784FEAD11B0121FDF7EBFEBBF1000F07D0407900F0C00040288D
:20F1400008BF4FF0010B01D04FF0000B0121A868FDF7DAFE0622214605F098FB30B9A86874
:20F16000FDF776FE504508BF012401D04FF000043BEA040018BFFF2E0FD03046FCF79DFC84
:20F18000060000E01CE008D00121A868FDF7BCFE01463046F8F758FA074644EA070019EA52
:20F1A000000F0DD06868012100F5C47005F082F84FF001084046FFF7C8FA052002F02DF916
:20F1C00044463FE00224A448F7F777FE002808BF2F70F7F75DFEA868FDF704FE0646A868D8
:20F1E000FDF7DEFF072E08BF00282BD1A8684FF00101C27812F03F0F24D00279914321D10E
:20F20000696801F5BA760021FDF77EFE062206F11D0105F03BFBA8B9A868FDF70CFE96F801
:20F22000241088420ED16868012100F5C47005F041F8FF21022000F099F8002818BF0324BF
:20F2400000E0FFDF03B02046BDE8F08F2DE9F74F814C0025914660688A4690F875010028D0
:20F260000CBF4FF001084FF00008A0680178CE090121FDF749FE36B1407900F0C0004028C7
:20F2800008BF012600D00026606890F87611002963D090F868114FF0000B03291ED190F869
:20F2A0006111002918BF90F87A7117D0FF2F18BF082F22D03846FCF7C7F9002818BF4FF0E5
:20F2C0000108002E49D0606890F88501D0B1FCF746FC0546606880F885B13EE0A168CA7828
:20F2E00012F03F0F19BF097911F0010F90F82B10FF2918BF90F87771D8D176B390F8840142
:20F3000070B12AE03846FCF7D8FB05460121A068FDF7FAFD01462846F8F796F905461CE0A4
:20F32000A068C17811F03F0F05D0017911F0010F18BF0B2101D14FF005014FF00002FCF78F
:20F34000E8FB616881F8760138B1FCF7FDFBFF2803D06168012581F877018AF800500098F9
:20F36000067089F8008003B0BDE8F08F2DE9F041394C02460025606890F8A1310BB3A0681E
:20F380004FF000064FF00107C37813F03F0F1CBF007910F0100F1BD00020FEF7E2F960683F
:20F3A00090F83400C0F3411002281BD0022000F058FC88B16068012580F89061F7F7E9FBB0
:20F3C0001FE0002A14BF0223012380F8A131D6E71046FEF7C6F905E06068818E21F06001A9
:20F3E00040318186606890F8281051B980F8287090F8340010F0080F14BF0720062002F00E
:20F400000CF82846BDE8F0812DE9F047124C05461F4690460E46A068FDF7C2FE002800F00B
:20F42000D280012805D0022800F00F81BDE8F0479EE4A0680921C27812F03F0F00F0438104
:20F440000279914340F03F81616891F86811032909D012F0020F01E07801002008BFFF2129
:20F4600019D065B116E00021FDF74EFD61680622D1F864111A3105F009FA50BB1EE0FDF7C8
:20F48000E7FC05460121A068FDF73EFD2946F7F737F918B13946012000F038B9606890F8BE
:20F4A0006901032818BF022840F00D81002E1CBFFE21012040F02A8100F005B9A068FDF72A
:20F4C000BAFC6168D1F86411497E884208BF012600D00026A068C17811F03F0F05D001791B
:20F4E00011F0020F01D05DB338E0616891F86A21012A01D0A6B119E0C6B90021FDF704FD43
:20F5000061680268D1F86411C1F81A208088C883A068FDF790FC6168D1F86411487605E002
:20F5200091F8770191F87A1188424BD1606800F5C47004F003FF002844D00F20BDE8F08762
:20F54000B8F1000F0CD0FDF783FC05460121A068FDF7DAFC2946F7F7D3F808B1012200E081
:20F560000022616891F86A01012807D040B92EB991F8773191F87A118B4201D1012100E0E6
:20F5800000210A421ED0012808BF002E13D14FF00001A068FDF7B8FC61680268D1F86411AD
:20F5A000C1F81A208088C883A068FDF744FC6168D1F864114876606800F5C47004F0BEFE63
:20F5C0000028BAD17FE06068A8464FF0020990F8680103282AD0A068C17811F03F0F1BBF99
:20F5E000007910F0020F002001204FF0FF05A8B14FF00100FEF78DF8002804BF3D46B8F1D3
:20F60000000F0BD1A068FDF723FC07460121A068FDF77AFC3946F7F773F850B1294600209B
:20F62000FFF7A4FE002818BF4FF003094846BDE8F087606890F86901032818BF0228F5D192
:20F64000002E18BFFE25E9D1F0E7626892F86831032B38D0A0684FF0090CC17811F03F0FEA
:20F6600031D001793CEA010C2DD1022B01F0020105D0002908BFFF2147D0CDB344E009B163
:20F6800035B113E002F5C47004F058FEA0B91AE0B8F1000F1AD0FDF7DBFB05460121A068E8
:20F6A000FDF732FC2946F7F72BF878B1606800F5C47004F043FE30B139460220FEF751F899
:20F6C0000D20BDE8F0870220BDE8F087606890F86901032818BF0228F5D1002EF3D04FF0C7
:20F6E000FE014FF0020000F0A4FA0220BDE8F087FFE7FDF7ADFB05460121A068FDF704FC13
:20F700002946F6F7FDFF20B13946022000F091FAD9E7606890F86901032818BF0228D2D15B
:20F72000002E1CBFFE210220F0D1CCE72DE9F04F83B04FF00008FE48F7F7BFFBFC4C0028DE
:20F7400004BF7F202070F7F7A3FBA068FDF74AFB82460121FEF75CFF05466068002690F8EF
:20F76000A411012918BFFFDF0ED0606890F8760130B1F7F77DFBF6F754FD606880F87661B4
:20F7800003B04046BDE8F08FEA4F4FF006084FF00109BAF1080F1AD2DFE80AF0278C0419FE
:20F7A000191912FEF7F7F5F9002DDED0606890F86801012812BF0228FF20FEF7CFF9D4E7DC
:20F7C0002DB190F86801022806D0012854D0F7F7E0F94FF00608C8E7FF20FEF7BFF96068B6
:20F7E0004FF00C0880F8A161BFE74FF00008002D00F0288190F86811022934D001293BD024
:20F800000329B2D1A268D0F86411D37891F81AC0634521D1137991F81BC063451CD1537959
:20F8200091F81CC0634517D1937991F81DC0634512D1D37991F81EC063450DD1137A91F887
:20F840001FC0634508D1137891F819C0C3F38013634508BF012300D0002390F86A01012870
:20F860000ED0DBB1EAE0FF20FEF778F960684FF00C0880F8A19178E7FF20FEF76FF916E039
:20F88000002B70D110461A31FDF7B7FAA068FDF7D2FA6168D1F864114876CFE097F87A0170
:20F8A00008287AD097F8771181425CD0CAE04FF006085AE790F8751100290CBF4FF0010A44
:20F8C0004FF0000A4FF00008A16811F8092BD20907D0497901F0C001402908BF4FF0010BB1
:20F8E00001D04FF0000B90F86811032906D190F86111002918BF90F87A0101D190F877011A
:20F900000090FCF7DAF85FEA00092DD00098FBF79BFE002818BF4FF0010ABBF1000F23D029
:20F92000A06800F109014846F7F78EFE5FEA0008606890F8599118BF49F00209606890F8C6
:20F940006811032914D0F7F724F9002DAFD0F6F7E7FE00280CBFB8F1000F484675D000BF58
:20F96000FEF7FCF8A3E769E0606890F85991E5E7A168D0F86401CA78837E9A421FD10A79FD
:20F98000C37E9A421BD14A79037F9A4217D18A79437F9A4213D101E066E053E0CA79837F31
:20F9A0009A420CD10A7AC37F9A4208D10978407EC1F38011814208BF4FF0010901D04FF0AC
:20F9C000000997F87701082806D097F87A11884208BF4FF0010B01D04FF0000BB8F1000F48
:20F9E00005D1BAF1000F04D0F6F79AFE08B1012000E000204DB197F86A11012903D021B965
:20FA000059EA0B0101D0012100E00021084219D0606890F86A11012908BFB9F1000F0DD11D
:20FA2000D0F8640100F11A01A068FDF7E6F9A068FDF701FA6168D1F8641148764FF00E08A1
:20FA400093E602E0F7F7A5F831E7606890F86901032818BF02287FF42AAFBBF1000F18BFE4
:20FA6000FE207FF47DAF22E790F87001002818BF002D3FF4ACAEA068FDF792FB30B101287B
:20FA80007DD002287CD0F7F784F86EE6F7F781F8606890F8680103283FF409AFA068C1786E
:20FAA00011F03F0F05D0027912F0100F18BF012500D10025002D14BF0822012211F03F0FF7
:20FAC0003FF4F5AE007932EA00017FF4F0AE10F0020F06D00120FDF71CFE002808BF012083
:20FAE00000D000208DF800608DF804608DF80860FF27D0B102AA694601A8FFF7A7FB606850
:20FB000090F859719DF80000002818BF47F002070BD1A068FDF79CF980460121A068FDF76E
:20FB2000F3F94146F6F7ECFDC0B195B1012003E078010020F410002000F093F800283FF42E
:20FB4000B6AE39460020FDF70CFE606880F890616CE03946002000F06CF8A8E6606890F856
:20FB60006901032818BF02287FF4A1AE9DF8040000283FF49CAE9DF80000002801E017E05A
:20FB800032E07FF494AE75B14FF0010000F069F800283FF48CAEFE210020FDF7E2FD606878
:20FBA00080F8906142E0FE21002000F042F87EE6F6F7EFFFA0681821C27812F03F0F3FF414
:20FBC00076AE007931EA00007FF471AE012000F048F800283FF46BAEFF210120FDF7C1FD23
:20FBE000606880F8909121E0F6F7D3FF606890F8680103283FF45BAEA0681821C27812F047
:20FC00003F0F3FF454AE007931EA00007FF44FAE012000F026F800283FF449AEFF2102209A
:20FC2000FDF79FFD6168022081F890014FF003089BE510B5FDF795FD2448406890F8281056
:20FC4000002918BF10BD012280F8282090F8340010F0080F14BF07200620BDE8104001F01B
:20FC6000DCBB70B5194D06460421A868FDF74CF9044680780221B1EB501F18D0686890F8F8
:20FC80002800A0B900F0CAFF217811F0800F14BF4FF496711E21B4F80120C2F30C0212FB08
:20FCA00001F10A1AB2F5877F28BF814201D2002070BD68682188A0F8A511A17880F8A711A7
:20FCC0003046BDE8704000F0C6BF000078010020D0F8E81049B1D0E93B231A448B691A44CA
:20FCE0008A61D0E93912D16003E0F74AD0F8E4101162D0E9391009B1086170470028FCD0C1
:20FD00000021816170472DE9FF4F06460C46488883B040F2E24148430190E08A002500FB29
:20FD200001FA94F8640090460D2822D00C2820D024281ED094F8650024281AD0002083466D
:20FD4000069818B10121204603F0A6F894F8541094F85500009094F8D8200F464FF47A79B3
:20FD60004AB1012A61D0022A44D0032A5DD0FFDFB5E00120E3E7B8F1000F00D1FFDFD248B3
:20FD800014F8541F243090F83800FCF7E8FF01902078F7F71EFB4D4600F2E730B0FBF5F199
:20FDA000DFF82493D9F80C0001EB00082078F7F710FB014614F85409022816D0012816D084
:20FDC00040F6340008444AF2EF010844B0FBF5F10198D9F81C20411A514402EB08000D18B4
:20FDE000012084F8D8002D1D78E02846EAE74FF4C860E7E7DFF8D092A8F10100D9F80810B8
:20FE0000014300D1FFDFB148B8F1000F016801EB0A0506D0D9F8080000F22330A84200D923
:20FE2000FFDF032084F8D80058E094F86420019D242A05D094F86530242B01D0252A3AD1C9
:20FE4000B4F85820B4F8F830D21A521C12B2002A31DB94F8FA2072B3174694F8FB2002B1D4
:20FE600010460090022916D0012916D040F6340049F608528118022F12D0012F12D040F684
:20FE800034001044814210D9081A00F5FA70B0FBF9F005440FE04846EAE74FF4C860E7E749
:20FEA0004846EEE74FF4C860EBE7401A00F5FA70B0FBF9F02D1AB8F1000F0FD0DFF8088216
:20FEC000D8F8080018B9B8F8020000B1FFDFD8F8080000F22330A84200D9FFDF05B9FFDFDE
:20FEE0002946D4F8DC00F4F744FAC4F8DC00B060002030704FF0010886F80480204603F0B7
:20FF000026F8ABF10101084202D186F8058005E094F8D80001282FD003207071606A394647
:20FF2000009A01F007FBF060069830EA0B0020D029463046FCF778FD87B2204603F007F853
:20FF4000B8420FD8074686F8058005FB07F1D4F8DC00F4F70EFAB06029463046FCF764FD94
:20FF6000384487B23946204602F096FFB068C4F8DC0007B0BDE8F08F0220CEE72DE9F041B7
:20FF800006460C46012001F0BCFAC5B20B2001F0B8FAC0B2854200D0FFDF0025082C7DD227
:20FFA000DFE804F00461696965C98E96304601F0B7FA0621F2F79AFB040000D1FFDF304617
:20FFC00001F0AEFA2188884200D0FFDF94F8D80000B9FFDF204602F007FE3B4E21460020FF
:20FFE000B5607580F561FCF7A4FD00F19807606AB84217D994F85500F7F7DCF9014694F852
:020000040002F8
:2000000054004FF47A72022828D0012828D040F6340008444AF247310844B0FBF2F1606A0C
:200020000844C51B214600203561FCF782FD618840F2E24251439830081AA0F22330706192
:2000400094F8552094F85410606A01F073FAA0F29310B061BDE8F041F5F770B91046D8E741
:200060004FF4C860D5E7BDE8F04102F027BEBDE8F041F6F752BF6FF0040001F042FAC4B2D2
:20008000192001F03EFAC0B2844200D0FFDF304601F046FA0621F2F729FB00E04BE004002E
:2000A00000D1FFDF304601F03BFA2188884200D0FFDF2046BDE8F0410122002101F057BA52
:2000C000F6F7CFFDD3E70000A012002088010020304601F025FA0621F2F708FB040000D1C4
:2000E000FFDF304601F01CFA2188884200D0FFDF94F8D800042800D0FFDF84F8D85094F816
:20010000E2504FF6FF76202D00D3FFDFFB4820F8156094F8E200F4F70CFC00B9FFDF2020ED
:2001200084F8E2002046FFF7D3FDF5480078BDE8F041E2F7F1BEFFDFBDE8F08170B5EF4CCE
:200140000025483C84F82C50E07868B1E570FEF7D0F92078042803D0A06AFFF7B9FDA56226
:20016000E7480078E2F7D8FEBDE8704001F010BA70B5E24C0146483C206AF5F712F96568AD
:20018000A27890FBF5F172B140F27122B5FBF2F292B2E36B01FB02F6B34202D901FB1232C2
:2001A00000E00022E2634D43002800DAFFDF2946206AF4F7DEF8206270BD2DE9F05FFEF7C5
:2001C000EBF98246CD486C3800F1240881684646D8F81C00F4F7CDF80146306AF5F7E1F8E6
:2001E0004FF00009074686F839903C464FF423754E461CE00AEB06000079F7F7DBF84AF2C5
:20020000B12101444FF47A70B1FBF0F108EB86024046926811448C4207D3641A90F83910C6
:20022000A4F52374491C88F83910761CF6B298F83A00B042DED8002C0FDD98F8391040463D
:2002400008EB81018968A14207D24168C91BA94200D90D466C4288F8399098F83960C346AF
:200260000AEB060898F80400F7F7A4F801464AF2B12001444FF47A7AB1FBFAF298F8041051
:20028000082909D0042909D00020131804290AD0082908D0252007E0082000E0022000EBB2
:2002A00040002830F1E70F20401D4FF4A872082913D0042914D0022915D04FF0080C282213
:2002C00010FB0C20184462190BEB860302449868D84682420BD8791925E04FF0400CEFE78E
:2002E0004FF0100CECE74FF0040C1822E8E798F8392098F83A604046B24210D2521C88F81B
:2003000039203C1B9868621984180846F7F752F84AF2B1210144B1FBFAF0011903E080F832
:200320003990D8F80410D8F82000BDE8F05FF4F720B82DE9FE4F14460546FEF72DF9DFF86F
:20034000BCB10290ABF1480B58469BF839604FF0000A0BEB86018968CBF84010ECB3044632
:2003600000780027042827D0052840D0FFDFA0463946A069F3F7FDFF0746F4F7F9FA81465A
:200380003946D8F80440F5F70CF8401E90FBF4F0C14361433846F3F7ECFF0146C8F82000EB
:2003A0004846F4F7FEFF002800DDFFDF012088F8140088F813008FE0D4F81890D4F8048069
:2003C00001F04DF9070010D0387800B9FFDF796978684A460844414600E00EE001F02BF9B0
:2003E00007464045C3D9FFDFC1E75746BFE7A06A01F0DCF840F6B837B9E7016A0BEB46008B
:200400000191C08D08B35C46DBF81800FFF7B0FE6168206AF3F7ADFF074684F839A0019CE9
:20042000D8462046DBF81810F4F7BBFF814639462046F4F7B6FFD8F80420B9FBF2F3B0FB14
:20044000F2F0834243D0012142E0F4F791FAFFF78FFEFFF7B2FE9BF83910DBF804900BEBC6
:2004600081010746896800913946DBF82000F4F798FF00248046484504DB98FBF9F404FB62
:2004800009F41BE0002059469BF8392008E000BF01EB800304F523749B68401C1C44C0B2E2
:2004A0008242F5D852B10120F6F784FF4AF2B12101444FF47A70B1FBF0F004440099A8EB97
:2004C00004000C1A00D5FFDFCBF84040A7E7002188F8141088F813A09BF802005C46B8B1D6
:2004E0003946206AF4F75DFF0146E26B40F2712042438A4206D2C4F840A009E00C13002068
:2005000084010020206C511A884200D308462064AF6085F800A001202871029F94F8390084
:200520003F1DC05DF6F746FF4AF23B5101444FF47A70B1FBF0F0216CFB300844E860207866
:20054000042808D194F8390004EB4000C08D0A2801D2032000E00220687104EB4600C08DD0
:20056000C0B128466168FCF75FFA82B20020761C0CE000BF04EB4003B042D98D114489B2DC
:20058000D98501D3491CD985401CC0B294F83A108142EFD2A868A061E06194F8390004EB38
:2005A0004000C18D491CC18594F83900C05D082803D0042803D000210BE0082100E00221E6
:2005C00001EB410128314FF4A872082804D0042802D0022807D028220A44042805D008286B
:2005E00003D0252102E01822F6E70F21491D08280CD004280CD002280CD0082011FB0020E5
:20060000216C884208D20120BDE8FE8F4020F5E71020F3E70420F1E70020F5E770B5FB4CAC
:20062000061D14F8392F905DF6F7C4FE4FF47A7100F2E730B0FBF1F0D4F8071045182078EC
:20064000805DF6F7ABFE2178895D082903D0042903D000220BE0082200E0022202EB420238
:2006600028324FF4A873082904D0042902D0022907D028231344042905D0082903D02522CD
:2006800002E01823F6E70F22521D08290AD004290AD002290AD0082112FB0131081A281ADD
:2006A000293070BD4021F7E71021F5E70421F3E7FEB504460F46012000F023FFC5B20B2042
:2006C00000F01FFFC0B2854200D0FFDF01260025CE48082F50D2DFE807F004304747434F58
:2006E0004F4C0446467406744078002819D1FDF753FF009594F839108DF808104188C90434
:2007000010D0606C019003208DF80900BF4824388560C56125746846FDF778FC002800D0D6
:20072000FFDFFEBDFFF77AFF0190207D10B18DF80950EBE78DF80960E8E70446407840B162
:20074000207C08B9FDF7AAFE6574BDE8FE40F4F719B8A674FDF76EFD0028E2D0FFDFFEBD3C
:20076000BDE8FE40F6F7D9BB2046BDE8FE4000F07FBFBDE8FE40E1E4FFDFFEBDA34950B170
:2007800001228A704A6840F27123B2FBF3F202EB0010C86370470020887070472DE9F05F1F
:2007A000894640F27121994E484300250446706090462F46D0074AF2B12A4FF47A7B0FD0A5
:2007C000B9F800004843B0600120F6F7F3FD00EB0A01B1FBFBF0241AB7680125A4F523748F
:2007E0005FEA087016D539F8151040F27120414306EB85080820C8F80810F6F7DBFD00EB82
:200800000A01B1FBFBF0241AD8F80800A4F5237407446D1CA7421AD9002D18D0391BB1FB2B
:20082000F5F0B268101AB1FBF5F205FB1212801AB060012009E000BFB1FBF5F306EB80025E
:200840009468E31A401CC0B29360A842F4D3BDE8F09F2DE9F0416D4C00262078042804D03B
:200860002078052801D00C2066E401206070607C002538B1EFF3108010F0010F72B610D007
:2008800001270FE0FDF788FE074694F82400F4F7D4FB7888C00411D000210320FDF781FEB4
:2008A0000CE00027607C38B1A07C28B1FDF7F6FD6574A574F3F766FF07B962B694F82400BB
:2008C000F4F709FE94F82C0030B184F82C502078052800D0FFDF0C26657000F059FE30465E
:2008E0002AE44A4810B5007808B1FFF7B2FF00F0EFFE464900202439086210BD10B5444C46
:2009000058B1012807D0FFDFA06841F66A01884200D3FFDF10BD40F6C410A060F4E73C4994
:2009200008B50870394900200870487081F82C00C8700874487488742022886281F82420B6
:20094000243948704FF6FF7211F16C0121F81020401CC0B22028F9D30020FFF7CFFFFFF758
:20096000C0FF1020ADF80000012269460420FFF715FF08BD7FB5254C05460E46207810B181
:200980000C2004B070BD95F8552095F85410686A00F0E5FEC5F8EC00A56295F8D80000B1EC
:2009A000FFDF1A4900202439C86105212170607084F82C00014604E004EB4102491CD0850A
:2009C000C9B294F83A208A42F6D284F839003046FFF7D4FE0F48F3F750FF84F824002028B7
:2009E00000D1FFDFF3F7C4FFA06194F8241001226846FFF79EFC00B9FFDF94F82400694683
:200A0000F4F700FA00B9FFDF0020BAE7C412002084010020B1060200F74810B5007808B110
:200A2000002010BD0620F1F7FBFD80F0010010BD38B5F14D0446287800B1FFDF0020009031
:200A4000237802460146DB0705D06088A188ADF8001001221146491E85F83A106946FFF7A2
:200A60009DFE002038BD1FB511B1112004B010BDE14C217809B10C20F8E7002262700421DA
:200A80002170114605E000BF04EB4103491CDA85C9B294F83A308B42F6D284F83920FFF702
:200AA0006DFED648F3F7E9FE84F82400202800D1FFDF00F0D4FD10B1F3F75AFF05E0F3F7B1
:200AC00057FF40F6B831F3F754FCA06194F8241001226846FFF72DFC00B9FFDF94F824006F
:200AE0006946F4F78FF900B9FFDF0020BEE770B5C14CA16A0160FFF7ACFE050002D1A06A58
:200B0000FFF7E6F80020A062284670BD7FB5BA4C2178052901D00C2033E7B7492439C860A7
:200B2000A06A00B9FFDFA06A90F8D80000B1FFDFA06A90F8E200202800D0FFDFB048F3F7CF
:200B40009CFEA16A0546202881F8E2000E8800D3FFDFA948483020F81560A06A90F8E20051
:200B6000202800D1FFDF002301226846A16AFFF7CAF8A06A694690F8E200F4F743F900B9C4
:200B8000FFDF0020A062FCE69B4924394870704710B540F2E24300FB03F4002000F0DFFDC9
:200BA000844201D9201A10BD002010BD70B50D46064601460020FBF7BCFF044696F855009C
:200BC000F6F7F8FB014696F854004FF47A72022815D0012815D040F6340008444AF2473156
:200BE0000844B0FBF2F1708840F271225043C1EB4000A0F22330A54206D2214605E0104699
:200C0000EBE74FF4C860E8E72946814204D2A54201D2204600E02846706270BD70B5F5F742
:200C200077FC0446F6F7BAFB01467348243882684068101A0E18204600F05AFC05462046B8
:200C4000F6F7B8FB281A4FF47A7100F2E730B0FBF1F0304470BD70B50546FDF79DFC6649A2
:200C6000007824398C689834072D2CD2DFE805F0043030252830300014214FF4A873042821
:200C800010D00822082809D02A2102280FD011FB024000222823D118441815E0402211FB8A
:200CA0000240F8E7102211FB02402E22F3E7042211FB024000221823EDE704F5317403E043
:200CC00004F5B07400E0FFDF4B48006CA04201D9012070BD002070BD70B5474C243C6078F3
:200CE00070B1D4E904512846A268FBF7D1FE2061A84205D0A169401B0844A061F4F71EFB92
:200D00002169A068884201D8207808B1002070BD012070BD2DE9FF5F074615460E461C46E0
:200D20001846F6F73BFB07EB46014618204600F0DFFB4AF2C5714FF47A790144C846B1FBC4
:200D4000F8F006442C4860362438806800EB050B2046F6F723FB371A204600F0C9FB0546F1
:200D60002046F6F727FB291AB1FBF8F03F1A182028234FF4C8714FF4BF724FF0020A082CDC
:200D800031D0042C2BD00025022C30D04FF0080C15F128050CEB8C0808EB8C1C654407EB8D
:200DA000050C0025082C32D0042C2BD00027022C32D01846082307F5B07700BF03EB0313D6
:200DC0001844874234D2082C2CD0042C27D00020022C2AD00823283003EB031336E0154651
:200DE0004FF0100CD6E70D464FF0400CD2E74FF0040C1835CEE70000C4120020B106020044
:200E00007DFF0100104640F2EE371023D6E708464FF435674023D1E70423B437CEE7104653
:200E20001023D9E708464023D6E704231830D3E7082C47D0042C42D00020022C45D008230D
:200E400010F12800C3EBC30707EB431318446044082C40D0042C3BD00021022C3DD00822A4
:200E600011F1280102EB821201EB8201471801208DF804008DF800508DF805A0FE4D594665
:200E800007F22727E869F3F774FACDE902072046F6F790FA4AF23B510144B1FBF9F0381AD2
:200EA000FB38286402986E64E86195F824006946F3F7A8FF002800D1FFDFBDE8FF9F10465D
:200EC0001023BFE708464023BCE704231830B9E711461022C6E74022C4E704221831C1E77C
:200EE0002DE9FE4F04461D46174688464FF0010A1846F6F753FAE04E0146243E07EB4802C2
:200F0000B068204410440F18284600F0F1FA4FF47A7BD84600F6FB00B0FBF8F0384400F14A
:200F200020092846F6F73AFAB2680146A9EB0200001B461A284600F0DBFA07462846F6F7AC
:200F400039FA391AB1FBF8F0371A182028234FF4C8714FF4BF72082D2FD0042D2AD04FF015
:200F6000000C022D2CD008260CF1280C06EB860808EB861666443744082D2AD0042D23D055
:200F80000026022D2AD01846082306F5B07600BF03EB0313184486422CD2082D24D0042D19
:200FA0001FD00020022D22D00823283003EB031318442EE094461026D8E78C464026D5E74D
:200FC00004260CF1180CD1E7104640F2EE361023DEE708464FF435664023D9E70423B4360A
:200FE000D6E710461023E1E708464023DEE704231830DBE7082D47D0042D42D00023022D5B
:2010000045D0082013F12803C0EBC00606EB401018443844082D40D0042D3BD00021022D09
:201020003DD0082211F1280102EB821201EB8201451805F596750C98F6F7BCF94AF23B51EE
:201040000144B1FBFBF08C4EFB30A6F12407316C04F1FB020844B9684B191A44824228D96A
:20106000621911440D1AFB35E1F710FEB968084461190844B0F1807F36D2642D12D264208F
:2010800011E013461020BFE70B464020BCE704201833B9E711461022C6E74022C4E7042264
:2010A0001831C1E72846F4F7B0F9E8B1306C28443064E1F7EBFDB968293821440844CDE95F
:2010C000000996F839008DF8080002208DF809006846FCF79BFF00B1FFDFFDF7ABF800B1F1
:2010E000FFDF5046BDE8FE8F4FF0000AF9E71FB500F03BFB604C607880B994F82410002288
:201100006846FFF716F938B194F824006946F3F779FE18B9FFDF01E00120E070F3F732FB5B
:2011200000206074A0741FBD2DE9F84FFDF734FA0646451CC07840090AD001280AD0002021
:201140002978824608064FF4967405D41E2004E00120F5E70220F3E72046B5F80120C2F3EE
:201160000C0212FB00F7C80901D010B103E01E2401E0FFDF0024FFF751FDA7EB0009287873
:20118000B77909EB0408C0F3801010B120B1322504E04FF4FA7501E0FFDF00250C2F00D36B
:2011A000FFDF3648364A30F81700291801FB0821501CB1FBF0F5F5F7ABF9F6F7FBF84FF4FE
:2011C0007A7100F27160B0FBF1F1A9EB0100471BA7F15900103FB0F5237F11D3264E717815
:2011E00029B90246534629462046FFF793FD00F0BCFAF3F7C7FA00207074B074BDE8F88F2C
:20120000307800905346224629463846FFF768FE0028F3D101210220FDF7C3F9BDE8F84F80
:2012200065E710B50446012903D113482438007830B1042084F8D800BDE81040F3F7A2BA92
:2012400000220121204600F092F934F8580F401C2080F1E72DE9F0410746FDF79DF90500DF
:2012600000D1FFDF29783846FBF779FD024C0146A4F12406E06905E0C41200200C50020062
:201280003F420F00B26802446FB32878082803D0042803D000270BE0082300E0022303EB6A
:2012A000430728374FF4A873082804D0042802D0022810D028233B4408280ED004280ED039
:2012C00002280ED05FF00800C0EBC00707EB40101844983009E01823EDE74020F4E7102074
:2012E000F2E70420F0E74FF4FC701044471828783F1DF6F75FF8024628784FF47A71022838
:201300001DD001281DD040F6340010444AF2EF021044B0FBF1F03A1AA06A40F2E241B04656
:201320004788D8304F43316A81420DD03946606B00F081F90646B84207D9FFDF05E008461E
:20134000E3E74FF4C860E0E70026FA488068864207D2A16A40F271224888424306EB420642
:2013600004E040F2E240B6FBF0F0A16AC882A06A297880F85410297880F85510052141756E
:20138000C08A6FF41C71484306EB400040F63541C8F81C00B0EB410F00D3FFDFBDE8F0811D
:2013A00010B5052937D2DFE801F00509030D3100002100E00121BDE8104032E7032180F85D
:2013C000D81010BD0446408840F2E2414843D949091D0860D4F800010089E082D4F8000131
:2013E00080796075D4F8000140896080D4F800018089A080D4F80001C089E0802046A16ACC
:20140000FFF7D4FB022084F8D80010BD816ABDE81040FFF7CBBBFFDF10BD70B5C64C092855
:20142000A1683FD2DFE800F0050B0B15131538380800BDE870405AE6BDE8704074E602289D
:2014400003D00020BDE8704004E70120FAE7E16070BD032802D005281CD000E0E16000268C
:2014600000F083F9B44D0120243585F82C0085F83860A86AE9690026C0F8DC1080F8D860E9
:20148000E068FFF743FB00B1FFDFF3F77BF96E74AE7470BD0126E3E7A6480078BDE8704006
:2014A000E1F73ABDFFDF70BDA3494860704770B5A14D0446B1B14FF47A76012903D00229ED
:2014C00005D0FFDF70BD1846F5F79EFF05E06888401C68801046F5F77CFF00F2E730B0FBBB
:2014E000F6F0201AA86070BD9348243000787047082803D0042801D0F5F75CBF4EF6283096
:201500007047002804DB00F1E02090F8000405E000F00F0000F1E02090F8140D4009704712
:2015200010B50446202800D3FFDF83486C3030F8140010BD70B505460C461046F5F73AFFF6
:201540004FF47A71022C0DD0012C0DD040F6340210444AF247321044B0FBF1F0284400F295
:20156000931070BD0A46F3E74FF4C862F0E71FB513460A46044601466846FEF7C4FB94F831
:20158000E2006946F3F73EFC002800D1FFDF1FBD70B5694C00252434257094F82400F3F75D
:2015A000C8F900B9FFDF84F8245070BD2DE9F041050000D1FFDF604A0024D5F8EC6020466E
:2015C000631E116A08E08869B04203D3984201D203460C460846C9680029F4D104B90446B2
:2015E0000021C5F8E840D835CCB1E068E560E86000B105612E698846A96156B1B06930B1FF
:201600006F69B84200D2FFDFB069C01BA861C6F81880494D24355CB1207820B902E0E9605D
:201620001562E7E7FFDF6169606808446863B5E6C5F83480B2E610B50C4601461046F3F79C
:20164000B0FE002806DA211A491EB1FBF4F101FB040010BD90FBF4F101FB140010BD364809
:20166000016A002001E00846C9680029FBD170477FB504466FF00400FFF743FFC5B219200A
:20168000FFF73FFFC0B2854200D0FFDFFCF784FF4088C00407D001210320FCF782FF254830
:2016A0000078E1F739FC002221466846FEF741FE38B169462046F3F7A5FB002800D1FFDFDB
:2016C0007FBD1D4901202431C870FEF737FD7FBD2DE9FE43184D0120287000264FF6FF7402
:2016E00020E00621F1F702F8070000D1FFDF97F8E200D837F3F7EFFE07F80A6BA14617F86A
:20170000E289B8F1200F00D3FFDF0B4A6C3222F8189097F8E200F3F70CF900B9FFDF2020E9
:2017200087F8E20069460620F0F769FF78B1FFDF0DE0000084010020A0120020029830B13E
:2017400090F8D81019B10088A042CAD104E06846F0F733FF0028F1D02E70BDE8FE8310B52D
:20176000FFF7E8FE00F5C87010BD0548002190F8392000EB4200C18502480078E1F7CCBBB0
:20178000C412002084010020FD48806890F8881029B1B0F88410B0F88620914215D290F8BB
:2017A0008C1029B1B0F88A10B0F8862091420CD2B0F88220B0F880108A4206D290F868203C
:2017C000B0F87E001AB1884203D3012070470628FBD2002070472DE9F041E94D0746A868F4
:2017E00000F1580490F8FC0030B9E27B002301212046FBF7AFF810B1608D401C6085012678
:201800003D21AFB92878022808D001280AD06878C8B110F0140F09D01E2039E0162037E064
:20182000E6763EE0A86890F8FE0031E0020701D52177F5E7810701D02A2029E0800600D42E
:20184000FFDF232024E094F8300028B1A08D411CA185E18D884213D294F8340028B1608E7A
:20186000411C6186E18D88420AD2618D208D814203D3AA6892F8FC2012B9E28D914201D343
:20188000222005E0217C29B1E18C814207D308202077C5E7E08C062801D33E20F8E7E07E2C
:2018A000B0B100202073607320740221A868FFF777FDA86890F8CC10012904D1D0F80411C0
:2018C0000878401E0870E878BDE8F041E1F724BBA868BDE8F0410021FFF762BDA8490C2884
:2018E000896881F8CC0014D0132812D0182810D0002211280ED007280BD015280AD001280E
:2019000007D0002805D0022803D021F8842F012008717047A1F88A20704710B5984CA1682D
:201920000A88A1F8462181F8440191F8540001F053FBA16881F8480191F8550001F04CFB5A
:20194000A16881F84901012081F84201002081F81601E078BDE81040E1F7DEBA70B5884C78
:2019600000231946A06890F864205830FAF7F2FF00283DD0A06890F808110025C9B3A169DE
:201980000978B1BB90F86500FAF7CCFF88BBA168B1F858000A282DD905220831E06902F091
:2019A00075FF10B3A068D0F80411087858B10522491CE06902F06AFF002819D1A068D0F870
:2019C0000401007840B9A068E169D0F804010A68C0F8012009794171A068D0F804010178A5
:2019E000491C01700120FFF779FFA06880F8085170BDFFE7A06890F80C1111B190F80D1181
:201A000059B390F816110029F2D090F817110029EED190F86500FAF785FF0028E8D1A0683D
:201A200090F8540001F0D8FA0546A06890F8550001F0D2FA0646A06890F81811284601F0B6
:201A4000B5FA38B3A06890F81911304601F0AEFA00B3BDE8704000205FE790F8651024296B
:201A600016D090F86410242912D0002300F1FA0200F58671FBF721F8A06880F80C5130F849
:201A8000421FA0F88C108188A0F88E10142002E00123EBE71620BDE870401FE710B5F4F725
:201AA00045F80C2813D3364C0821A068D0F800011E30F4F73FF828B1A0680421C030F4F702
:201AC00039F800B9FFDFBDE81040032006E710BD10B52B4CA068D0F800110A78002A1FD0B4
:201AE0004988028891421BD190F86420002319465830FAF72FFF002812D0A068D0F80011AC
:201B00000978022907D003290BD0042917D0052906D108200DE090F86500FAF703FF40B13C
:201B200010BD90F8691039B190F86A0000B9FFDF0A20BDE81040D1E6BDE81040AEE790F87C
:201B400090008007ECD10C20FFF7C8FEA068002120F8841F01210171017B41F0010101732E
:201B600010BD70B5064CA268556DFBF794F8EBB2C1B200228B4205D0A36883F8FA1004E08F
:201B800090010020A16881F8FA20C5F30721C0F30720814203D0A16881F8FB0028E7A06814
:201BA00080F8FB2024E770B5FE48806890F84E20448EC38E418FB0F84050022A23D0A94209
:201BC00000D329460186C18FB0F84220914200D311468186018FB0F84420914200D3114645
:201BE0004186818FB0F84620914200D31146C186418EA14200D90C464486C18E994200D912
:201C00000B46C386F4E6028E914200D31146C68F828E964200D23246A94200D32946018688
:201C2000B0F842108A4200D30A468286002180F84E10CFE770B5DB4CA06890F8CC10FE2927
:201C400055D16178002952D190F86720002301215830FAF77FFE002849D1A06890F8FC1011
:201C600009B1022037E090F86420002319465830FAF770FE28B1A06890F87C0008B112202C
:201C800029E0A068002590F86420122A1DD004DC032A23D0112A04D119E0182A1AD0232A57
:201CA00026D0002304215830FAF754FE00281ED1A06890F86510192971D020DC01292AD05C
:201CC000022935D0032932D120E00B2003E0BDE87040E3E60620BDE87040FFE510F8CA1F29
:201CE00001710720FFF7FAFDA06880F864507FE61820FFF7F3FDA068A0F8845078E61D298F
:201D000018D01E2916D0212965D149E010F8C91F417107206FE00C20FFF7E0FDA06820F8CE
:201D20008A5F817941F00101817100F8255C52E013202BE090F80D2182BB90F80C21B2B1A7
:201D4000242912D090F8641024290ED05FF0000300F1FA0200F58671FAF7AFFEA0681E211D
:201D600080F8651080F80C5103E00123F0E71E2931D1FFF718FF01F03BF9A06830F8421FB7
:201D8000A0F88C108188A0F88E101520FFF7A6FDA068A0F88A5000BF80F865501BE029E098
:201DA00090F87D1049B100F8FA5F45701820FFF795FDA068A0F88A500DE090F8171151B92D
:201DC00090F8161139B1016DD0F81801FFF7C9FE1820FFF783FDA06890F8CC00FE2886D1D7
:201DE000FFF776FEA06890F8CC00FE2886D1BDE87040B3E51120FFF771FDA068CCE7694AB0
:201E00000129926819D0002302290FD003291ED010B301282BD0032807D192F8640013285B
:201E200003D0162801D0182804D1704792F8CC000028FAD0D2F8000117E092F8CC0001286B
:201E4000F3D0D2F804110878401E0870704792F8CC000328EED17047D2F80001B2F85810FF
:201E60008288891A09B20029F5DB03707047B2F85800B2F80A11401A00B20028F6DBD2F841
:201E800004010178491E0170704770B5044690F8640000250C2810D00D282ED1D4F8001190
:201EA000B4F858008988401C884226D1D4F84C013C4E017811B3FFDF42E0B4F85800B4F860
:201EC0000A11401C884218D1D4F80401D0F80110A1604079207302212046FAF752FAD4F84F
:201EE0000401007800B9FFDF0121FE20FFF787FF84F86450012084F8980079E52188C18065
:201F0000D4F80001D4F84C1140890881D4F80001D4F84C1180894881D4F80001D4F84C11BB
:201F2000C0898881D4F84C010571D4F84C1109200870D4F84C1120884880F078E0F7ECFF33
:201F400001212046FAF71DFA03212046FFF728FAB068D0F800010078022800D0FFDF0221FB
:201F6000FE20FFF74CFF84F8645041E52DE9F0410C4C00260327D4F808C00125A0B1206929
:201F8000C0788CF8CA0005FA00F0C0F3C05000B9FFDFA06800F8647F068480F82450BDE874
:201FA000F08100009001002000239CF8652019460CF15800FAF7CEFC70B160780028EED174
:201FC0002069C178A06880F8C91080F86570A0F88A6080F88C50E2E76570E0E7F0B5FC4C71
:201FE000002385B0A068194690F865205830FAF7B1FC012580B1A06890F8640023280ED07B
:2020000024280CD06846F5F7B2FA68B1009801A9C0788DF8040008E0657005B0F0BD60783F
:2020200040F020006070F8E70021A06803AB162290F86400FAF777FE002670B1A0689DF85C
:202040000C20162100F8F42F4170192100F88F1C00F8685C20F86A6CDFE72069FBF715FA7A
:2020600078B12169087900F00702A06880F85020497901F0070180F8511090F817310BBB19
:2020800003E00020FFF772FFC7E790F81631CBB900F154035F78974205D11A788A4202D1D6
:2020A00080F87D500EE000F59F71028821F8022990F850200A7190F8510048710D70E07840
:2020C000E0F72AFFA068212180F8651080F88C50A0F88A60A1E770B5BD4C00231946A068B3
:2020E00090F865205830FAF735FC28B32069FBF7B1F930B3A5682069FBF7A8F92887A56861
:202100002069FBF79FF96887A5682069FBF7A0F9A887A5682069FBF797F9E887A0680125B8
:2021200090F864101C2910D090F84E10012912D090F80D1179B90BE0607840F001006070F0
:2021400056E4BDE87040002010E780F84E5002E090F80C1119B11E2180F8651012E01D2116
:2021600080F8651000F58E710288CA82028F0A83428F4A83828F8A83C08FC8830D75E0785A
:20218000E0F7CAFEA068002120F88A1F85702FE410B58F4C00230921A06890F86420583025
:2021A000FAF7D8FB48B16078002805D1A16801F87C0F087301F8180C10BD0120607010BDDC
:2021C0007CB5834C00230721A06890F864205830FAF7C0FB38B36078002826D16946206952
:2021E000FBF74EF99DF80000002500F02501A06880F896109DF8011001F0410180F89710B8
:2022000080F88850D0F8001100884988814200D0FFDFA068D0F800110D70D0F84C110A78C6
:2022200022B1FFDF16E0012060707CBD30F8D02BCA80C16F0D71C16F009A8A60019ACA6039
:20224000C26F0821117030F8D01CC06F4180E078E0F762FEA06880F864507CBD70B55C4CD6
:2022600000231946A06890F865205830FAF772FB012540B9A0680023082190F864205830DA
:20228000FAF768FB10B36078002820D1A06890F89000800712D42069FBF7B8F8A16881F8FC
:2022A0009100206930F8052FA1F892204088A1F8940011F8900F40F002000870A0684FF0CF
:2022C000000690F89010C90702D011E0657065E490F86520002319465830FAF73BFB00B928
:2022E000FFDFA06880F8655080F88C50A0F88A60A06890F86410012906D180F8646080F83C
:202300008860E078E0F708FEA168D1F80001098842888A42DBD101780429D8D10670E078DD
:20232000E0F7FAFDA06890F864100029CFD180F8886033E470B5264DA86890F864101A29A4
:2023400002D00220687029E469780029FBD1002480F88D4080F88840D0F8001100884988F3
:20236000814200D0FFDFA868D0F800110C70D0F84C110A780AB1FFDF25E090F88E2072B1E9
:2023800080F88E400288CA80D0F84C110C71D0F84C210E2111700188D0F84C010DE030F8E9
:2023A000D02BCA80C16F0C71C26F01211172C26F0D21117030F8D01CC06F418000F092FEF1
:2023C000E878E0F7A9FDA86880F864401AE400009001002070B5FA4CA16891F86420162A84
:2023E00001D0132A02D191F88E2012B10220607008E46278002AFBD181F8C800002581F875
:202400008D5081F88850D1F8000109884088884200D0FFDFA068D0F800010078032800D0AF
:20242000FFDF0321FE20FFF7EAFCA068D0F84C110A780AB1FFDF14E030F8C82BCA8010F8F7
:20244000081BC26F1171C16F0D72C26F0D21117030F8D01CC06F418000F044FEE078E0F7B2
:202460005BFDA06880F8645041E470B5D44C09210023A06890F864205830FAF76BFA002502
:2024800018B12069007912281ED0A0680A21002390F864205830FAF75DFA18B1206900794C
:2024A000142814D02069007916281AD1A06890F864101F2915D180F8645080F88850BDE87E
:2024C00070401A20FFF729BABDE8704060E6A06800F8645F058480F82450BDE8704000F021
:2024E00087BD04E470B5B64C2079C00773D0206900230521C578A06890F864205830FAF74A
:2025000029FA98B1062D11D006DC022D0ED0042D0CD0052D06D109E00B2D07D00D2D05D02F
:20252000112D03D0607840F0080060706078002851D12069FAF7CEFE00287ED0206900251E
:202540000226C178891E162977D2DFE801F00B7634374722764D76254A457676763A5350B2
:202560006A6D7073A0680023012190F867205830FAF7F0F908BB2069FAF710FFA16881F815
:20258000FE00072081F8670081F88C5081F8885056E0FFF76AFF53E0A06890F864100F298C
:2025A00001D066704CE0617839B980F86950122180F8641044E000F0C0FD41E000F09CFDB2
:2025C0003EE0FAF7A0FF03283AD12069FAF79FFFFFF700FF34E03BE00079F9E7FFF7AAFEE4
:2025E0002EE0FFF73BFE2BE0FFF7EAFD28E0FFF7CFFD25E0A0680023194690F865205830C8
:20260000FAF7A8F9012110B16078C8B901E0617016E0A06820F88A5F817000F8256C0FE0D2
:202620000BE0FFF758FD0BE000F029FD08E0FFF7D5FC05E000F0EFFC02E00020FFF796FC6A
:20264000A268F2E92A01401C41F10001C2E9000153E42DE9F0415A4C2079800741D56078FD
:2026600000283ED1E06801270026C17820461929856805F158006FD2DFE801F04B3E0D6F73
:20268000C1C1801C34C1556287C1C1C1C1BE8B9598A4B0C1BA0095F8672000230121FAF756
:2026A00059F900281DD1A068082180F8671080F8886090E0002395F865201946FAF74AF9FA
:2026C00010B1A06880F88C60A0680023194690F864205830FAF73EF9002802D0A06880F80D
:2026E00088605CE4002395F864201946FAF732F900B9FFDF042008E0002395F864201946CD
:20270000FAF728F900B9FFDF0C20A16881F8640045E4002395F864201946FAF71BF900B984
:20272000FFDF0D20F1E7002395F864201946FAF711F900B9FFDFA0680F2180F88D7008E0FC
:2027400095F86400122800D0FFDFA068112180F88E7080F8641022E451E0002395F8642099
:202760001946FAF7F7F820B9A06890F88E0000B9FFDFA068132180F88D70EAE795F8640019
:20278000182800D0FFDF1A20BFE7BDE8F04100F053BD002395F864201946FAF7DBF800B985
:2027A000FFDF0520B1E785F88C6014E4002395F864201946FAF7CEF800B9FFDF1C20A4E775
:2027C00090010020002395F865201946FAF7C2F800B9FFDFA06880F88C6082E7002395F8ED
:2027E00064201946FAF7B6F800B9FFDF1F208CE7BDE8F04100F0E8BC85F86560D3E7FFDFCA
:202800006FE710B5F64C6078002837D1207940070FD5A06890F86400032800D1FFDFA068B9
:2028200090F86710072904D101212170002180F86710FFF70EFF00F0A5FCFFF753FEA078DE
:20284000000716D5A0680023052190F864205830FAF780F850B108206070A068D0F84C1112
:2028600008780D2800D10020087002E00020F8F761FCA068BDE81040FFF707BB10BD2DE954
:20288000F041D74C07464FF00005607808436070207981062046806802D5A0F87E5004E0D1
:2028A000B0F87E10491CA0F87E1000F007FD0126F8B1A088000506D5A06890F86A1011B1BF
:2028C000A0F8765015E0A068B0F87610491CA0F8761000F0E2FCA068B0F87610B0F87820A8
:2028E000914206D3A0F8765080F82261E078E0F713FB207910F0600F08D0A06890F86810AE
:2029000021B980F868600121FEF74AFD1FB9FFF778FFFFF78FF93846FEF75DFFBDE8F041D7
:20292000F4F734BEAE4A51789378194313D111460128896808D01079400703D591F86700CD
:20294000072808D001207047B1F84800098E884201D8FEF7C1B900207047A149C278896812
:20296000012A06D05AB1182A08D1B1F8F810FAF7A8BDB1F80A114172090A81727047D1F82C
:20298000001189884173090A8173704770B5944C05460E46A0882843A080A80703D5E807D6
:2029A00000D0FFDFE660E80700D02661A80719D5F078062802D00B2814D10BE0A06890F845
:2029C000641018290ED10021E0E92A11012100F83E1C07E0A06890F86410122902D10021B0
:2029E00080F86A10280601D50820A07068050AD5A0688288B0F85810304600F06EFC3046F5
:202A0000BDE87040A9E762E43EB505466846F4F788FD00B9FFDF2221009801F0E2FF0321C7
:202A20000098FAF73FFC0098017821F0100101702946FAF75CFC6A4C192D72D2DFE805F07A
:202A400021190D3FB4B4B51367B4B5B55AB4B4B4B4A7B5B572728BB49400A168009891F81F
:202A6000FD100171A1E0A068009990F8CE0008719BE0A068D0F804110098491CFAF783FC19
:202A800093E0A1680098D1F8002192790271D1F8002112894271120A8271D1F800215289AE
:202AA000C271120A0272D1F8002192894272120A8272D1F80011C989FAF73CFC75E0A068D8
:202AC000D0F800110098091DFAF76AFCA068D0F8001100980C31FAF76DFCA068D0F8001117
:202AE00000981E31FAF76CFCA1680098C031FAF775FC5AE06269009811780171918841713F
:202B0000090A81715188C171090A01724DE03549D1E90001CDE9010101A90098FAF778FC5A
:202B200043E041E0A068B0F840100098FAF782FCA068B0F8CE100098FAF780FCA068B0F807
:202B400044100098FAF76EFCA068B0F8D0100098FAF76CFC29E0A268009892F818110171DD
:202B600092F81911417120E0A06890F8FB00FAF78DF801460098FAF7A0FCA06890F8FA00F8
:202B8000FAF784F801460098FAF793FC0DE0A06890F8F5100098FAF7B4FCA06890F8F4101A
:202BA0000098FAF7B2FC00E0FFDFF4F7CDFC00B9FFDF0098FFF7D1FE3EBD0948806890F8BC
:202BC000FA1009B990F8541080F8541090F8FB1009B990F8551080F855100020FEF79DBED2
:202BE0009001002024500200F8B5F74E00250446B060B5807570B57035700088F4F78EFC5C
:202C0000B0680088F4F7B0FCB4F8E000B168401C82B201F15800F9F791FC00B1FFDF94F866
:202C20006500242809D1B4F85810B4F8F800081A00B2002801DB707830B194F86400242874
:202C40000AD0252808D015E0FFF7B7FF84F86550B16881F87D500DE0B4F85810B4F8F8009F
:202C6000081A00B2002805DB707818B9FFF7A5FF84F86450A4F8E050FEF786FD00281CD19C
:202C8000B06890F8CC00FE2801D0FFF7BDFECF480090CF4BCF4A21462846F8F799F9B068D8
:202CA0000023052190F864205830F9F753FE002803D0BDE8F840F7F764BFF8BD10B5FEF79E
:202CC00063FD20B10020BDE810400146D7E5BDE81040F8F70BBA70B50C46064615464FF4A1
:202CE000A871204601F09FFE268005B9FFDF2868C4F800016868C4F80401A868C4F84C018E
:202D0000A6E4EFF7FCBD2DE9F0410D4607460621EFF7ECFC041E3DD0D4F84C1100260878B0
:202D200058B14A8821888A4207D109280FD00E2819D00D2826D008283ED094F82201D0B3A1
:202D40006E701020287084F82261AF809EE06E7009202870D4F84C01416869608168A96005
:202D60008089A88133E00846EFF7F2FD0746EFF79EFA70B96E700E202870D4F84C01406892
:202D8000686011E00846EFF7E3FD0746EFF78FFA08B10020A5E46E700D202870D4F84C018C
:202DA0004168696000892881D4F84C0106703846EFF777FA6AE00EE06E7008202870D4F869
:202DC0004C01416869608168A960C068E860D4F84C0106705AE094F8240198B16E701520FC
:202DE00028700AE084F82461D4F826016860D4F82A01A860B4F82E01A88194F824010028B9
:202E0000F0D143E094F8300170B16E701D20287084F83061D4F832016860D4F83601A8605E
:202E2000B4F83A01A88131E094F83C0140B16E701E20287084F83C61D4F83E01686025E012
:202E400094F81C0170B16E701B20287005E000BF84F81C61D4F81E01686094F81C010028D6
:202E6000F6D113E094F84201002893D06E701620287007E084F84261D4F844016860B4F807
:202E80004801288194F842010028F3D1012028E44D4A5061D170704770B50D4604464EE028
:202EA000B4F8E000401CA4F8E000B4F87E00401CA4F87E00204600F001FAB8B1B4F8760032
:202EC000401CA4F87600204600F0E7F9B4F87600B4F87810884209D30020A4F876000120FF
:202EE00084F822013848C078E0F716F894F8880020B1B4F88400401CA4F8840094F88C00ED
:202F000020B1B4F88A00401CA4F88A0094F8FC0040B994F867200023012104F15800F9F712
:202F200019FD20B1B4F88200401CA4F882002046FEF7ABFFB4F85800401CA4F858006D1E1E
:202F4000ADB2ADD25FE5204AC2E90601704770B50446B0F87E0094F86810D1B1B4F8801025
:202F60000D1A2D1F94F87C0040B194F864200023092104F15800F9F7EDFC70B1B4F87660BF
:202F8000204600F09BF938B1B4F87800801B001F03E0C0F10205E5E72846A84200DA05469C
:202FA000002D01DC00202EE5A8B22CE5012802D0022805D102E0012904D001E0022901D0B1
:202FC0000020704701207047900100207F280200252902008D29020010B5012804D00228F4
:202FE00004D0FFDF204610BD0124FBE70224F9E710B5D84C0421A068FEF7D2F9A06890F879
:203000004E10012903D0BDE8104000F083B9022180F84E1010BD70B5CE4CA06890F864003B
:203020001F2804D0607840F001006070EBE42069FAF735FAD8B1206901220179407901F0CB
:20304000070161F30705294600F0070060F30F21A06880F888200022A0F88420232200F85C
:20306000642FD0F8B400BDE87040FEF77ABD0120FEF77CFFBDE870401E20FEF74EBC70B578
:20308000B44C00230A21A06890F864205830F9F761FC10B32069FAF7DDF9A8B1A5682069F7
:2030A000FAF7D4F92887A5682069FAF7CBF96887A5682069FAF7CCF9A887A5682069FAF767
:2030C000C3F9E887FEF76FFDA168002081F8880081F86400BDE870408AE7607840F001008E
:2030E000607090E49B4810B580680088EFF730FCBDE81040EFF7C6B810B5964CA36893F8CC
:203100006400162802D00220607010BD60780028FBD1D3F80001002200F11E010E30B03391
:20312000F9F792FBA0680021C0E92811012180F86910182180F8641010BD10B5854CA06864
:2031400090F86410132902D00220607010BD61780029FBD1D0F8001100884988814200D013
:20316000FFDFA068D0F8001120692631FAF743F9A1682069C431FAF746F9A168162081F814
:20318000640010BD10B5734C207900071BD56078002818D1A068002190F8CC00FEF72FFE62
:2031A000A06890F8CC00FE2800D1FFDFA068FE2180F8CC1090F86710082904D102212170AA
:2031C000002180F8671010BD70B5624D24210024A86890F86520212A05D090F86420232A3F
:2031E00018D0FFDF0FE490F8FA2012B990F8FB202AB180F86510A86880F88C4003E400F80B
:20320000654F047690F8B1000028F4D00020FEF784FBF0E790F8FA2012B990F8FB202AB105
:2032200080F86410A86880F8884069E580F864400020FEF772FBF5E770B5464C0025A068A6
:20324000D0F8001103884A889A4218D10978042915D190F86420002319465830F9F77AFB64
:2032600000B9FFDFA06890F89010890703D4012180F8641003E000F8885F806F0570A068E4
:203280000023194690F865205830F9F763FB002802D0A06880F88C5032E5B0F87820B0F874
:2032A00076108A4201D3511A00E000218288521D8A4202D3012180F87C10704710B590F838
:2032C0006A1041B990F86420002306215830F9F741FB002800D0012010BD1144C2781D4896
:2032E000891D89B28068012A06D042B1182A05D190F8FA203AB10AE0A0F80A117047D0F850
:2033000000018180704790F8FB2002B90021A0F8F81070470F4B30B4986800F58E72018862
:203320005181018E9181818ED181018FB0F84440A14200D321461182818FB0F8460081428C
:2033400000D20846508201201072D87830BCDFF7E3BD00009001002070B58D4C0829207AAC
:2033600062D2DFE801F0041959592561615978B1F3F73AF901210846F3F706FBF4F74DF881
:203380000020A072F3F70AFABDE87040F3F79ABCBDE87040F1F7F6B9D4E90001F0F7E9FFFF
:2033A0002060A07A401CC0B2A07228281CD370BDA07A0025401EC6B2E0683044F3F77DFDF2
:2033C00010B9E1687F208855A07A272828BF01252846F3F7A1FFA07A282809D2401CC0B2DE
:2033E000A072282828BF70BDBDE87040F3F7D6B9207A00281CBF012000F085F8F3F7C9FBB0
:20340000F3F752FC0120E07262480078DFF784FDBDE87040F1F7B6B9002808BF70BD0020A0
:20342000BDE8704000F06FB8FFDF70BD10B5584C207A002804BF0C2010BD00202072E0722A
:20344000607AF1F7FAFD607AF2F745F8607AF1F770FA00280CBF1F20002010BD002270B521
:203460004B4C06460D46207A68B12272E272607AF1F7E3FD607AF2F72EF8607AF1F759FADB
:20348000002808BFFFDF4348E560067070BD70B5050007D0A5F5E8503F494C3881429CBFEF
:2034A000122070BD3A4CE068002804BF092070BD207A00281CBF0C2070BD3848F1F7DDF96A
:2034C0006072202804BF1F2070BDF1F751FA2060002D1CBF28442060012065602072002064
:2034E00000F011F8002070BD2949CA7A002A04BF002070471F22027000224270CB684360AF
:20350000CA72012070472DE9F04184B00746F1F72FFA1F4D8046414668682C6800EB800036
:2035200046002046F1F73DFFB04206DB6868811B4046F0F71EFF0446286040F234762146DD
:203540004046F1F72EFFB04204DA31464046F0F710FF044600208DF800004FF4DD6003900B
:2035600004208DF80500002F14BF012003208DF8040068460294F1F7CAFB687A6946F1F764
:2035800041FC002808BFFFDF04B0BDE8F08100004C130020B0010020B5EB3C00593302009D
:2035A0002DE9F0410C4612490D68114A114908321160A0F12001312901D301200CE04128EC
:2035C00010D040CC0C4F94E80E0007EB8000241F50F8807C3046B84720600548001D05605D
:2035E000BDE8F0812046DDF713FEF5E70620704710050240010000012C50020010B553487A
:20360000F2F716FA00B1FFDF5048401CF2F710FA002800D0FFDF10BD2DE9F14F4C4ED6F8DA
:2036200000B001274948F2F70BFADFF8208128B95FF0000708F10100F2F718FA454C0025D9
:203640004FF0030901206060C4F80051C4F80451009931602060DFF800A118E0DAF8000034
:20366000C00614D50E2000F064F8EFF3108010F0010072B600D00120C4F80493D4F8001165
:2036800019B9D4F8041101B920BF00B962B6D4F8000118B9D4F804010028DFD0D4F80401F6
:2036A0000028CFD137B1C6F800B008F10100F2F7C7F911E008F10100F2F7C2F90028B9D108
:2036C000C4F80893C4F80451C4F800510E2000F030F81E48F2F7CAF90020BDE8F88F2DE9BB
:2036E000F0438DB00D46064600240DF110090DF1200817E004EB4407102255F827106846C5
:2037000001F0F0F805EB870710224846796801F0E9F86846FFF780FF10224146B86801F0F2
:20372000E1F8641CB442E5DB0DB00020BDE8F08372E7002809DB00F01F02012191404009D3
:20374000800000F1E020C0F880127047B101002004E5004000E0004010ED00E0B2490020E4
:203760000870704770B5B14D01232B60B04B1C68002CFCD0002407E00E6806601E68002E36
:20378000FCD0001D091D641C9442F5D30020286018680028FCD070BD70B5A34E0446A54D61
:2037A0003078022800D0FFDFAC4200D3FFDF7169A148012903D847F23052944201DD03228E
:2037C0004271491C7161291BC1609B497078F1F719FB002800D1FFDF70BD70B5924C0D4678
:2037E0006178884200D0FFDF924E082D4BD2DFE805F04A041E2D4A4A4A382078022800D049
:20380000FFDF03202070A078012801D020B108E0A06800F0AFFD04E004F1080007C8FFF702
:20382000A1FF05202070BDE87040F0F7ABBFF1F79FF801466068F1F7B4FDB04202D26169D6
:2038400002290BD30320F2F792F812E0F1F790F801466068F1F7A5FDB042F3D2BDE87040C2
:203860009AE7207802280AD0052806D0FFDF04202070BDE8704000F0CCB8022000E00320A8
:20388000F2F775F8F3E7FFDF70BD70B50546F1F76FF8654C60602078012800D0FFDF66499F
:2038A000012008700020087104208D6048716148C860022020706078F1F7A4FA002800D132
:2038C000FFDF70BD10B5584C207838B90220F2F764F818B90320F2F760F808B1112010BD98
:2038E0005648F0F7CAFF6070202804D0012020700020606110BD032010BD2DE9F047144698
:20390000054600EB84000E46A0F1040800F045FD07464FF0805001694F4306EB8401091FD4
:20392000B14201D2012100E0002189461CB10069B4EB900F02D90920BDE8F0872846DDF7F9
:20394000BBFC90B9A84510D3BD4205D2B84503D245EA0600800701D01020EDE73046DDF714
:20396000ABFC10B9B9F1000F01D00F20E4E7344834490068884205D0224631462846FFF710
:20398000F1FE14E0FFF79EFF0028D5D1264800218560C0E90364817000F071F810B14FF411
:2039A000A97000E0292060431830FFF76EFF0020C2E770B505464FF0805004696C432046AD
:2039C000DDF77AFC08B10F2070BD00F0E6FCA84201D8102070BD1A481A490068884203D0CC
:2039E000204600F0C7FC10E0FFF76CFF0028F1D10D4801218460817000F041F808B11248EB
:203A000000E012481830FFF740FF002070BD00F00DBF10B5044C6078F0F78BFF00B9FFDFF1
:203A20000020207010BD0000B401002004E5014000E40140105C0C005C130020DB370200CA
:203A400054000020BEBAFECA645E0100084C01004FF08050D0F830010A2801D000207047B8
:203A60000120704700B5FFF7F3FF20B14FF08050D0F8340108B1002000BD012000BD4FF041
:203A80008050D0F83011062905D0D0F83001401C01D000207047012070474FF08050D0F89D
:203AA0003001082801D0002070470120704700B5FFF7E5FF48B14FF08050D0F83411062952
:203AC00005D3D0F83401401C01D0002000BD012000BD00B5FFF7D3FF58B14FF08050D0F8CC
:203AE0003411062905D3D0F83401401C01D0012000BD002000BD00004C490968016000200E
:203B000070474A4908600020704701218A0720B1012804D042F204007047916700E0D1679C
:203B20000020704742490120086042F20600704708B504233E4A1907103230B1C1F804330A
:203B4000106840F0010010600BE0106820F001001060C1F808330020C1F8080135480068AD
:203B60000090002008BD011F0B2909D8304910310A6822F01E0242EA400008600020704792
:203B800042F205007047000100F18040C0F8041900207047000100F18040C0F8081900202C
:203BA0007047000100F18040D0F80009086000207047012801D9072070471F4A52F82000D8
:203BC00002680A43026000207047012801D907207047194A52F8200002688A43026000208E
:203BE0007047012801D907207047134A52F820000068086000207047020010494FF0000025
:203C000003D0012A01D0072070470A6070474FF080410020C1F808014FF0E020802180F89C
:203C200000140121C0F8001170470000000400400005004008010040F050020078050040FD
:203C40006249634B0A6863499A42096801D1C1F310010160002070475C495D4B0A685D496C
:203C6000091D9A4201D1C0F310000860002070475649574B0A68574908319A4201D1C0F381
:203C8000100008600020704730B5504B504D1C6842F20803AC4202D0142802D203E0112809
:203CA00001D3184630BDC3004B481844C0F81015C0F81425002030BD4449454B0A6842F295
:203CC00009019A4202D0062802D203E0042801D308467047404A012142F830100020704745
:203CE0003A493B4B0A6842F209019A4202D0062802D203E0042801D308467047364A0121D1
:203D000002EBC00041600020704770B52F4A304E314C156842F2090304EB8002B54204D0EC
:203D2000062804D2C2F8001807E0042801D3184670BDC1F31000C2F80008002070BD70B543
:203D4000224A234E244C156842F2090304EB8002B54204D0062804D2D2F8000807E0042834
:203D600001D3184670BDD2F80008C0F310000860002070BD174910B5083118480860112043
:203D8000154A002102EBC003C3F81015C3F81415401C1428F6D3002006E0042804D302EBD8
:203DA0008003C3F8001807E002EB8003D3F80048C4F31004C3F80048401C0628EDD310BD5E
:203DC00004490648083108607047000054000020BEBAFECA00F5014000F001400000FEFFD8
:203DE000834B1B6803B19847BFF34F8F81480168814A01F4E06111430160BFF34F8F00BF18
:203E0000FDE710B5EFF3108010F0010F72B601D0012400E0002400F0E1F850B1DDF7ECFAD1
:203E2000F0F76BFBF1F745FDE8F75AF873490020086004B962B6002010BD2DE9F0410C463B
:203E40000546EFF3108010F0010F72B601D0012600E0002600F0C2F820B106B962B60820F5
:203E6000BDE8F081DDF7BCF9DDF7CAFA0246002001234709BF0007F1E02700F01F01D7F892
:203E80000071CF40F9071BD0202803D222FA00F1C90727D141B2002904DB01F1E02191F84E
:203EA000001405E001F00F0101F1E02191F8141D4909082916D203FA01F717F0EC0F11D018
:203EC000401C6428D5D3E7F7E9FF4D4A4D490020E8F72CF849494C4808602046DDF7F3F988
:203EE00060B904E006B962B641F20100B8E7404804602DB12846DDF733FA18B110242CE0D9
:203F0000424D19E02878022802D94FF4805424E007240028687801D0F8B908E0E8B12028DB
:203F20001BD8A878212818D8012816D001E0A87898B9E8780B2810D83549802081F8140DA1
:203F4000DDF75EFA2946F1F79AFCF0F795FA00F057FA2846DDF722FA044606B962B61CB145
:203F6000FFF74FFF20467BE7002079E710B5044600F034F800B101202070002010BD2549CD
:203F800008600020704770B50C4623490D682249224E08310E60102807D011280CD01228AA
:203FA0000FD0132811D0012013E0D4E90001FFF744FF354620600DE0FFF723FF0025206056
:203FC00008E02068FFF7D2FF03E0124920680860002020601048001D056070BD07480A4933
:203FE0000068884201D101207047002070470000CC0100200CED00E00400FA0554000020D1
:20400000F813002000000020BEBAFECAF85002000BE000E004000020100502400100000183
:2040200000B5864910F1080F08BFF82024D014DC10F1280F08BFD8201ED010F1140F08BF51
:20404000EC2019D010F1100F08BFF02014D010F10C0F08BFF4200FD00CE010F1040F08BFF3
:20406000FC2009D0002818BF032805D0042804BF086000BDFFDF00BD086000BD00B570490A
:20408000012808BF032004D0022816BFFFDF042000BD086000BD70B505460C4616461046E2
:2040A000F3F788F9022C08BF4FF47A7105D0012C0CBF4FF4C86140F6340144183046F3F712
:2040C000A3F9204449F6797108444FF47A71B0FBF1F0281A70BD70B505460C460846F3F748
:2040E00078F9022C08BF40F24C4105D0012C0CBF40F634014FF4AF5149F6CA62511A0844FE
:204100004FF47A7100F2E140B0FBF1F0281A801E70BD70B5064615460C460846F3F759F91D
:20412000022D08BF4FF47A7105D0012D0CBF4FF4C86140F63401022C08BF40F24C4205D02C
:20414000012C0CBF40F634024FF4AF52891A084449F6FC6108444FF47A71B0FBF1F0301ADC
:2041600070BD70B504460E460846F3F723F905463046F3F749F928444AF2AB3108444FF4FB
:204180007A71B0FBF1F0201A801E70BD2DE9F04107461E460D4614461046082A16BF042875
:2041A0004EF62830F3F706F907EB4701C1EBC71100EBC100022D08BF40F24C4105D0012D58
:2041C0000CBF40F634014FF4AF5147182846F3F700F9381A4FF47A7100F6B730B0FBF1F5C8
:2041E0002046F3F7DBF828443044401DBDE8F08170B5054614460E460846F3F7DBF805EB30
:204200004502C2EBC512C0EBC2053046F3F7FCF82D1A2046082C16BF04284EF62830F3F7A5
:20422000C9F828444FF47A7100F6B730B0FBF1F52046F3F7B3F82844401D70BD0C15004063
:20424000101500402DE9FE430C468046F9F73EF8074698F80160204601A96A46EEF703F886
:2042600005000DD0012F02D00320BDE8FE83204602AA0199EDF719FF0298B0F803000AE03A
:20428000022F14D1042E12D3B8F80300BDF80020011D914204D8001D80B2A919814202D1F5
:2042A0004FF00000E1E702D24FF00100DDE74FF00200DAE7C2790D2341B342BB818801298E
:2042C00004D94908818004BF012282800168012918BF002930D001686FEA0101C1EBC10201
:2042E00002EB011281796FEA010101EB8103C3EB811111444FEA914201608188B2FBF1F35D
:2043000001FB132181714FF0010102E01AB14FF00001C17170478188FF2908D24FF6FF72A3
:2043200002EA41018180FF2984BFFF2282800168012918BF0029CED10360CCE7817931B19C
:20434000491E11F0FF0181711CBF002070470120704710B50121C1718171818004460421FE
:20436000F1F7E8FB002818BF10BD2068401C206010BD00000B4A022111600B490B68002B9A
:20438000FCD0084B1B1D186008680028FCD00020106008680028FCD070474FF08050406987
:2043A0007047000004E5014000E4014002000B464FF00000014620D0012A04D0022A04D02F
:2043C000032A0DD103E0012002E0022015E00320072B05D2DFE803F00406080A0C0E1000A9
:2043E00007207047012108E0022106E0032104E0042102E0052100E00621F0F75CBA000093
:20440000F948052181700021017041707047F7490A78012A05D0CA681044C8604038F0F77B
:204420008DBF8A6810448860F8E7002819D00378EF49F04A13B1012B0ED011E00379012BBE
:2044400000D06BB943790BB1012B09D18368643B8B4205D2C0680EE00379012B02D00BB170
:204460000020704743790BB1012BF9D1C368643B8B42F5D280689042F2D801207047DB4919
:2044800010B501220A700279A2B100220A71427992B104224A718268D34C52328A60C068D1
:2044A0001434C8606060F0F763FACF4920600220887010BD0322E9E70322EBE770B5CB4DE0
:2044C000044600202870207988B100202871607978B10420C44E6871A168F068EFF749FFAF
:2044E000A860E0685230E8600320B07070BD0120ECE70320EEE72DE9F04105460226F0F7A5
:2045000049FE006800B1FFDFB74C01273DB12878B0B1012805D0022810D0032813D0277195
:204520000CE06868C82807D3F0F76FFF20B16868FFF76DFF012603E0002601E000F05EF945
:204540003046BDE8F08120780028F7D16868FFF76CFF0028E3D06868017879B1A078042884
:2045600000D0FFDF01216868FFF7A8FF9F49E078F0F748FC0028E1D1FFDFDFE7FFF77FFFA1
:204580006770DBE72DE9F047974C8846E178884200D0FFDFDFF8509200250127934E09F1D2
:2045A0001409B8F1080F75D2DFE808F0040C28527A808D95A078032802D0022800D0FFDF85
:2045C000BDE8F087A078032802D0022800D0FFDF0420A07025712078002878D1FFF717FFF3
:2045E0003078012806D0B068E06000F033F92061002060E0E078F0F702FBF5E7A078032864
:2046000002D0022800D0FFDF207800286DD1A078032816D0F0F7ACF901464F46D9F8000090
:20462000F0F7BFFE00280EDB796881420BDB081AF0606E49E078F0F7E5FB0028C0D1FFDF5C
:20464000BEE7042028E00420F1F791F9A570B7E7A078032802D0022800D0FFDF207888BB78
:20466000A078032817D0F0F783F901464F46D9F80000F0F796FE0028E5DB79688142E2DB3C
:20468000081AF0605949E078F0F7BCFB002897D1FFDF95E740E00520F1F769F9A7708FE70A
:2046A000A078042800D0FFDF022004E0A078042800D0FFDF0120A1688847FFF71CFF0546BB
:2046C00030E004E011E0A078042800D0FFDFBDE8F04700F093B8A078042804D0617809B141
:2046E000022800D0FFDF207818B1BDE8F04700F08EB8207920B10620F1F739F92571CDE77B
:20470000607838B13949E078F0F77CFB00B9FFDF657055E70720BFE7FFDF51E73DB1012DF9
:2047200003D0FFDF022DF9D14AE70420C3E70320C1E770B5050004D02B4CA078052806D174
:2047400001E0102070BD0820F1F727F908B1112070BD2948F0F791F8E070202806D0012163
:20476000F0F74DFF0020A560A07070BD032070BD1D4810B5017809B1112010BD81780529D2
:2047800006D0012906D029B101210170002010BD0F2010BD00F03BF8F8E770B5124C05461D
:2047A000A07808B1012809D155B12846FFF73DFE40B1287840B1A078012809D00F2070BD88
:2047C000102070BD072070BD2846FFF758FE03E000212846FFF772FE0449E078F0F712FBFD
:2047E00000B9FFDF002070BDD00100206C1300203D860100FF1FA107854502000A4810B5D8
:20480000006900F01FF8BDE81040EFF7BBBF064810B5C078F0F78DF800B9FFDF0820F1F775
:20482000A6F8BDE81040EBE5D001002010B5134C2060201D0160114810300260001D036067
:20484000002010BD0E490A6848F202139A4302430A6070470A4A116848F2021301EA030006
:20486000994311607047054B02465B4210201344FC2B01D8116000207047000000060040EA
:20488000C8060240704770477047704740EA010310B59B070FD1042A0DD310C808C9121FCF
:2048A0009C42F8D020BA19BA884201D9012010BD4FF0FF3010BD1AB1D30703D0521C07E00B
:2048C000002010BD10F8013B11F8014B1B1B07D110F8013B11F8014B1B1B01D1921EF1D131
:2048E000184610BD032A40F2308010F0030C00F0158011F8013BBCF1020F624498BF11F8E1
:2049000001CB00F8013B38BF11F8013BA2F1040298BF00F801CB38BF00F8013B11F0030375
:2049200000F02580083AC0F0088051F8043B083A51F804CBA0E80810F5E7121D5CBF51F877
:20494000043B40F8043BAFF30080D20724BF11F8013B11F801CB48BF11F8012B24BF00F892
:20496000013B00F801CB48BF00F8012B704710B5203AC0F00B80B1E81850203AA0E81850B0
:20498000B1E81850A0E81850BFF4F5AF5FEA027C24BFB1E81850A0E8185044BF18C918C078
:2049A000BDE810405FEA827C24BF51F8043B40F8043B08BF7047D20728BF31F8023B48BF2E
:2049C00011F8012B28BF20F8023B48BF00F8012B704702F0FF0343EA032242EA024200F0DE
:2049E00002B84FF000020429C0F0128010F0030C00F01B80CCF1040CBCF1020F18BF00F859
:204A0000012BA8BF20F8022BA1EB0C0100F00DB85FEAC17C24BF00F8012B00F8012B48BFB8
:204A200000F8012B70474FF0000200B5134694469646203922BFA0E80C50A0E80C50B1F1F2
:204A40002001BFF4F7AF090728BFA0E80C5048BF0CC05DF804EB890028BF40F8042B08BF4C
:204A6000704748BF20F8022B11F0804F18BF00F8012B70477047704770477047FEDF184997
:204A80000978F9B90420714608421BD10699154A914217DC0699022914DB02394878DF2853
:204AA00010D10878FE2807D0FF280BD14FF001004FF000020C4B184741F201000099019AF6
:204AC000094B1847094B002B02D01B68DB6818474FF0FF3071464FF00002034B184700009A
:204AE00028ED00E000600200E13D020004000020174818497047FFF7FBFFDCF75FFB00BDCA
:204B0000154816490968884203D1154A13605B68184700BD20BFFDE70F481049096888426B
:204B200010D1104B18684FF0FF318842F2D080F308884FF02021884204DD0B4802680321AF
:204B40000A4302600948804709488047FFDF00008013002080130020001000000000002002
:204B6000040000200060020014090040C52F0000014B020004207146084202D0EFF30981AD
:204B800001E0EFF30881886902380078102813DB20280FDB2C280BDB0A4A12680A4B9A4295
:204BA00003D1602804DB094A1047022008607047074A1047074A1047074A12682C321268DC
:204BC0001047000054000020BEBAFECA05140000A1350200873F0200040000200D4B0E493E
:204BE00008470E4B0C4908470D4B0B4908470D4B094908470C4B084908470C4B0649084789
:204C00000B4B054908470B4B034908470A4B024908470000C5BC0000F9BF0000552D000006
:204C2000CF2B00005D2B0000F72D0000211400001B2900004D2F0000C9110000002101607D
:204C400081807047002101604160017270470A6802600B7903717047819600002B980000F2
:204C60008D990000F19900002B9A00005F9A0000999A0000C99A0000379B0000799700004E
:204C8000B1990000A7120000B54300000144000067440000F344000017460000D946000076
:204CA0000B470000E34700007B480000CF480000B5490000D5490000C3160000E7160000AC
:204CC000171600006B16000019170000AD17000033600000E3610000A9650000C166000026
:204CE0004B670000C96700002D6800004D6900001D6A0000896A0000F7490000FD49000087
:204D0000074A00006F4A00009B4A0000494C0000734C0000AB4C0000214D00000D4E000090
:204D2000234E000025440000A7120000A7120000A7120000A7120000A7120000A712000043
:204D4000A7120000A3250000292600004526000061260000EF2700008B260000952600000F
:204D6000D7260000F9260000D527000017280000A7120000A7120000B7830000D7830000D6
:204D8000E18300001B8400004984000039850000C7850000DB850000298600003F87000064
:204DA000E58800000D8A00003B730000258A0000A7120000A7120000B9B5000023B70000D8
:204DC00077B70000E3B7000093B800000100000000000000100110013A0200001A02000441
:204DE00005060000FFFFFFFF0000FFFFADAD0000173D00004921000085730000FD8E000013
:204E000000000000C191000085910000AF91000097910000000002000000000000020000BE
:204E20000000000000010000000000006381000043810000B181000025250000E724000042
:204E40000725000017A9000043A900004BAB00002D590000D1810000000000000182000029
:204E6000732500000000000000000000000000002DAA000000000000C159000003000000A6
:204E800001555555D6BE898E00006306630C631200000703AB054F08000053044308330C28
:204EA000000000004808000048080000AF560000AF5600009143000059AC000007760000F2
:204EC0005B200000D72C02002D9E0100ED560000ED560000B3430000BBAC00008B760000A2
:204EE000CD200000032D0200419E010070017001400038005C00240050010802000003007B
:204F0000656C74620000000000000000000000000000000087000000000000000000000063
:204F200000000000BE83605ADB0B376038A5F5AA9183886C01000000B32E0100793D0100DB
:204F40000000000102060304050000000700000000000000060000000A00000032000000F3
:204F600073000000B4000000278A0100A91402004FF8000009B1010067EB010009B1010089
:204F8000EDF90000C7B2010053E80100C7B201004DF6000055B20100AFEA010055B201000E
:204FA0004BF800001DB101000DE601001DB101009FFE00003FB501001BEC01003FB501008D
:204FC000F401FA00960064004B0032001E0014000A000500020001000041000000000000E6
:204FE000AAAED7AB154120100C0802170D01010209090101060209181803010109090303A1
:2050000005555555252627D6BE898E00F401FA00960064004B0032001E0014000A000500C8
:20502000020001002541000000000000413C0200593C0200713C0200893C0200B93C020084
:20504000E13C02000B3D02003F3D0200B3390200FB3802000F3A020067480200315A0100BE
:20506000415A01006D5A01003F5B0100475B0100595B01000B3B0200253B0200F93A0200FA
:20508000033B0200313B0200673B0200ED350200873B0200953B0200A33B0200B33B020034
:2050A000CB3B0200E33B0200F93B0200ED3502000000000067BA0000BDBA0000D3BA000049
:2050C000AD43020019360200DF36020033470200714702009B47020011590100715D010022
:2050E000ED350200ED350200ED350200ED3502001C05004020050040001002001C510200D9
:2051000008000020E40100004411000050510200EC01002094110000A0110000011413F807
:20512000130240200B200406441A0102228C2720FB349B5F801280021E101B430B5419042A
:105140002A8608019F0916CB327F0B6CF410C00031
:2060000000000120610A0300A10A0300A30A0300A50A0300A70A0300A90A03000000000077
:20602000000000000000000000000000DD090300AD0A030000000000FD090300B10A0300F6
:20604000B30A0300B30A0300E5E302004DDC0200B30A03006D830200B30A0300B30A030099
:20606000B30A0300B30A0300B30A0300B30A0300B30A0300B30A0300B30A0300B30A030020
:20608000B30A030069070300B30A0300B30A0300B30A0300B30A03006DCA0200B30A0300D4
:2060A000B30A0300B30A0300B30A0300B30A0300B30A0300B30A0300000000000000000060
:2060C000B30A0300B30A0300B30A0300B30A0300B30A0300B30A0300B30A03000000000080
:2060E0000000000000000000000000000000000000000000000000000000000000000000A0
:2061000000000000000000000000000000000000000000000000000000000000000000007F
:2061200000000000000000000000000000000000000000000000000000000000000000005F
:2061400000000000000000000000000000000000000000000000000000000000000000003F
:2061600000000000000000000000000000000000000000000000000000000000000000001F
:206180000000000000000000000000000000000000000000000000000000000000000000FF
:2061A0000000000000000000000000000000000000000000000000000000000000000000DF
:2061C0000000000000000000000000000000000000000000000000000000000000000000BF
:2061E00000000000000000000000000000000000000000000000000000000000000000009F
:20620000F1EE103A43F08073E1EE103A704700BF10B5054C237833B9044B13B10448AFF302
:2062200000800123237010BD78380020000000002CBB030008B5034B1BB103490348AFF390
:20624000008008BD000000007C3800202CBB0300154B002B08BF134B9D46A3F5803A002135
:206260008B460F461348144A121A11F004FE0F4B002B00D098470E4B002B00D09847002089
:20628000002104000D000D48002802D00C48AFF3008011F073FD200029000AF02FFC11F027
:2062A00047FD00BF00000800000001200000000000000000783800206C5D002000000000F9
:2062C0000000000008B5032112200AF069FF03210846BDE808400AF063BF00BF2DE9F041C8
:2062E00008F0CEF8044612200BF004F8A0F1010703200AF0FFFF3849384E0B78B7FA87F700
:206300007F09A0F101050022B5FA85F5BB4280464FEA5515327072702FD0314B31481A78A3
:206320000F70AA42046004D02F4A1D701460BDE8F0812D4F3B68E41A132CF8D92B4B1A78F5
:20634000AA42F4D0B8F1010F1D70F0D1284A294813882949294C86F8018043F00203138057
:20636000B425002350220B702570027008F088F8234B50301860BDE8F0811949194A0878F4
:206380001268194FA842A4EB020221D0132A0D703C60CCD91B4A11789942CBD01370002BA0
:2063A000C8D0134ADFF854C013881348114943F00103138000238CF800300370B42201239F
:2063C00033700A7008F05CF80D4B50301860B1E7132ADFD8AEE700BFA43800209838002038
:2063E000A53800209C380020A0380020AD380020AA380020A7380020A6380020A8380020B0
:2064000094380020AC380020054B1B6800209AB262F30F001B0C82B063F31F4002B0704772
:2064200098380020024B002218881A80704700BFAA38002070B506460D46144608F020F81D
:20644000084B1B6898420AD20749084A084B097812781B7831702A702370012070BD0020E1
:2064600070BD00BF94380020A8380020A7380020A63800202DE9F04F83B0DFF8ACB0DFF8B5
:20648000ACA0254D254C41F28836E9464FF0010805E0013EB6B207F0FFFF002E38D0204945
:2064A0009BF800309AF800200978204604F09AF9012128780AF074FE012128780AF008FF08
:2064C0000027184B00938DF804708DF8058099E80600204604F032F9394628780AF0F8FE81
:2064E0000521204604F08EF93946204604F08AF90121074628780AF0EBFE204604F06CF988
:20650000287801210AF0E4FEFB074FF00100C0D403B0BDE8F08F00BF0E360020483D002068
:206520001036002080841E00113600200F3600202DE9F04F83B0414CDFF810B1DFF810A1D2
:206540003F4D20F47F67FFF795FF3E499BF800309AF8002009782046012604F043F9287851
:2065600001210AF01DFE287831460AF0B1FE4FF00009354B0093E8468DF805608DF8049098
:2065800098E80600204604F0D9F8494628780AF09FFE2046062104F035F9314628780AF0C4
:2065A00097FE204604F018F9314628780AF090FE24499BF800309AF800200978204604F07F
:2065C00011F9314628780AF0EBFD314628780AF07FFE1D4B00938DF805608DF8049098E8AC
:2065E0000600204604F0AAF8494628780AF070FE27F00F072046202104F004F9C7F307413B
:20660000204604F0FFF8390A01F0F001204604F0F9F84946204604F0F5F8314628780AF0D2
:2066200057FE204604F0D8F8314628780AF050FE03B0BDE8F04FFFF71DBF00BF483D0020AF
:206640000E3600201036002080841E00113600200F3600202DE9F04F5E4D2C68C4F30B0329
:2066600085B0002B00F0B0805B4B5C4E1B78002B00F0A08033885F1EBFB2FF2F00F29A8099
:20668000E2B21344B3F5807F019200F29380FFF7F1FE534B534A5449DFF85C911B78127832
:2066A00009785248DFF844B1DFF850A14FF0010804F098F899F8000001210AF071FD99F8B3
:2066C000000041460AF004FE4FF0000C48488DF80CC002AB02908DF80D8093E806004348AE
:2066E00004F02CF8002199F800000AF0F1FD0621584604F087F8414699F800000AF0E8FDB9
:20670000584604F069F8414699F800000AF0E0FD334B344A34491B7812780978584604F0EE
:2067200061F8414699F800000AF03AFD414699F800000AF0CDFD4FF0000C2D488DF80CC0CA
:2067400002AB02908DF80D8093E80600584603F0F5FF002199F800000AF0BAFD02215846BE
:2067600004F050F8C4F30741584604F04BF8C4F30721584604F046F80199584604F042F8F4
:206780000AEB08031F441AF8011B584604F03AF85745F8D1012199F800000AF099FD1348A1
:2067A00004F01AF899F8000001210AF091FDFFF761FE2C680F4A04F5807400232C60146046
:2067C000338005B0BDE8F08F2046FFF7B1FE2C684AE700BF04360020B2380020AE38002034
:2067E000113600200F36002010360020483D002080841E00083600200E360020B8380020CE
:206800002DE9F041DFF8C4C0DFF8C4E02B4B2C4F1B7882B0064615462A489CF800200C4686
:206820009EF8001003F0DEFF387801210AF0B8FC387801210AF04CFD234B00934FF0000805
:2068400001238DF805308DF8048002AB13E906001C4803F073FF414638780AF039FD03214E
:20686000184803F0CFFFC6F30741164803F0CAFFC6F30721134803F0C5FFF1B2114803F0FA
:20688000C1FF65B1013D0F4E14FA85F5013C0021304603F0B7FF04F8010FAC42F7D101219E
:2068A00038780AF015FD074803F096FF3878012102B0BDE8F0410AF00BBD00BF1136002003
:2068C0000E360020483D002080841E000F360020103600202DE9F04F514A524C524D5348FA
:2068E0005349126823782D680078097887B00392504A0495ADF81400ADF81610029213B976
:2069000007B0BDE8F08F0020FFF712FE2378002BF6D0494FDFF82CB1DFF82CA1DFF82C9166
:20692000464CFFF7A7FD9BF800309AF8002099F800103846012603F055FF207801210AF075
:206940002FFC3146207800250AF0C2FC3C4B00938DF805608DF80450E84698E80600384611
:2069600003F0ECFE294620780AF0B2FC0621384603F048FF314620780AF0AAFC384603F08C
:206980002BFF314620780AF0A3FC9BF800309AF8002099F80010384603F024FF314620786C
:2069A0000AF0FEFB314620780AF092FC244B00938DF805608DF8045098E80600384603F091
:2069C000BDFE294620780AF083FC0221384603F019FF2946384603F015FF2946384603F0FC
:2069E00011FF2946384603F00DFF0DF107050DF1170615F8011F384603F004FFAE42F8D11C
:206A0000012120780AF064FC0B4803F0E5FE207801210AF05DFC07B0BDE8F04FFFF72ABDB4
:206A200008360020B2380020BC390020D93900200C3600204C303452483D00200E3600203A
:206A400080841E00113600200F360020103600202DE9F0410F4FDFF84C800F4E0F4D397038
:206A60000F4C327001212B7088F800000AF098FB98F8000001210AF02BFC3B78327829787E
:206A8000204603F0AFFE204603F000FE0120BDE8F08100BF113600200F3600201036002071
:206AA000483D00200E3600202DE9F04FDFF888B2DFF888A2DFF88892944C9BF800309AF840
:206AC000002099F80010924889B003F08BFE207801210AF065FB207801210AF0F9FB9BF817
:206AE00000309AF8002099F800108948012603F079FE207801210AF053FB2078314600257B
:206B00000AF0E6FB834B04930DF110088DF815608DF8145098E806007D481F4603F00EFE8D
:206B2000294620780AF0D4FBAB21794803F06AFE314620780AF0CCFB754803F04DFE31465B
:206B400020780AF0C5FB304607F0A6FC9BF800309AF8002099F800106D4803F043FE31465E
:206B600020780AF01DFB314620780AF0B1FB04978DF815608DF8145098E80600644803F013
:206B8000DDFD294620780AF0A3FB9F21604803F039FE29465E4803F035FE294601905C480B
:206BA00003F030FE29460746594803F02BFE3146009020780AF08CFB554803F00DFE314609
:206BC00020780AF085FB019B009A591EC9B23F0247EA0343FD29504942EA03020A604F4AD0
:206BE00094BF33462B46137003D9284609B0BDE8F08F9BF800309AF8002099F8001044480C
:206C00000495C8E90155C8F80C5003F0EBFD314620783F4F0AF0C4FA314620780AF058FB2C
:206C20003C4B02938DF80D6002AB8DF80C5093E80600384603F082FD294620780AF048FB03
:206C40000321384603F0DEFD2946384603F0DAFD2946384603F0D6FD2946384603F0D2FDAB
:206C60000DF10F050DF11F060021384603F0CAFD05F8010FB542F7D1012120780AF028FBE3
:206C8000234803F0A9FD207801210AF021FB244B049A9A4204D0214B187809B0BDE8F08F8A
:206CA0009DF81C20BDF81E101E4E1F481F4DDDE9053402F001023270A1F10A025A2A0360C6
:206CC0002C6010D86429CAB208D0312A14D8182A15D8132A16D90522142100E00122144DFD
:206CE000144C29702270A3F58053B3F57F2F24BF4FF480530360CEE702223221EFE70422C4
:206D00001921ECE70A221146E9E700BF0E360020483D002080841E00C0390020B238002006
:206D20004C303452D939002008360020BC3900200C3600200D360020113600200F3600201B
:206D400010360020014B1878704700BFB2380020014B1878704700BFD9390020034A044B51
:206D60000168116001221A70704700BFB4380020D8390020BF4A13782DE9F04707460E4657
:206D800083B1BD4D2B780021117093B1BB490878421E042A06D8DFE812F0E300A700790070
:206DA00066003D00B64B1878002840F0C781BDE8F087B449B44B0968B44A1868B44B12687F
:206DC00099700D0ADD700D0C090E5971110A9A71D971110C120E5A72AE4C1D71020ADA72F3
:206DE0002022247819725A73010CAB4D9C730322187399720F241A80A14B2C702246A449E4
:206E0000384600241C7011F012F82B7833700120BDE8F087CB7888784A781B0443EA002342
:206E2000134303F58050B0F5801FD9B280F0408103F580521032B2F5801F00F25E81944D30
:206E40001B0A4FF0050C10221424AB70697085F800C0EA70A0469149FFF7D2FC8E4D884B96
:206E600085F80080CAE7DFF83882002488F8004043B904F58054B4F5801F00F0BD802B780E
:206E8000002BF6D02046FFF753FBF2E7844B7D491B7809687D4A7C4C126824687D4D002B5B
:206EA0007B4B95F800C0997008BF0120587003201870080AD870080C090E5971110A9A71E6
:206EC000D971110C120E5A721C73220C724D9A72240ADC7220220F24187119725A7383F88A
:206EE0000EC02C70664B89E76E4BDFF8B4811B88002288F80020002B40F0FC80FFF7EAFC2A
:206F0000634B98F8002095F9004003211970002A40F0DC805B495D4A096812685C705A483E
:206F200099700C0ADC700C0C090E0068594D5971110A9A71D971110C120E95F800C05A7219
:206F4000554D1C71020C18739A72000A0F2420221972D87283F80EC05A732C70484B4DE790
:206F60004B78002B40F0B580DFF828A1DFF830814D48DFF810914B494C4A444C012388F82B
:206F800000304FF48053C9F80030036000230B8013702360FFF79EFC3D4B98F8002095F94D
:206FA00000C0032119700AB14CF0020C364822680068D9F800109AF800409C731873040C92
:206FC000000A99709C72D8720C0A080C324D9A71090E83F801C0DC704FEA122C1871597129
:206FE000100C0F24120E202183F807C018725A7259732C70224B01E72B49DFF88890294AB6
:20700000224C4FF480530B60C9F80030002313802360FFF75FFC1E4B98F8002095F900500F
:2070200003211970002A4ED1174822680068194CD9F8001094F800C01873040C000AD87288
:20704000080A9970D870080C090E5D705971124D9A71110C9C7218711972100A0F24120EF5
:207060002021D8715A7283F80EC059732C70044BC4E600BFD8390020B2380020B43800200A
:20708000B138002008360020C0390020BC390020C43900200C360020B0380020C8390020B3
:2070A000D9390020AE38002004360020B8390020244A1B0A052093700424002351701070E6
:2070C000D370A046CAE645F00205ADE744F0020420E7632B23D8312B27D8182B28D8132B61
:2070E00029D905231422DFF868A017498AF800200B703BE7FFF7AEFA00E7124CC3B25A42BE
:20710000D2B205256170EF21E2702570A1704AB1C3F104035FFA83F892B244469BE60123EB
:207120006422E0E70424A04698E602233222DAE704231922D7E70A231A46D4E7034D2C78E0
:207140005CE600BFC43900200D360020B03800200C3600202DE9F0473A4C237882B0002B79
:2071600055D0394D2B78002B51D000284FD0374A3749137809780133DBB29942137046D8E4
:20718000344FDFF8D8803968B8F800300026B1F5FF4F16703ED2DFF8C8A0DFF8C890DAF8CC
:2071A00000204A4536D8E02B3DD82B4DD0F80090D0F804E0D0F808C0C66845F803901D4487
:2071C0002033C5F804E0C5F808C0EE609BB2DFF898A0D0F81090D0F814E0D0F818C0C66999
:2071E000A8F8003001311A44FF2B3960CAF80020C5F81090C5F814E0C5F818C0EE6104D9BB
:20720000237813B1FFF726FA3968CB0606D002B0BDE8F0872E700BB1FFF71CFA02B0BDE826
:20722000F047FFF757BB0190FFF714FADAF8002001984A4501D92E70F0E7B8F80030396890
:20724000B3E700BFB2380020D9390020B83900200D360020BC390020B8380020AE380020FA
:2072600004360020FFFF0F00083600203BB11378034AA3F10103B3FA83F35B09137070472C
:2072800018360020032B00D870471046FFF766BD022B0ED930B407481578074C0749057068
:2072A000074B5578907825700122087030BC1A7070477047573B0020563B0020543B002081
:2072C000553B002030B5014683B0474805F0C6FB20B1C8230C22062104F0C0F902AC434B60
:2072E000002124F8021D0222C3F8F025012009224FF40035C3F80005C3F81855C3F81025A2
:20730000C3F814151A46C3F82C46C3F83006C3F80011C3F80411C3F814111860D2F800311C
:20732000002BFBD0002001233049C2F800015360D1F80431002BFBD0002001232B4AC1F8C6
:2073400004018B60D2F81431002BFBD00023C2F81431C2F80035BDF80620120448BFADF88A
:207360000630BDF80630224A1BB2C3EB0313C3EB03131B0182FB03121A44DB17C3EBE2237A
:207380009AB240F6B7318A422BD8B2F5FA6F26D9184AA3F5FA64A2FB0434C4F3C70421468F
:2073A000154805F0B7FB2146134805F0BBFB4FF0A04340F203324FF000644FF080504FF0E2
:2073C0000051C3F86C27C3F87027C3F87427C3F80845C3F80805C3F8081503B030BD0024FA
:2073E000DDE76424DBE700BF783D00200070004081000880CDCCCCCCDC3900202DE9F04383
:207400009FB001F039FAFEF769FFFEF7FDFF10F0FF0F039004D0AC4A137883F001031370BB
:2074200001AA0DF103010DF10200FFF703F8002840F0FC80A54B1A78002A40F0CC801EA9EB
:20744000002301F8733D04A8FFF794FC002840F014819F4805F0D6FA78B107F011F89D4A85
:20746000136841F28731C31A8B42054600F24881954C237803F0FF062BB9052007F00CF87E
:207480001FB0BDE8F083944803F0F2FE8046934803F0EEFE8146B8F1000F40F096810028D8
:2074A00000F09C838E4A8F4913680968EB1A9942E6D88D4F15603B6801333B60FFF748FC86
:2074C0000546002840F08E810023CDE90E33CDE91033CDE91233B9F1000F00F087833A6897
:2074E000A3F13333A3FB0213DB0803EB8303B2EB430F00F08982FFF72BFC002840F0848223
:207500000026002DBCD0FFF723FC0028B8D009AD0FCD14AC0FC42B682360002E00F0968355
:20752000DFED727A9DED0E0A20EE270A0FF0EEFEB0F5004F80F2828310F5004FC0F2BE8315
:20754000C3B2C0F307209DED0F0A8DF864308DF865000FF0DBFE9DED100A8DF86600010AC4
:20756000020C030E8DF867108DF868208DF869300FF0CCFE0028C0F27A834FF6FF73984294
:20758000A8BF1846C4B2C0F30723BDF848209DF84D108DF86A40100A8DF86B308DF86C204A
:2075A0008DF86D00002900F04C83DFED507A9DED110A20EE270A0FF0A9FEB0F5004FC0F22B
:2075C00080837F20FF238DF86E308DF86F0014A8FFF7C0FD54E7464A464C18701278464963
:2075E00023780978D2B2DBB29A421046C9B238BF1846884238BF084630B39A42C0F0D78186
:207600008A42C0F0D4814FF0A04340F203324FF000604FF08051C3F86C27C3F87027C3F806
:207620007427C3F80C05C3F808151FE09DF802109DF803209DF8040091420B4638BF1346A0
:20764000834238BF03462BBB4FF0A04340F203324FF000604FF08051C3F86C27C3F8702767
:20766000C3F87427C3F80805C3F808154FF0A0434FF00052C3F80825E1E6204803F0F8FD62
:2076800000283FF4E6AE04A99DF805201B4803F023FEDEE6914201D38142B4D28242C0F0F5
:2076A00089814FF0A04340F203324FF000604FF08051C3F86C27C3F87027C3F87427C3F8D7
:2076C0000805C3F80C15D1E718360020553B0020783D0020203C0020B03B00204C3A0020E9
:2076E000243C002014360020803C00200000C842573B0020563B0020543B0020FC3A002052
:207700001EACB84B1060002124F86E1D0222C3F8F025012009224FF40036C3F80005C3F830
:207720001865C3F81025C3F814151A46C3F82C46C3F83006C3F80011C3F80411C3F81411FE
:207740001860D2F80031002BFBD000200123A549C2F800015360D1F80431002BFBD000200C
:207760000123A04AC1F804018B60D2F81431002BFBD00023C2F81431C2F80035BDF80A205D
:20778000120448BFADF80A30BDF80A30964A1BB2C3EB0313C3EB03131B0182FB03121A44BD
:2077A000DB17C3EBE2239AB240F6B7318A4200F2E081B2F5FA6F40F2F0818C4AA3F5FA641C
:2077C000A2FB0434C4F3C704D4E1894A894913680968EB1A99423FF653AE874F15603B6808
:2077E00001333B6014A801F049FCDFED847A9DED140A20EE270A0FF089FDB0F5004F80F22C
:20780000C98110F5004FC0F2FE81C3B2C0F30720DFED7A7A9DED150A8DF8243020EE270AC9
:207820008DF825000FF072FDB0F5004F80F2CA8110F5004FC0F2F981C3B2C0F30720DFEDE4
:207840006F7A9DED160A8DF8263020EE270A8DF827000FF05BFDB0F5004F80F2B08110F5DC
:20786000004FC0F2DF81C3B2C0F30720DFED647A9DED170A8DF8283020EE270A8DF8290039
:207880000FF044FDB0F5004F80F2968110F5004FC0F2D181C3B2C0F30720DFED597A9DED5B
:2078A000180A8DF82A3020EE270A8DF82B000FF02DFDB0F5004F80F27C8110F5004FC0F246
:2078C000B781C3B2C0F30720DFED4D7A9DED190A8DF82C3020EE270A8DF82D000FF016FDFD
:2078E000B0F5004F80F2748110F5004FC0F29481C3B2C0F307209DED1A0A8DF82E30F2EE52
:20790000047A20EE270A8DF82F000FF0FFFCB0F5004F80F25A8110F5004FC0F27A81C3B245
:20792000C0F307209DED1B0A8DF83030F2EE047A20EE270A8DF831000FF0E8FCB0F5004FAF
:2079400080F2498110F5004FC0F26081C3B2C0F307209DED1C0A8DF83230F2EE047A20EEB2
:20796000270A8DF833000FF0D1FCB0F5004F80F21D8110F5004FC0F25281C2B2C0F3072027
:207980009DF874308DF834208DF83500002B00F02B811C4B1B88DAB21B0A8DF836208DF839
:2079A0003730B8F1000F40F0FA8035468CE58B42BFF477AE4FF0A04340F203324FF0006441
:2079C0004FF080504FF00051C3F86C27C3F87027C3F87427C3F80845C3F80805C3F80C1566
:2079E0002DE500BF0070004081000880CDCCCCCC243C002014360020803C002000007A4448
:207A00000000C842123600200EA801F071F93F68B74BA3FB0723DB0803EB8303B7EB43072F
:207A20007FF46FADDFEDB37A9DED0E0A20EE270A0FF06CFCB0F5004F80F2118110F5004F2A
:207A4000C0F24681C3B2C0F307209DED0F0A8DF850308DF851000FF059FC9DED100A8DF863
:207A60005200020A030C000E8DF853208DF854308DF855000FF04AFC0028C0F203814FF6C8
:207A8000FF739842A8BF1846C1B2C0F30723BDF848208DF856109DF84B108DF85730130A64
:207AA0008DF858208DF859309DF84A7009B147F002079DF84C300BB147F00407FFF742F932
:207AC00008B147F008079DF84D300BB147F0100700F040FC08B147F020079DF84CC0BCF1FA
:207AE000000F00F0D2809DF84D308DF85A703F0A8DF85B70002B00F0B580DFED7E7A9DED9D
:207B0000110A20EE270A0FF001FCB0F5004FC0F2E2807F20FF238DF85C308DF85D00FEF75E
:207B200081FC2378074613B140F00407BFB2FFF70FF910B147F00807BFB2FFF703F910B147
:207B400047F01007BFB200F005FC002800F0928047F020039BB21C0A102214A966488DF85C
:207B60005E308DF85F4003F0B7FB002D3FF488ACC9E464242146614804F0CCFF2146604C03
:207B80005E4804F0CFFF237803F0FF06002B3FF474AC78E47F20FF233AE60024EAE7142204
:207BA00009A9584803F098FB35468DE47F20FF22E6E67F20FF2387E67F20FF236DE67F2094
:207BC000FF2353E67F20FF2339E67F20FF23A9E67F20FF238FE67F20FF23BAE6FFF7B8F8DD
:207BE00000287FF45FAC48E41A46D6E6FFF7B0F8064600283FF484AC0EA801F079F8002DDD
:207C00003FF43EAC7FE48020002301E6802000239FE68020002385E6802000236BE6802010
:207C20000022ADE68020002320E68020002306E68020002348E6802000232EE67F20FF238E
:207C400081E447F6FF73ADF86E30C0E447F6FF73CDE91966ADF86C60ADF86E30B7E47F2057
:207C6000FF23F2E647F6FF73ADF85C3057E700231C468AE400F074FB030203F4E0633B43DD
:207C80009BB268E70023194601E71EAB02AA03F86FCD0DF107010DF106008DF806C08DF858
:207CA00007C08DF808C001F00BF89DF806301B0203F4FE431F4347F4004714E780200023FA
:207CC00041E410F5004F0DDBC3B2C0F307207AE43B468020B9E610F5004F06DBC3B2C0F379
:207CE000072018E7802000236DE48020002312E7CDCCCCCC0000C8424C3A0020DC39002078
:207D000018360020B03B00202DE9F0434FF0102383B0D3F80C32D9071AD4624A0123C2F89B
:207D20000435D2F80034002BFBD04FF010236FF001015C4AC3F80C12D2F80034002BFBD0D0
:207D400000235849C2F80435D1F80034002BFBD001211E2009F024FA01211E2009F0B8FAF7
:207D60004FF0A04040F203334FF000624FF080514FF00054C0F86C37C0F87037C0F874371B
:207D80001F23C0F808251A22C0F808151921C0F808451E20FEF75CFEFEF786FEFEF792FAE5
:207DA0000321414804F0F8FB002201213E4804F029FC00F0DBFD04213B4804F0C1FD3B49A6
:207DC000394804F095FD3A49374803F04DFF0C220621354803F03EFF02AC364804F0CAFE71
:207DE000354B002124F8021D0222C3F8F025012009224FF40035C3F80005C3F81855C3F84C
:207E00001025C3F814151A46C3F82C46C3F83006C3F80011C3F80411C3F814111860D2F80D
:207E20000031002BFBD0002001232349C2F800015360D1F80431002BFBD0002001231E4A5D
:207E4000C1F804018B60D2F81431002BFBD00023C2F81431C2F80035BDF80620120448BF6B
:207E6000ADF80630BDF80630144A1BB2C3EB0313C3EB03131B0182FB03121A44DB17C3EBDD
:207E8000E2239AB240F6B7318A421BD8B2F5FA6F40F21A810A4AA3F5FA61A2FB0131C1F30D
:207EA000C70110E000E00140783D00204CB20300C5720200DC3900200070004081000880EC
:207EC000CDCCCCCC6421AB4804F024FEAA4804F065F81021A94803F081F900221121A748CE
:207EE00003F094F91421A54803F07EF9A34802F00BFF0C21A24803F071F911221146A048A9
:207F000003F084F901219E4803F06EF901229D499B4803F081F99A4802F0F6FE10219A485B
:207F200003F05CF900221121974803F06FF91021954803F059F9944802F0E6FE0C2193485E
:207F400003F04CF911221146904803F05FF903218E4803F049F901228D498C4803F05CF9F8
:207F60008A4802F0D1FE0C218A4803F037F911221146884803F04AF90421864803F034F9A9
:207F800001228549834803F047F9824802F0BCFE1021824803F022F9002211217F4803F065
:207FA00035F914217D4803F01DF97C4802F0ACFE06217B4802F0F8FC794802F0DDFC6E491D
:207FC000774802F095FC6B49754802F091FC744802F0A4FC734802F0A1FC0121704802F00B
:207FE0001BFDA02211466E4802F012FD00216C4802F00CFD00216A4802F07CFD01F0EEFAB2
:208000008146FEF751FD00F0A5F9002800F0918000F050FE4FF0A04400286349634B40F28A
:20802000033515BF0C200A20502264224FF000664FF080574FF0005808601A80FA20C4F8BC
:208040006C57C4F87057C4F87457C4F80C65C4F80875C4F8088506F01FFAC4F86C57FA20FC
:20806000C4F87057C4F87457C4F80865C4F80C75C4F8088506F010FAC4F86C57FA20C4F8F2
:208080007057C4F87457C4F80865C4F80875C4F80C8506F001FAC4F86C57C4F87057C4F834
:2080A0007457C4F80865C4F80875C4F80885B9F1000F0BD1FEF746FE00283DD13C4B01229C
:2080C0001A7003B0BDE8F0830021FCE6C4F86C57C4F87057C4F87457C4F80865C4F80C7559
:2080E000C4F80885FEF72EFE0028E7D0782006F0D3F9C4F86C57B420C4F87057C4F8745780
:20810000C4F80865C4F80875C4F80C8506F0C4F9C4F86C57C4F87057C4F87457C4F808654B
:20812000C4F80C754FF0A0434FF00052C3F80825C4E700F01BFC6BE7782006F0ADF9C4F873
:208140006C57B420C4F87057C4F87457C4F80865C4F80875C4F80C8506F09EF9C4F86C57C3
:20816000C4F87057C4F87457C4F80865C4F80875D8E700BFDC390020083C0020B03B002071
:20818000583B00206D7202004C3A0020283C002091720200A43A002085720200FC3A0020CF
:2081A000004000204440002014360020123600201836002010B5044B044640F8083B03F0AF
:2081C00029FF204610BD00BFC0B2030010B5074B044640F8183B02F07DFD2046044B40F8CB
:2081E000083B03F017FF204610BD00BF68B30300C0B20300F0B5424F4249434C434E444D3C
:2082000085B0684603F01CFF6946384603F0E2FE684603F0FFFE224638463E493E4F0FF0D6
:208220006FF868463D4903F00BFF6946304602F09BFF684603F0EEFE2246294630460FF01C
:208240005FF868463649374E03F0FAFE6946384602F08AFF684603F0DDFE224629463846B1
:208260000FF04EF868463049304F03F0E9FE6946304602F079FF684603F0CCFE2246294668
:2082800030460FF03DF8684629492A4E03F0D8FE6946384602F068FF684603F0BBFE22468B
:2082A000294638460FF02CF868462349234F03F0C7FE6946304602F057FF684603F0AAFEB4
:2082C0002246294630460FF01BF868461C491D4E03F0B6FE6946384602F046FF684603F015
:2082E00099FE2246294638460FF00AF8304604F01DFC2246304614490FF002F805B0F0BD78
:20830000083C002034B1030000360020B03B0020D5AC0200B5810200583B00205CB1030032
:2083200084B103004C3A0020ACB10300283C0020D4B10300A43A0020FCB10300FC3A0020EF
:2083400024B20300DC390020CD81020042DF704744DF7047014B1878704700BF8A3C0020D5
:20836000014B1878704700BFCC3C00202DE9F043BC4B1A6885B0002A40F01C81BA4B1A68FE
:20838000002A40F0DE80B94B1A68002A40F09B80B74B1A68002A6FD1B64B1A68002A43D17B
:2083A000B54B1A684ABBB54B1A6812B905B0BDE8F083B34AD2F804235007F7D500221A606F
:2083C000BFF34F8FAF4AB04B01211170DB68D90104D5AE4B1A68D20700F1178107F0D4FADE
:2083E000AB4BA0FB0301830A43EA8153A94A03F59673136005B0BDE8F083A14AD2F804135A
:208400000C06D0D50021D2F804041960BFF34F8F4FF0FF330128C2F80434C4D19E4B1A780D
:20842000002AC0D01970BEE7954AD2F804134D05B6D500211960BFF34F8F8C4C4FF0FF3047
:20844000C2F80C042160BFF34F8F1960BFF34F8F9249C2F80C04A3F58673C2F810154025BE
:2084600015244FF488600121C2F81455C2F82045C2F80403196093E7814AD2F80413CE0600
:208480008AD500211960BFF34F8F08331960BFF34F8F10331960BFF34F8F80494FF0FF308C
:2084A000A3F58673C2F80C044025C2F8101515244FF488600121C2F81455C2F82045C2F89B
:2084C0000403196068E76E4CD4F8042357067FF55FAF00251D60BFF34F8FD4F82425C2F345
:2084E0000B02103AC2F3CC02002A71D06B4E31783A2900F08D8040F2DB80502900F0F78008
:20850000602940F09480664B594A93E8030086E803001560BFF34F8F40231721A2F5827220
:20852000C4F810650325C4F814351020C4F818150121C4F81C35C4F80C55C4F80403116044
:2085400026E74F4AD2F8041309037FF51CAF00211960BFF34F8F454D2960BFF34F8F454CE3
:208560002160BFF34F8F43F83C1CBFF34F8F4D4F494E4FF0FF330120C2F80C34C2F8043416
:20858000387031702960BFF34F8F2160BFF34F8F4549C2F80C34414EC2F810654025152484
:2085A0004FF48863C2F81455C2F82045C2F804330860E8E6324AD2F8042390077FF5DEAE20
:2085C00000221A60BFF34F8F364B01221A70D5E61A60BFF34F8F10331A60BFF34F8F2F4AB6
:2085E0004FF0FF31A3F58673C4F80C144025C4F8102515204FF488610122C4F81455C4F8E4
:208600002005C4F804131A60C2E65B689B09EDE6022A0CD9B37871788B4208D30F2B06D821
:208620005F1C7F1ABF00BFB2402F40F2F880104A002333701360BFF34F8F114B1B49C3F83F
:2086400010654020C3F814050422032510240120C3F81825C3F81C25C3F80C55C3F80443BC
:20866000086095E6045100404C5100401851004010510040285100401C510040085100405C
:2086800000500040893C0020F0ED00E0001000E040420F00843C0020103D0020D03C0020AE
:2086A00064B20300883C00201C5000400C5000403029BCD1012A24D11D60BFF34F8F684BAF
:2086C0001D60BFF34F8F4FF0FF31A3F58673C4F80C14402515204FF48861C4F81065C4F8FE
:2086E0001455C4F82005C4F804131A6050E65D485D4A01234FF48A610370C4F80813136052
:2087000046E67378594A5A4F03F00F039B0003F1040E03F1050C981DD91D0EF03F0E0CF059
:208720003F0C00F03F0001F03F0112F80E9012F8008012F80CE012F801C08DF8049003F18E
:20874000080003F1090100F03F0001F03F0112F800908DF805E003F10A0012F801E08DF841
:20876000068003F10B0100F03F0001F03F0112F800808DF807C003F10C0012F801C08DF8ED
:20878000089003F10D0100F03F0001F03F018DF809E012F8019012F800E08DF80BC003F1A8
:2087A0000E0003F10F0100F03F0001F03F0112F800C0505C8DF80EC0D118D35C8DF80030B1
:2087C000CB7891F801C08A788DF8033004AB8DF802208DF80A808DF80CE08DF80D908DF8D5
:2087E00001C08DF80F0013E90F0086E80F003D60BFF34F8F1F4BC4F810654027172680258B
:20880000032010210122C4F81475C4F81865C4F81C55C4F80C05C4F804131A60B8E5134B21
:208820003A4603EB810130460FF001FB104B1D60BFF34F8F0F4AC4F81065FB009BB2402736
:208840001726032510200121C4F81475C4F81865C4F81C35C4F80C55C4F80403116097E509
:2088600028510040103D0020285000408C3C0020105100400C500040314B1B78002B51D09A
:2088800070B5304D2B78002B2FD12F4C23785BB32E4BDB68D90146D52D4B1A68D20742D5A9
:2088A0005B689B092B4A12689B1A002B1CDB2A4A2A494FF48A600023C2F808030B60BFF372
:2088C0004F8F10310B60BFF34F8F41F8183CBFF34F8F234823494FF48056C2F80865012227
:2088E00002602B700B70237070BD1B4B164CD3F83C34DB07CAD4154B01222270DB68DE0186
:2089000003D5134B1A68D00716D407F03DF8164BA0FB0301830A43EA81530E4A03F59673CB
:208920001360B3E7704707F02FF80F4BA0FB0301830A43EA8153B5E75B689B09EDE700BF38
:208940008A3C0020883C0020893C0020F0ED00E0001000E0843C00200050004018510040A2
:2089600008500040103D002040420F002DE9F04F934D944C944B0020287020701B6813F09F
:20898000010385B004D00123237005B0BDE8F08F04AE46F8043D3046FFF7DAFC039B002BFE
:2089A00000F0E8804FF0805A884EDAF85084DAF854745FFA87F9B9F1880FC8F3072306F13A
:2089C00008004FF038024FF0000108BF4FF0990901930FF050FA019BDFF810C273705FFAD0
:2089E00088FBC8F3074883EA080286F800B08BEA020B86F803B0BCE8070086F80280DAF815
:208A000050E4DAF8543486F804904FEA172986F805904FEA17493F0EF771DFB2DFF8D08123
:208A200086F80690BCF800A0C6F80C8040F603694FF0FE0B882FC6F81200C6F81610C6F871
:208A40001A20A6F81090A6F81EA086F820B04FEA1E204FEA1E464FEA13224FEA13484FEAA5
:208A6000136100F090801B06594FDFF888A14FF0FF3C4FF00009C7F808C3CAF80090BFF369
:208A80004F8F0AF1040ACAF80090BFF34F8F0AF1440ACAF80090BFF34F8F4AF8309CBFF322
:208AA0004F8F12044FEA08291FFA89F902F47F084FEA0E42F6B248EA090E02F47F0200024D
:208AC0004EEA0101324380B219430243C7F804C4C7F89425C7F89015D7F8A0353D4A3E49FF
:208AE00023F0C00343F04003C7F8A035D7F8A03523F01F0343F00403C7F8A035D7F8A0354B
:208B000023F47063C7F8A035D7F8A4354FF0010C23F0600360204FF490694FF480584FF057
:208B2000030E2026C7F8A435C7F80495C7F80885C7F80CE5C7F800C2C7F8041382F8050319
:208B4000C2F8806192F80513EC2349090B4113EA0C001BD0214B996861BB1660204A214865
:208B60002149012313600022027022700A7018462B700AE7FFF7EAFB58B1022300202370AE
:208B800005B0BDE8F08F4FF019436DE704232370FBE605F075FC074605E005F071FCC01B9D
:208BA000B0F5FA7FE9D23046FFF7D2FB039B002BF3D0F7E61A6842F020021A60CEE700BF76
:208BC0008A3C0020CC3C00200C1200108C3C00200050004000E100E0860008005C5D0020B9
:208BE00008500040883C0020893C002054B20300E110060F045100404378007840EA0320F0
:208C000000B270474278007840EA0220704700BFF8B50E4E0E4F3378834202D13B788B42CE
:208C200012D00D4604460B4804F0F2FE2A462146084804F0E3FE074804F06CFE0649054839
:208C400004F0B8FE34703D70F8BD00BF1B3600201A36002054410020A0860100F8B50F4BE1
:208C60000F4E1C7833780F4A0F4F1578A34202D13B78AB4210D00D4804F0CAFE2A462146F4
:208C80000A4804F0BBFE094804F044FE0849074804F090FE34703D70F8BD00BF1E360020F3
:208CA0001B3600201C3600201A36002054410020A0860100014B1878704700BF163D0020C0
:208CC00070B4074E074D36780670074C07482D780D70247801781470197070BC704700BF1B
:208CE000123D0020143D0020113D0020133D0020014B197801F07ABA163D002070B50B4CC5
:208D00000E4601462046154604F0D8FE3146204604F0B8FD2946204604F0B4FD204604F0D3
:208D20003FFFB0FA80F0400970BD00BF54410020F8B505460E461348294614461F4604F028
:208D4000BDFE31460F4804F09DFD00210D4804F0BFFE08B10020F8BD2946FAB2094804F0E7
:208D600063FEB842F6D150B12044064E451E013C304604F07FFD04F8010FAC42F8D10120AE
:208D8000F8BD00BF544100202DE9F843DFF89880244C322598F800702046394604F08EFE3E
:208DA0000321204604F06EFD0021204604F090FE064610B10020BDE8F8833946012220466C
:208DC00004F032FE01288146F4D1204604F052FD98F800702046394604F070FE1B21204628
:208DE00004F050FD3146204604F072FE48B1012005F052FB681E10F0FF05CBD12846BDE85C
:208E0000F8834A463946204604F00EFE01280646EDD1204604F02EFD4307E8D43046BDE889
:208E2000F88300BF5441002019360020F8B5304D082406E00F2005F02FFB601E10F0FF04C9
:208E400054D00E21284604F039FE0721284604F019FD0021284604F03BFE06460028E9D19C
:208E600001220E21284604F0DFFD01280746E1D1284604F0FFFCC0B2C428DBD10E211C4840
:208E800004F01CFE10211A4804F0FCFC3146184804F0F8FC164804F083FE0A2005F0FCFA9E
:208EA0000E21134804F00AFE1121114804F0EAFC80210F4804F0E6FC0D4804F071FE0F2012
:208EC00005F0EAFA0E210A4804F0F8FD1021084804F0D8FC3946064804F0D4FC044804F035
:208EE0005FFE142005F0D8FA3846F8BD2046F8BD5441002010B5014604465F4804F0DEFD4B
:208F000040215D4804F0BEFC28215B4804F0BAFC594804F045FE2146574804F0CFFD412107
:208F2000554804F0AFFC0321534804F0ABFC524804F036FE2146504804F0C0FD42214E4830
:208F400004F0A0FC28214C4804F09CFC4A4804F027FE2146484804F0B1FD4321464804F0EE
:208F600091FC0021444804F08DFC434804F018FE012005F091FA21463F4804F09FFD7E21E7
:208F80003D4804F07FFC11213B4804F07BFC3A4804F006FE0A2005F07FFA2146364804F0D2
:208FA0008DFD7E21344804F06DFC1521324804F069FC314804F0F4FD552005F06DFA214610
:208FC0002D4804F07BFD40212B4804F05BFC2821294804F057FC284804F0E2FD2146264878
:208FE00004F06CFD4121244804F04CFC0321224804F048FC204804F0D3FD21461E4804F057
:209000005DFD42211C4804F03DFC28211A4804F039FC194804F0C4FD2146174804F04EFD13
:209020004321154804F02EFC0021134804F02AFC114804F0B5FD21460F4804F03FFD0321AA
:209040000D4804F01FFC00210B4804F041FD08B1002010BD21460122074804F0E5FC012889
:20906000F6D1054804F006FC00F03C00A0F11400B0FA80F0400910BD544100202DE9F04FDB
:20908000C74EC84D282285B0002104460EF0F3FE32782B7884F8242084F825300AB9002B01
:2090A00044D0DFF834B3C04F9BF800A03978BF4BDFF8289393F80080514503D199F8001039
:2090C000414513D0BA4804F0A3FC42465146B84804F094FCB64804F01DFCB649B44804F0F5
:2090E00069FC327887F800A089F800800ABB2B78E3B1B14B1D78002D40F02D81AF4E337801
:20910000002B40F006810E21A94804F0D7FC0121A74804F0B7FB0021A54804F0D9FC0028D0
:2091200000F08D803378002B40F0A08005B0BDE8F08FA34B9E481E78314604F0BFFC0C2176
:209140009B4804F09FFB0021994804F0C1FC0028CDD131460C22964804F066FC0C28C6D181
:20916000DFF84CA20DF1040804AE504604F082FB08F8010B4645F8D19DF805109DF8046064
:209180009DF807309DF809209DF806009DF80DC09FED8C4ADFED8C4A46EA01269DF8081040
:2091A00040EA032041EA02219DF80B309DF80A2042EA03229DF80C3043EA0C2312B21BB276
:2091C00006EE902A07EE103A9DF80F209DF80E3043EA02231BB236B200B209B207EE903AD8
:2091E00005EE106A05EE900A06EE101AB8EEC55AF8EEE55AB8EEC66AF8EEE66AB8EEC77A7A
:20920000F8EEE77A25EE045A65EE845A26EE046A66EEA46A27EE247A67EEA47A2B7884ED47
:20922000035AC4ED045A84ED056AC4ED006A84ED017AC4ED027A002B7FF45BAF76E7062281
:209240000E215B4804F0F0FB06287FF46BAFDFF860A10DF104080DF10A05504604F00AFB24
:2092600008F8010B4545F8D1357805B39BF800603B784E4AB34292F8008003D199F8003058
:20928000434511D04A4804F0C3FB42463146484804F0B4FB464804F03DFB4649444804F026
:2092A00089FB3E7089F80080002D3FF43FAF9DF804609DF805109DF806509DF807209DF84E
:2092C00008009DF809309FED416A41EA062142EA052243EA002309B212B21BB206EE901AA2
:2092E00007EE102A07EE903AF8EEE66AB8EEC77AF8EEE77A66EE866A27EE067A67EE867AEE
:20930000C4ED066A84ED077AC4ED087A05B0BDE8F08F2F4B3A7893F800802E49424591F870
:2093200000A004D199F8002052453FF4ECAE204804F06EFB524641461D4804F05FFB1C48A8
:2093400004F0E8FA1B491A4804F034FB87F8008089F800A0D7E61A4B15481D78294604F0B7
:20936000ADFB0421124804F08DFA0021104804F0AFFB00287FF4DAAE294606220C4804F032
:2093800053FB06287FF4D2AE094F01AD0DF10A06384604F06FFA05F8010BAE42F8D186E740
:2093A000153D0020163D00201B3600201C36002054410020A0860100173D0020183D002020
:2093C0001936002090C1793D00008038CDCCCC3D1F3600201D3600201E3600201A360020F1
:2093E0002DE9F04F714C724D2378724A2870834285B08046894611706F4D02D12B788B429E
:2094000012D06E4804F004FB4A4641466B4804F0F5FA6A4804F07EFA6949684804F0CAFADC
:2094200084F8008085F80090FFF700FD04AD46F6690325F8043D614C07460DF10E0A15F85C
:20944000016B2046314604F039FB0021204604F019FA0021204604F03BFBD8B1AA45EED125
:20946000A7B1584C00232370574A5849584B594D82F800800127002281F800901A702F7039
:2094800000F0E0FC28B3277807B92F78384605B0BDE8F08F01223146204604F0C5FA0128EC
:2094A0008346DBD1204604F0E5F9C0B2D128D5D13046FFF71FFDD0B1474B424C1E70012313
:2094C0002370002FD0D1434D2F7000F0BBFC0028D9D1762000F0D2FC20B9772000F0CEFC03
:2094E0000028D0D04946404600F0BEFCCBE701903146204604F0E2FA7E21204604F0C2F941
:20950000B621204604F0BEF9204604F049FB962004F0C2FF3146204604F0D0FA019B2046BD
:20952000194604F0AFF9019B2046194604F0D0FA002893D15A463146204604F075FA01287C
:209540008CD1204604F096F9C0B2D12886D14FF0030B3046FFF7CEFC0028ADD1142004F0B2
:209560009BFF0BF1FF3111F0FF0BF2D13146204604F0A4FA5946204604F084F9594620466D
:2095800004F0A6FA00287FF469AF01223146204604F04AFA01287FF461AF204604F06AF9E3
:2095A000C0B2D1287FF45AAF86E700BF1B3600201E3600201C3600201A360020544100201C
:2095C000A0860100153D00201F3600201D360020183D0020163D0020193600202DE9F04F5E
:2095E000994ADFF8A082994F994E9A4D00241470994A88F8004089B0FF23147033702B7071
:209600003C7000F0F5FB2146072007F0C9FD2146082007F0C5FD2146142007F0C1FD8F4A02
:209620008F4B0592A146A246069305AC04EB090314F80900597887F800A088F800A0FFF78A
:20964000CFFE09F1020908B13B788BB9B9F1080FECD14FF0000904EB090314F809005978E1
:20966000FFF7BEFE09F1020910B9B9F1080FF2D17C4B7D4A93F800A02B7892F800905345D8
:2096800002D133784B4512D0784804F0C1F94A465146764804F0B2F9744804F03BF9744947
:2096A000724804F087F985F800A086F80090DFF8BC914FF0000A4FF0030B5946484604F076
:2096C000FDF9484604F06CFA0BF1010350B9BAF1070F07D808AA52440AF1010A02F814BCEB
:2096E0005FFA8AFA5FFA83FBBBF1780FE5D1614B83F800A0BAF1000F40F0C6805E4B83F8B2
:2097000000A098F80030002B00F004810021084600F0B0FC00F0A2FB002800F00182514B7A
:20972000514A93F800902B7814784B4502D13378A34211D04D4804F06BF9224649464B48F9
:2097400004F05CF9494804F0E5F84949474804F031F985F8009034703B78002B40F01182CD
:2097600098F8003023B13C4B1B78002B00F0DB81B9F1130F02D13378152B12D03B4804F0E1
:2097800047F915221321394804F038F9374804F0C1F83749354804F00DF9132215232A704E
:2097A0003370324C4FF000094FF0030A5146204604F084F9204604F0F3F90AF1010350B938
:2097C000B9F1070F07D808AA4A4409F1010902F814AC5FFA89F95FFA83FABAF1780FE5D153
:2097E000264B83F80090B9F1000F01D09DF80C901C4B234A1C782B781B4982F80090A342D4
:2098000091F800A002D13378534511D0174804F0FFF852462146154804F0F0F8134804F057
:2098200079F81349114804F0C5F82C7086F800A03B7823B998F80030002B00F098810120F3
:2098400009B0BDE8F08F00BF183D0020153D00201A3600201B360020173D00200B0C0C0B02
:209860000D0E0E0D1E3600201C36002054410020A0860100123D0020143D0020113D0020A2
:20988000133D0020163D00209DF80C30C44A0E2B137038D0BAF1010F3FF433AF9DF80D30A0
:2098A0000E2B30D0BAF1020F3FF42BAF9DF80E300E2B28D0BAF1030F3FF423AF9DF80F300C
:2098C0000E2B20D0BAF1040F3FF41BAF9DF810300E2B18D0BAF1050F3FF413AF9DF8113024
:2098E0000E2B10D0BAF1060F3FF40BAF9DF812300E2B08D0BAF1070F3FF403AF9DF813303C
:209900000E2B7FF4FEAE0E23137098F80030002B7FF4FCAEA34ADFF89CA207CA84E80700ED
:209920009B4604EB0B0114F80B902A784B7801934A450BF1020B504602D132789A4212D042
:2099400004F066F8019A4946504604F057F8504603F0E0FF9449504604F02CF89DF80430F6
:2099600085F800903370FFF761FA002840F02C81BBF10C0FD5D198F80030002B7FF4C6AEA2
:209980003B78002B3FF4C2AE884B894A93F800902B7814784B4502D13378A34211D08548B5
:2099A00004F036F822464946824804F027F8814803F0B0FF7C497F4803F0FCFF85F80090BF
:2099C0003470DFF8F8917B4899F8001004F076F86B21784803F056FF2021764803F052FFE6
:2099E000744804F0DDF899F80010724804F066F87E21704803F046FF19216E4803F042FF82
:209A00006C4804F0CDF80A2004F046FD99F800406848214604F052F80321664803F032FF5C
:209A20000021644804F054F8002800F08681614899F80010824604F041F84B21504603F0C6
:209A400021FF1C21504603F01DFF504604F0A8F899F80010504604F031F84C21504603F090
:209A600011FF8021504603F00DFF504604F098F8052004F011FD052499F80010504604F00B
:209A80001DF84D21504603F0FDFE0721504603F0F9FE504604F084F88346002800F0AC8004
:209AA0000A2004F0F9FC631E13F0FF04E4D199F80010404804F002F84C213E4803F0E2FE7A
:209AC00021463C4803F0DEFE3A4804F069F899F80010384803F0F2FF7E21364803F0D2FE10
:209AE0001821344803F0CEFE324804F059F899F80010304803F0E2FF6B212E4803F0C2FE91
:209B000021462C4803F0BEFE2A4804F049F80021084600F0AFFA00F0A1F900287FF4FFAD3B
:209B200000F01CFBFBE5244B1B788BBB1F4B93F800A01F4BCA451C7802D13378A34211D010
:209B40001C4803F065FF224651461A4803F056FF184803F0DFFE1449164803F02BFF85F81C
:209B600000A03470FFF762F995F8009000E600F069F900287FF463AE09B0BDE8F04F00F0C2
:209B800067B90E4B1878FFF7B5F995F80090E7E50B4A0C4B92F800A01C78CA45CDD0CFE763
:209BA000143D00206CB20300A08601001E3600201C36002054410020183D0020193600206D
:209BC0001F3600201D360020824B834A83F80090824B9DF804101B7811704B454FF001029C
:209BE00088F8002005D17E4B1878019BC01A18BF01207C4B187089E5FFF7C6F800283FF45C
:209C00004FAF99F8003001931946504603F056FF0421504603F036FE5946504603F058FF53
:209C2000019B834600287FF43BAF19460122504603F0FAFE01287FF433AF504603F01AFE18
:209C4000C0B2C4287FF42CAF99F80010664803F035FF4F21644803F015FE5946624803F084
:209C600011FE614803F09CFF002872D00A2004F013FC99F800105C4803F020FF4F215A489E
:209C800003F000FE8021584803F0FCFD564803F087FF002800F088800F2004F0FDFB99F8C3
:209CA0000010514803F00AFF4F214F4803F0EAFD01214D4803F0E6FD4B4803F071FF002873
:209CC0005DD0142004F0E8FB99F80010464803F0F5FE4D21444803F0D5FD0121424803F0D9
:209CE000D1FD414803F05CFF99F800103E4803F0E5FE44213C4803F0C5FD08213A4803F086
:209D0000C1FD394803F04CFF99F80010364803F0D5FE4C21344803F0B5FD0221324803F0C3
:209D2000B1FD314803F03CFF022004F0B5FB2F4A0123137088F80030E8E4214601222A4870
:209D400003F072FE01287FF472AE274803F092FD6DE699F80010244803F0B0FE4E21224819
:209D600003F090FD1021204803F08CFD1E4803F017FF00287FF47AAFFFF706F876E799F839
:209D80000010194803F09AFE4E21174803F07AFD1021154803F076FD134803F001FF002825
:209DA0008FD1FEF7F1FF8CE799F800100E4803F085FE4E210C4803F065FD11210A4803F0EF
:209DC00061FD094803F0ECFE00287FF465AFFEF7DBFF61E71F3600201D3600201E360020D5
:209DE0001C360020183D002054410020173D0020F0B40C4D0C4F0D4E0D480E4A0E490F4C41
:209E000000232B70762505703B7033700B200C4B1070132015220C2508701A702570F0BC46
:209E2000704700BF443D0020453D0020193D00202036002024360020233600202236002012
:209E400021360020014B1878704700BF443D0020014B1878704700BF193D0020014B1878F4
:209E6000704700BF453D0020024A034B10701970704700BF24360020223600202DE9F04178
:209E800088B008AA002302F81A3DD02101230546FEF74EFF28B19DF80630582B06D0602B3A
:209EA00004D00024204608B0BDE8F081A3F160035B4E5C4F3570B3FA83F35B09B622E02126
:209EC00028463B70FEF71AFF142004F0E5FA307802AA18238821FEF72BFF04460028E1D0DA
:209EE00002A8FEF78FFEDFF88881A8F800000DF10A00FEF781FE4C4B188003A8FEF77CFEF1
:209F00004A4B18800DF10E00FEF77CFE484B188004A8FEF771FE474B18800DF11200FEF72F
:209F20006BFE454B188005A8FEF766FE434B18800DF11600FEF760FE414B188006A8FEF736
:209F40005BFE404B18800DF11A00FEF755FE3E4B188007A8FEF750FE3C4B18800DF11E00D7
:209F6000FEF74AFEB8F800303949013B9BB24FF6FD729342088094D83B7883B92722F421EF
:209F80002846FEF7BBFE28460022F521FEF7B6FE304B012220461A7008B0BDE8F08108AA48
:209FA000002302F8193DA12101233078FEF7C0FE10B900233B70E1E73078072302AAE1210E
:209FC000FEF7B6FE0028F4D0234B9DF807201A7002A8FEF711FE9DF80C30204A9DF90B604E
:209FE000108039781E489DF90D7003F00F0242EA06121B111B4E028043EA07131A481B4A3A
:20A0000033809DF80A609DF80E30067013700029B4D00122F2212846FEF770FEAEE700BFBA
:20A0200020360020453D00203A3D00203C3D0020263D0020283D00202A3D00202C3D0020C0
:20A040002E3D0020303D0020323D0020343D0020363D0020443D00201A3D00201C3D0020A4
:20A06000203D0020223D00201E3D0020243D0020383D00202DE9F04F83B002AD304B45F864
:20A08000043D002482468946A0462B192F5D5E7838463146FEF7BCFD042200211E20FEF71B
:20A0A0002DFE023438B9042CEFD14FF0000B584603B0BDE8F08F322004F0EEF9032200212C
:20A0C0001E20FEF71BFE0028EDD0142004F0E4F902AA012302F8058D00211E20FEF728FE74
:20A0E00083460028DFD09DF8033003F00303032BD9D1144B144D154C2F7001221A70267024
:20A10000BAF1000F01D08AF80070B9F1000F01D089F800600E4B1B78002BC8D17620FFF71B
:20A12000ADFE30B10B490C4B2878227808701A70BDE77720FFF7A2FE0028F3D1B7E700BF92
:20A1400013151513193D00202336002021360020443D002024360020223600202DE9F04769
:20A1600084B01F4B0393002547F27673ADF80830A84603AF0DF10A094FEA450A07EB0A034F
:20A1800017F815005978FEF743FD02AC14F8016B8DF80780304601230DF10702D021FEF7DC
:20A1A000C7FD18B19DF80730602B08D04C45EDD11DB1002004B0BDE8F0870125DCE7304677
:20A1C000FFF75CFE0028F1D004AB9A440549064B1AF8044C1AF8032C0C701A70EAE700BFE1
:20A1E0001315151324360020223600202DE9F04F324B334D334E1B782A78C6600026C0E920
:20A2000004668BB004460175C0E9006686608374C274EBB12C4A2D4B11781878FEF7F8FC2B
:20A220002B4B2C4A1B781078002B08AB194604930A460CBF06230823F721FEF779FD002829
:20A2400050D12B7843B9FEF709FD0BB0BDE8F08F002AFAD008AB04931F4A204B1178187839
:20A26000FEF7D6FC022307AA0C211E20FEF760FD78B19DF81D209DF81C309FED197A43EA5C
:20A28000022307EE903AF8EEE77A67EE877AC4ED027A049A02230E211E20FEF749FD00287D
:20A2A000D1D09DF821209DF82030120102F47C7203F00F0313432382C5E700BF443D00203F
:20A2C000193D00200000C07F2236002024360020453D0020203600202136002023360020CF
:20A2E0003333B33E9DF824309DF82390D04A9DF825801288CF49D048B1F90010B0F900E075
:20A30000CE48DFF878C3B0F900009FEDCD7A1B0143EA093343EA1818C2EB181A0AFB0AFACF
:20A320004FEA2A3A5200C2EBD80201FB0AF189130EFB02F201EBE223B3F5FA324FEAE37BBB
:20A3400005934BF1FF339B46924613465A4603FB02F3AAFB0A12CDE9001202EB4301019106
:20A36000DDE90089BCF90020C11700FB09FC08FB01CCA0FB08016144D31702FB0BFC070AC9
:20A380000AFB03CC47EA0167A2FB0A236344CDE902ABBA46059F9DF820C04FEA033949EABB
:20A3A00012594FEA02380912A64A07EB87031AEB08008B4603F180034BEB09011B1210F175
:20A3C000000A108807EE903A41F5004BAAFB002300FB0B33F8EEE77A4FEA63084FEAE3791A
:20A3E000994B9DF821001F6067EE877A58EA0903C4ED007A9DF8222000F016819349DFF864
:20A4000080E2DDE902AB171147EA0017B1F9000000FB0BF2C1170AFB0122A0FB0A01CDE9F9
:20A420000201029811444FEA414BBEF9002088494BEAD03B4FEA404A019847EA0C3702FBB0
:20A4400000FC00980096D31700FB03CCA2FB0023CDE90223B1F9000063440393C300DDE913
:20A460000201C7F5801710EB0A00019341EB0B01FB178B46D907DDE9002310EB020A4FEAC9
:20A48000C7704BEB030B41EA5701B0EB0A0061EB0B010218824641EB010310188B4643EB88
:20A4A00001010A469701860147EA9067801942EB07018B00820012EB0A0643EA907343EBBD
:20A4C0000B07BB00B20043EA967316461AEB06001F464BEB070142464B460DF013FA5D4EEF
:20A4E000DFF8A0E1B6F90060BEF900A0DFF898C14B13420B42EAC14206FB03F8F71702FB8D
:20A500000788A6FB0267474406FB03F302FB0733A6FB02671F44730E43EAC71300937B16D0
:20A5200001930AFB01FE4FEAEA7BDDE9002300FB0BEEAAFB00ABF3444FEADA48121848EACA
:20A540004B384B4112EB0800BCF900804FEAEB4943EB0901020A4FEAE87942EA01624FEA9F
:20A5600009174FEA08160B12901947EA187743EB07010DF089F9DFED387A07EE100A67EE47
:20A58000277A364BC4ED017A1B78002B3FF459AE3349344BB1F90060334A05991B7892F937
:20A5A0000020BDF82670A1F5963000FB03F3DB1200FB02F203F50043921202FB03F22B49C2
:20A5C0002B4BB1F90010B3F900307FBA3605BFB2921202F50012C6EB873600FB116103FB04
:20A5E00002F303F5005301F58042D2139B1303FB02F32049DA1302FB02F20978D21101FB36
:20A6000002F2A3EB2213B3F1C85FA8BF4FF0C85323EAE3731B1307EE903AFAEECB7A012356
:20A62000C4ED037A63750CE6DFED137AA9E700BF383D00203C3D00203A3D00202A3D00202E
:20A640000AD7233C263D0020403D00202E3D00202C3D0020363D00200000803B453D002096
:20A66000203D00201E3D0020243D0020223D00201C3D00201A3D002000000000283D00206D
:20A68000303D0020343D0020323D0020417C01B1704770B48368827B254C01254574C3F8D0
:20A6A0000825427BC3F80C252579067B6279C3F81065C3F80015691E12F1FF32C9B218BFBD
:20A6C00001220229C5730274206816D9C3F85425184AB2FBF0F2B2F5007F13D2FF2A1AD8BC
:20A6E0007F2A1ED83F2A19D81F2A1DD8102A34BF4FF000414FF0804106E00F4C54F82110B8
:20A700000A43E3E74FF000710122C3F8241570BCC3F8002570474FF08061F5E74FF080518C
:20A72000F2E74FF00061EFE74FF00051ECE700BF5C3D00200090D00378B2030030B482B049
:20A7400002AB03E906009DF804409DF805308268611E13F1FF33C9B218BF01230025022952
:20A76000C2F80055C473037403D8194850F821100B43C2F854350099164BB3FBF1F3B3F5A2
:20A78000007F18D2FF2B0CD87F2B17D83F2B18D81F2B19D8102B34BF4FF000414FF0804166
:20A7A00001E04FF080610123C2F82415C2F8003502B030BC70474FF00071F4E74FF0006112
:20A7C000F1E74FF08051EEE74FF00051EBE700BF78B203000090D00383680022C3F800251E
:20A7E000704700BF10B4064C54F82110017354F82220827354F8233043735DF8044B7047A9
:20A8000040B403008268C2F81C15D2F80831002BFBD0D2F818050023C0B2C2F8083170474D
:20A820000B4A0C4B0C4970B4D2E90C050B4C966B987300229C604FF48070094C1E735D73BD
:20A84000DA731A740C6088805A7470BC704700BF40B40300483D00205C3D00200030024072
:20A8600000093D0072DF704773DF704774DF704777DF704770B5054608460C4601F000FC6D
:20A88000102808D0802812D1A36883B1EA7F0D2A0FDD002070BDEB7FA2881B2BF9DCE91855
:20A8A0000320E85448704A80EB7F0433EB77012070BDA9181120A85407224A7098681E680F
:20A8C0005C68DB68C1F80E30C1F80A00C1F80260C1F80640EB7F1233EB770120DAE700BFEB
:20A8E00008B50021C1771F220DF0C5FA08BD00BF30B5D1E9035485B04A69074B009369464F
:20A90000CDE902420195FFF7B5FF0446684601F081FB204605B030BDD4B20300F0B589B029
:20A92000054620226946134801F0F6FFEB7FC2181D2A0ADDC3F11D04E4B2E2181D2A4FF03D
:20A94000000615DD304609B0F0BD044601260927EA18601CE85469465770901C22460DF041
:20A9600066FAEB7F02331C443046EC7709B0F0BD0827EDE7783D002010B50446094802F00F
:20A9800019F8E37F1C2B0ADCE2180221E1540A2390705370E37F0333E377012010BD0020D5
:20A9A00010BD00BF783D0020C27F1C2A0DDC10B403469C18022098540120A1706070DA7F9C
:20A9C0000332DA775DF8044B70470020704700BF38B500242146C4771F220DF04CFA094977
:20A9E000094A0346C3E90E44C3E90C1240F2FF15012083F8220083F82340DC621C641D84B2
:20AA0000184638BD2000F40020001E00C1867047428601868186704780F82210704700BF66
:20AA20002DE9F041044690F8210002EB82030E46811E86B003EB8303C9B215469B0000223A
:20AA40000929CDE902620092ADF80C300192CDE904228DF8000009D8012303FA01F140F21D
:20AA6000A32319421CBF04F12403019394F82330002B36D11D4B1E4F9F60A7F53377E17F9F
:20AA800097F8EB02998098816A46194604F120001C60FFF7E7FE18B1002006B0BDE8F081D8
:20AAA000384694F8208001F085FF414602460120FFF7DEFE0028EFD1012194F82000FFF709
:20AAC000D3FE0028E8D1384601F0E0FF638FA686AB4294BFDB1A5B1B0120638784F8230003
:20AAE000DBE794F82000FFF7C1FEC3E7643D0020444000202DE9F041044686B0418701870D
:20AB0000FA21324801F05AFF94F82100E58E278E029705EB8503811E03EB8303C9B20022C0
:20AB20009B00092903920092ADF80C300192CDE904228DF8000009D8012303FA01F140F226
:20AB4000A32319421CBF04F12403019394F82330002B36D11E4B1F4E9E60A6F53376E17FC0
:20AB600096F8EB02998098816A46194604F120001C60FFF777FE18B1002006B0BDE8F08168
:20AB8000304694F8208001F015FF414602460120FFF76EFE0028EFD1012194F82000FFF710
:20ABA00063FE0028E8D1304601F070FF638FA7869D4294BF5B1BDB1A0120638784F8230017
:20ABC000DBE794F82000FFF751FEC3E7783D0020643D00204440002030B50B888D88112B15
:20ABE00085B004462CD0262B0FD0102B01D005B030BDCB7B012BFAD1C26A03FA05F5154344
:20AC00000023C56280F82330F1E70B7A012BEED1002380F823304FF4FA71274801F0CEFE0F
:20AC2000238F002B30D0658F002D36D0236C0BB19847658F618E2A462046FFF7F1FED6E78B
:20AC4000C36AEB40DB07D2D51B4800F0E7FF0028CDD1E36A94F82310012202FA05F523EAE2
:20AC60000503E3620029C2D194F82230002BBED0238F6387FA21104801F0A0FEE28E218E77
:20AC80002046FFF7CDFEB2E7236C03B198470022618E2046FFF7C4FEA9E7074801F00AFFCA
:20ACA000E26B002AA3D004AB0095294643F8045D284606F0D1F99AE7783D0020AADF704797
:20ACC000ABDF7047ACDF7047ADDF7047AEDF7047B0DF704710B5044B044640F8043B01F05E
:20ACE00099F9204610BD00BF90B2030010B5054B044640F8043B01F08DF9204605F038FFAC
:20AD0000204610BD90B20300F0B5854B04461B68836197B0043001F0C5F994F82E30A06978
:20AD200013F0320208BF84F82F2013F00C0308BF84F830300DF10102694601F061F994F80E
:20AD40002F209DF80110100714D09DF8003002F00F0003F00F06B0424FEA13174FEA121580
:20AD600040F2898094F82F2060F3030265F3071284F82F2094F830301A0711D003F00F0237
:20AD800001F00F05AA424FEA13104FEA11166AD994F8303062F3030360F3071384F8303033
:20ADA00094F82E2012F030036ED10FAD0F93C5E90133C5E9033394F82F108DF83C20184617
:20ADC000AB6101234FF0000263F34202236A14900020ADF808008DF80A208DF8081013B15A
:20ADE0001A78002A33D194F8263013B104F12603129394F83130E28AE169099113F0010FDA
:20AE00004FF000030CBF10461846CDF81E302946ADF81C00ADF82230184604F12F05ADF80B
:20AE2000202004F1080604F1320305AA06950596FFF744FF054638B994F82520002A3DD142
:20AE4000257D002D65D00025284617B0F0BD184610930DF0D9FE02AB80B2ADF84400ADF8A5
:20AE600046001393BFE74B401B0701D1B0428FD830462A468CE75A40130702D1BD423FF654
:20AE800071AF3D4630466DE70023012525490F93184665F342000FAD0E7894F82F108DF862
:20AEA0003C208DF806008DF80460C5E90133C5E90333AB618DF8051001A882E701220146DA
:20AEC00062F3420194F82F508DF80E10022303AE42F60811ADF80C008DF812200B968DF877
:20AEE0000C50ADF8101004F1240504AE0DEB03020AA9CDF832000E95ADF83600ADF8303037
:20AF0000ADF834300A96FFF7DBFE0546002897D09AE72146044800F043FE284617B0F0BD98
:20AF2000743D002084B20300003E00202DE9F0410B888E88502B8AB00C46054609D0512B12
:20AF400004D18B79012B42D0022B17D00AB0BDE8F081CB88428E9A4226D0EA8E9A42F5D1E7
:20AF60006B6D002BF2D095F84420648A920700F19B802246294630469847E7E7A27B042A43
:20AF800058D0062A32D0012AE0D1EB6C002BDDD095F84420170704F1080400F1C0802246A3
:20AFA000294630469847D1E7076D002FD5D090F84430B1F810C001F11208D90700F1938068
:20AFC0006346424629463046B847E388C5E7836C002BBBD090F84420520701F1080773D413
:20AFE0003A46294630469847A379ADE7EA6B002AACD0002202A93046CDE90222CDE9042269
:20B000008DF80830FFF764FE2C6D64B195F84430EF6BB5F842C0D80700F1918063463A4659
:20B0200030462946A047E86B03F05EFA0023C5E90F338BE7E86B002868D0B5F84070218A66
:20B04000628A01EB020C00234FF0020EBC45CDE90633CDE908338DF818E008DD40F2091307
:20B06000ADF81C3006A93046FFF732FE6EE79DF81E30ADF8201004F1140743F001030844F4
:20B080003946ADF822208DF81E3009970CF0CFFE638A228AB5F842101A4493B28B4238BF0F
:20B0A0000B46A5F84230DDE7032000211A46009006AB0846CDE90665089405F0CDFF002893
:20B0C0007FF444AF6B6D54E703211A46009106AB08213846CDE90665089705F0BDFF0028F1
:20B0E00082D1AB6C7CE7042300933A46614606AB4046CDE90665CDE9088C05F0ADFF002837
:20B100007FF463AF2F6DB4F810C059E74FF4806003F0D0F94FF48067C5E90F078FE70321EB
:20B120001A46009106AB0E212046CDE90665089405F092FF00287FF409AFEB6C2FE70423AE
:20B14000009322463846614606ABCDE906650897CDF824C005F080FF00287FF464AF2C6DFA
:20B16000EF6BB5F842C059E7F0B4D1E90154184ACF681178174E856001231A4663F3420249
:20B18000154D80F83120C460002214240761C0E90065C48280F82F1080F8301080F84420FF
:20B1A0000275826102628284C0F82620C0F82A2080F82E20C261428682860287C286C0E998
:20B1C0000F22C0E91222C0E91422F0BC704700BF84B2030090B20300D4B2030080F82E10A3
:20B1E000704700BFC182704739B990F83130012262F3000380F83130704790F83130C182CD
:20B20000002262F3000380F83130704780F82F1080F83020704700BF90F84430016562F378
:20B22000000380F84430704751F8322F02604A684260704730B5C48A85B0012C28BF0124B0
:20B240008DF807100023418EADF808400DF1070502AA4FF6FF70ADF80A300395FFF732FD6D
:20B2600018B9BDF8080005B030BD184605B030BD30B5044685B0174801F0E4FB054694F834
:20B280002E0010F0100001D105B030BD2946114801F0CCFB0028F7D0E18E11B9084605B051
:20B2A00030BD2846002302AA02250DF10604ADF80A30ADF808500394FFF706FD43F2014251
:20B2C000904205D008B99DF8060000F00100DBE71846D9E7783D00202DE9F04F90F82E308A
:20B2E000DC0689B005D44FF0000B584609B0BDE8F08F0446434815460E4601F0A3FBE38A15
:20B3000094F82E209D4228BF1D46D206804608D501463C4801F08AFB834608B1E18EA9B91B
:20B32000E38A04AF9D4228BF1D463A460023618EADF810504FF6FF709B460596ADF8123016
:20B34000FFF7C0FC584609B0BDE8F08F002004AF3A464FF0020CADF812000DF10E034046D4
:20B36000ADF810C00593FFF7AFFC43F20142904246D008B9BDF80E0000F0010000283FD013
:20B380004146204801F06AFB82460028ABD000F051F9033883B2002DA7D0CDF804B04FF0F7
:20B3A00000099B4605E0BDF80E30ED1AADB21E441DB3504600F06AF9AB455B46394628BF53
:20B3C0002B4600288FD0ADF80E304FF00103628ECDF8129040468DF812300DF10E03ADF8F7
:20B3E0001690CDE90636ADF81020FFF76FFC0028D9D0504600F054F975E7DDF804B074E79B
:20B40000E38A8FE7783D00202DE9F04F90F82E3089B0DA068DF80D1004D40025284609B05A
:20B42000BDE8F08F0446494801F00CFBB4F8168094F82E20B8F1010FC34628BF4FF0010B05
:20B44000D306074609D50146404801F0EFFA054608B1E18EC1B9B4F8168004AED8454346B8
:20B4600028BF5B46ADF8103000250DF10D033246618EADF812504FF6FF700593FFF722FC5E
:20B48000284609B0BDE8F08F002004AE32464FF0020CADF812000DF10E033846ADF810C011
:20B4A0000593FFF711FC43F2014290424BD008B9BDF80E0000F00100002844D039462348F1
:20B4C00001F0CCFA82460028A7D000F0B3F8033883B2B8F1000FA1D00DF10D0801954FF032
:20B4E00000095D46A3464446984605E0BDF80E30ED1AADB21C4425B3504600F0C7F8A845A7
:20B500004346314628BF2B46002886D0ADF80E304FF00103BBF83220CDF8129038468DF8C0
:20B5200012300DF10E03ADF81690CDE90634ADF81020FFF7CBFB0028D8D0504600F0B0F8F0
:20B540006BE7019D6AE7B4F8168087E7783D002075DF70478FDF704790DF7047B1DF704788
:20B56000B5DF704710B5074B03600446806A03F093FEE06A03F090FE206B08B103F08CFEC2
:20B58000204610BDA8B2030010B5094B03600446806A03F081FEE06A03F07EFE206B08B1FC
:20B5A00003F07AFE204605F0E3FA204610BD00BFA8B2030070B504468180174E266001211C
:20B5C00017251B20E580E081217521745189218191896181D189A18192E803000D0CA06178
:20B5E000A183A577D2796274194618469DF8105003F022F82946A062284603F01DF8002321
:20B6000011214FF6FF72E062E175628263752363A375204670BD00BFA8B20300007D70476D
:20B62000407D7047C07D113818BF0120704700BF407C7047C08870470089704710B44B7D64
:20B640004BB918310C688A888B790460828083715DF8044B70471F31F4E700BF30B500256A
:20B660002C4683B062F30F0461F30F0561F31F4563F31F4469468088CDE90054FFF768FFC6
:20B68000B0FA80F0400903B030BD00BF08B56621806A03F04BFC003018BF012008BD00BFD4
:20B6A00008B500231A461946806A02F0F7FF003018BF012008BD00BF00F11F028188407C96
:20B6C00001F024BB38B50A4605460C468188407C01F00AFB214651F8483FC5F81F308B79BE
:20B6E000888885F825300123A5F823006B75184638BD00BF38B50A4605460C4600F11801AE
:20B70000407C01F035FB687550B1214651F8482FC5F81F208A88897985F82510A5F82320A5
:20B7200038BD00BF10B5447D24B100F11F01407C01F0FEFA204610BD70B50B88113B82B0DB
:20B740000C460546462B2BD8DFE803F03C3F2A2A2A2A2A2A2A462A2A2A2A2A2A545C6268C1
:20B760002A2A2A2A2A2A2A2A2A2A2A2A2A2A2A2A2A2A2A2A2A6B2A6E2A2A2A2A2A2A2A2A04
:20B780002A2A2A2A2A2A2A2A2A2A2A2A2A247E2A89972C000023A8881A461946FFF7DEFE8B
:20B7A00002B070BD8B79002BFAD0002600231A461946A86A02F072FF0136A379F6B2B34244
:20B7C000F4D8EDE700230375EAE74B8903818B894381CB898381E3E70B7AC375112BDFD063
:20B7E00000F11F028188407C01F07AFB03460028D6D1D0E702A9002321F8043D8088FFF717
:20B80000A9FECDE70B7A002BCAD14B7A0374C7E7002211468088FFF79FFEC1E70B89C38104
:20B82000BEE74B89C380BBE78B7A002BB8D0002600231A461946E86A02F030FF0136A37A23
:20B84000F6B2B342F4D8ABE7006B0123AB750028A6D000231A46194602F020FFA0E7417C69
:20B860000C4801F0F3F8E188814228BF014689B2E980A888FFF774FE92E78B79002B8FD1FA
:20B88000006BAB7500288BD01A46194602F006FF86E700BF783D0020F0B589B085880E46A4
:20B8A00004A84FF4285117464FF6FF7400F0BAFB0120CDE901043346294604AA0097054810
:20B8C00000F020F8044604A800F0A4FB204609B0F0BD00BF003E0020A0DF704738B5044685
:20B8E000F82500F5F87001F05FF92A46204600210CF0C1FA2A46601900210CF0BCFA2046B5
:20B9000038BD00BF2DE9F04782B00546BDF82C60BDF830401C48ADF8046090469946ADF87C
:20B9200006400F46BDF828A001F098F805F5F875064604E03046FFF77FFE02F0ADFD2846E4
:20B9400001F08CF904460028F4D10121284601F035F952464946284601F04AF908F10401C4
:20B96000384601AAFFF7B8FF38B94FF4FA71284601F044F920EAE074A4B2284601F028F982
:20B98000204602B0BDE8F087783D00202DE9F04F8F880E8885B08846054639467F4801F017
:20B9A0005DF8A6F11003012B814640F28B8095F854203AB3002404F11603502E55F823A0AA
:20B9C00059D0512E1AD198F80630B8F808B0022B43D0BBF1000F11D051466846FFF724FC6F
:20B9E000BDF800305B4549D0514602A8FFF71CFCBDF80C305B4541D095F854200134E4B2EC
:20BA00009442D8D395F84C31002B00F0C38005F5A679002404E095F84C310134A34246DDD5
:20BA200059F8040F01F090FCB842F4D1382E03D0392E01D0362EEED1B8F80AA0BAF1000FBE
:20BA4000E9D0D9F800B0584601F082FC5045E2D15846414601F07EFCDDE798F80E30062B04
:20BA6000B7D1DAF800305046DB68414698474846FFF7D8FDC0E7B8F806B0AAE7DAF8003004
:20BA800050464146DB6898474846FFF7CBFD0028B2D0502EB0D1514602A8FFF7C5FBBDF8C6
:20BAA0000C305B45A8D14846FFF706FEA4E7112E2AD0352E03D1B8F80A30002B5BD105B0B8
:20BAC000BDE8F08F2B78002B3FF471AF112E4FF000040CD005EB84033946586803685B68DF
:20BAE000984701342B78E4B2A342F3D85FE705EB84033946586803681B68984701342B78A8
:20BB0000E4B2A342F3D852E7002473B105EB8406D6F8500101F018FCB84204F101031FD0DE
:20BB200095F84C21DCB2A242F0D895F8F8100029C5D0002405EB8403621CD3F8FC00838893
:20BB4000BB4203D0D4B28C42F4D3B8E703681B689847013495F8F810E4B28C42EAD3AEE70E
:20BB6000D6F8500101F0ECFB013495F84C31E4B2A342CBD8D9E705F5F8752846B8F80C2000
:20BB800008F1100101F06CF8284605B0BDE8F04F01F07EB8112E8CD1C7E700BF783D00203A
:20BBA00090F85430272B0CD810B4024603F11604013380F85430012042F824105DF8044BC6
:20BBC00070470020704700BF0378132B06D800EB830201330370012051607047002070470A
:20BBE00078DF70477ADF7047054A034692E80300002283E80300C3E902221846704700BFDE
:20BC0000B0B2030008B5FFF7EDFF08B1002008BDFFF7E6FFB0FA80F0400908BDF8B50024AE
:20BC20000B4F2546A1B2384600F018FF0134064648B1FFF7F3FC30B13046FFF7F9FC01289D
:20BC400004BF0135EDB2142CECD12846F8BD00BF783D002008B501804280FFF7C3FFB0FA36
:20BC600080F0400908BD00BF81607047704700BF46DF70477FDF704780DF704785DF704757
:20BC800086DF704738B51C460D460346114628462246984734B1014600222846BDE83840B8
:20BCA000FFF7EABF38BD00BF10B50C4682B003466946204698476A4620460121FFF7DCFFA2
:20BCC00002B010BD30B403224FF0010162F3061107251024017002711146002245708470C9
:20BCE000C170C0E91622C0E9182230BC704700BF012070470B7803F0FE03042B01D000207E
:20BD00007047F0B514468DB00D461E2200210DF112000CF0B0F820686168A268E3686C4670
:20BD20000FC49DF800109DF80F209DF801609DF80E409DF802008DF80F102B469DF80D1090
:20BD40008DF800209DF803208DF80E608DF801409DF80C609DF804408DF80D008DF80210CA
:20BD60009DF80B009DF805108DF80C209DF80A208DF803608DF80B408DF804008DF80A1029
:20BD80008DF805209DF8062033F8041FADF810109F789DF807109DF809C09DF810609DF870
:20BDA00011408DF8092000239DF808208DF81D7068461F468DF808108DF807208DF8103071
:20BDC0008DF811308DF812308DF81C308DF813308DF81B308DF814308DF81A308DF815300B
:20BDE0008DF819308DF816308DF818308DF817308DF806C08DF81F608DF81E40FFF738FFB2
:20BE00009DF82F306A789DF82E009DF82D108DF821009A428DF8221004D0012080F0010018
:20BE20000DB0F0BDAA78C3B29A4205F10201F4D14A789DF822309A42EFD13846EEE700BF10
:20BE400008B5137CDB0758BF1C32084602F11201FFF714FFB0FA80F0400908BDF0B58D8810
:20BE60000C4699B006462946474800F0F7FD2388133B0746072B29D8DFE803F037525E28B7
:20BE80007228042A237AABB9637B9B070ED402A83946FFF7D3FB0298BDF80C109DF80E205C
:20BEA00086F85420C6F84E00A6F852103846B11DFFF708FC326E4AB10223247A009300212C
:20BEC000084604ABCDE9045405F0C6F819B0F0BD726E002AFAD018AB0120002143F8505D6D
:20BEE0000090084605F0B8F8F0E7B31D002406F12202049306F13E03CDE90823CDE905442A
:20BF00000794CDE90A44FFF793FB01280CBF324622462146284604ABFFF7ACFE19B0F0BD90
:20BF200004A9FFF7E7FB034640B304A92846002312AAFFF7A5FEC9E7B36D002BC6D0A67BFB
:20BF400004930834042306F0010600930F4A0595204604AB0621CDE9064605F07DF8B5E720
:20BF6000F46D002CB2D0022300210093084604AB074ACDE9044505F06FF8A7E728461A46D4
:20BF80001946FFF77DFEA1E7783D002085BC0200A9BC0200A8DF7047704700BF30B50446E7
:20BFA00083B0083000F07EF804F10C010DF106020120FFF7EFFF054628B9044B04481C6060
:20BFC0002146FFF701FE284603B030BD743D0020003E002070B44C68C460D1E90254064A6C
:20BFE000064E8260002111220660C0E9045481808271C27170BC7047D4B20300C0B2030048
:20C0000083790B70C3791370704700BF62DF704763DF7047704700BF10B5044604F0A8FD65
:20C02000204610BD10B4054C81800022012104608171C0E902225DF8044B7047D4B203006C
:20C0400038B50E4B0360044608460D460CF0DCFD042806D00023A371E560A380A36020466D
:20C0600038BD2846102200210CF08CFE01220023A271A080C4E90233204638BDD4B2030045
:20C080008379012B0BD082680AB180207047C268002AFAD1012B8CBF802000207047102064
:20C0A000704700BF2DE9F043857983B0002D41D1C7680646002F41D0102002F0FBF98046BA
:20C0C00038460CF0A1FD441E00B3A94604E00134023C1BD4102D19D03B5D2D2B07EB040CE6
:20C0E0004FF010024FF0000101A8F0D08DF806901CF801CC8DF804C08DF805300CF042FE0B
:20C100006B1C023C08F80500DDB2E3D5C6F80880B8F1000F0ED0B11D4046FFF777FF321D23
:20C12000B1681020FFF774FFB0FA80F0400903B0BDE8F083012003B0BDE8F083D0F80880E3
:20C14000E6E700BF4BDF704710DF70477CDF70477DDF704760DF704769DF704761DF7047BB
:20C1600066DF704767DF7047704700BF132005F0DBB800BF30B5154C154D83B04FF0FF318C
:20C18000D4F8780302F0D2FE0028F7D095B101A8FFF7D8FF0528F1D00028F8D10198831ED2
:20C1A000012BF4D80AF08CFF01A8FFF7CBFF0528F2D1E3E701A8FFF7C5FF0528DED001A8F8
:20C1C000FFF7C0FF0528F5D1D8E700BF783D0020C17003002DE9F04F4FF4FA7089B002F003
:20C1E00069F9B14C00F108030646039304F5747704F5227A4FF0FF31D4F8740302F096FE51
:20C200000028F7D04FF4FA730DF116013046ADF81630FFF7A3FF10B10528EBD0F2E7B6F841
:20C220000490B9F1130F00F2228104EB8903D3F884533DB131462846FFF77EFA31469B4851
:20C24000FFF70CFE3388013B1B2B5AD8DFE813F0A200590059005900590059005900590094
:20C260005900590059005900590059005900A7001C0059005900590059005900590059001D
:20C28000590059005900FC00DFF834824FF0000B58F8043F184633B1FFF7C0F918B10BF177
:20C2A000010B5FFA8BFB4745F2D1BBF1000F06D194F880331BB15946132005F009F8284671
:20C2C000FFF7B6F9012800F00A81E26962B102230021009396F808C0CDF81890084606AB1C
:20C2E000CDF81CC004F0B8FE09F1E00804EB8803586810B103685B68984704EB880300226D
:20C300005A6031465046FEF767FC3146684801F0D7F9B4F882334B45338800F0AA80102B15
:20C320001ED02DB32846FFF783F9012803D131465D48FFF79BFC2846FFF77AF902281BD0BD
:20C340005C4801F0FDF800BB31465B48FFF71EFBD4F8D833002B3FF455AF3046984751E7A9
:20C36000F37B012BDDD1B388A4F88233002DD9D131464D48FFF77AFC5048314600F09CFF00
:20C380004C4801F0DDF80028DED03146494801F0D9F8D9E700214846FFF7E2FEB1E74FF087
:20C3A0000008D4F87C03CDF80080434642460321434D04F049F955F8043F184633B1FFF722
:20C3C0002DF918B108F101085FFA88F8BD42F2D194F88033002B57D109F1E00804EB8805E1
:20C3E000686820B103685B68984700236B60F37B012B0BBF94F8633394F8693394F862B352
:20C4000094F868B30293342004F0B0FB029B0093039A5B4649460546FFF7CCF804EB880371
:20C4200028465D60FFF704F901284BD0A269002A3FF467AF012300210093084606ABCDF880
:20C44000189004F009FE5CE7D4F8D423002A3FF458AF02230021009396F908C0CDF8189032
:20C46000084606ABCDF81CC004F0F6FD49E70546E8E6102B3FF474AF112B7FF452AF4FF666
:20C48000FF73A4F882334CE718F1000118BF0121132004F01DFF94F88033002B9CD0012168
:20C4A000132004F015FF97E7783D0020983D002064400020B8400020003E0020883D0020DA
:20C4C000F8400020A268002A3FF41BAF0021009006AB0846CDF8189004F0BEFD11E7E268C5
:20C4E000002A7FF4F4AEFFE638B50446FFF77CFB04F1100000F0B0FE04F12000FFF7E2FBE9
:20C5000004F18800FFF7EAF904F52270FEF760FA04F53370FEF7E4F904F53B7001F04EF8A2
:20C5200004F5507000F0F2FF4FF440630025C4F8583316481649174AC4F85C0340F2011390
:20C54000C4F86013C4F86423A4F86833A4F86A53A4F86C53294604F5617050220BF08BFC51
:20C5600001224FF6FF73C4F87453C4F87853C4F87C5384F86E53C4F8D853C4F8D45384F8C9
:20C580008023A4F88233204638BD00BF010A1700030001011700030004290DD8DFE801F082
:20C5A0002017200D0300134BC0F85E330322012380F8622380F8633370470F4BC0F85E33BF
:20C5C0000222012380F8622380F8633370470B4BC0F85E33012380F8623380F863337047BC
:20C5E000074BC0F85E33012380F8623380F86333704700BFF70064008000060017000200F1
:20C6000017000300F0B5B04E8DB00CAB346943F8244D0446184684F86C1384F86D23AB497D
:20C62000FFF792FD18B1002528460DB0F0BDA84B099094F85D530493CDE90A001A4609A97E
:20C6400001208DF82450FFF787FD0028EBD194F86D330B90CDE90900181C18BF012094F824
:20C660006C538DF82700049A8DF8263009A940208DF82550FFF770FD0028D4D194F85C139F
:20C680000990034661F30003CDE90A00049A8DF8243009A9A020FFF75FFD0028C3D1D4F8DE
:20C6A00058330A900B90049A099309A9A120FFF753FD0028B7D194F86C33002B40F0B5805C
:20C6C00094F86D33002B47D000230225B4F86473049A099309A92320CDE90A338DF8245004
:20C6E000ADF82670FFF738FD00289CD1CDE9090094F86D73B4F866330B90049A8DF824509D
:20C7000009A920208DF82670ADF82830FFF724FD002888D1099094F86833049A8DF8245020
:20C72000CDE90A0009A922208DF82630FFF714FD00287FF478AFCDE909000B9094F869331F
:20C74000049A8DF8245009A921208DF82630FFF703FD00287FF467AF04A8FFF7FBFC00280C
:20C760007FF461AFC3B2CDE9070043F0010307A902208DF81C30FFF7F5FC00287FF453AFA6
:20C780002046FFF73FFA054600283FF44CAF04F12000FFF7ADFA0CA8337D00F8283D1822B6
:20C7A0004C49FFF7D3FC00287FF43DAF94F86D33002B40F0848003220021012001F0FAFEBD
:20C7C000C4F8740300283FF42EAF05AB0326CDE900634FF4A06200233F49404802F0F4FEA0
:20C7E00032460021012001F0E5FEC4F8780300283FF419AF06ABCDE90063C82200233849F9
:20C80000384802F0E1FE384B4FF480021A60374B00930023184601224FF4807103F0BCFE6B
:20C82000C4F87C0300F040FAFEE609900123B4F85E53049A8DF82430CDE90A0009A9232069
:20C84000ADF82650FFF788FC00287FF4ECAECDE9090094F86C73B4F860530B90049A8DF8C7
:20C86000243009A920208DF82670ADF82850FFF773FC00287FF4D7AE099094F86253049A3D
:20C880008DF82430CDE90A0009A922208DF82650FFF762FC00287FF4C6AECDE9090094F862
:20C8A00063530B90049A8DF8243009A921208DF82650FFF751FC00283FF402AFB3E604F1E5
:20C8C000100000F0D7FC76E7DCB2030069C102000036002000B303001CB30300D5C10200F5
:20C8E00020B3030075C1020000E100E06DC1020030B5084B83B002AC1B7D04F8043D0846FD
:20C900000D460CF081F9294682B22046FFF71EFC03B030BDDCB2030000B583B002AB084621
:20C9200023F8022D1946FFF713FC20B99DF8060003B05DF804FB002003B05DF804FB00BFE8
:20C9400030B41B4A0B46054607CA84B001AC03C49DF904102270994223D09DF905209A42D8
:20C960001FD09DF906209A421BD09DF907209A4217D09DF908209A4213D09DF909209A42AD
:20C980000FD09DF90A209A420BD09DF90B209A4207D09DF90C209A4203D0002004B030BC9C
:20C9A0007047012085F86E3304B030BC704700BFF4B2030090F96E03704700BF70B50446E3
:20C9C00082B0D0F87C030D4603F06AFE4FF47A7206460023A90DA8020AF0E4FFD4F87C13FA
:20C9E0000023024600930846042103F02DFE3EB9D4F87C03009633463246032103F024FEA6
:20CA000002B070BD70B500F5607400F57476002554F8043F184623B1FEF700FE08B10135A2
:20CA2000EDB2A642F4D1284670BD00BF132906D800EB8100D0F8840308B1FEF7EFBD002001
:20CA4000704700BFB0F88203704700BF01290CBFB0F85E03B0F86403704700BF13299ABFA5
:20CA600000EB8100D0F884030020704710B5064C0021D4F8780302F09BF8D4F874030021BC
:20CA8000BDE8104002F094B8783D002090F8803303B9704710B582B0D0F87C4302F074FFFD
:20CAA0000023024600932046012103F0CDFD02B010BD00BFF0B583B0002507462B46D0F872
:20CAC0007C0300952A46032103F0BEFD07F5607407F5747654F8041F084621B1FEF79EFD2B
:20CAE00008B10135EDB2B442F4D197F880330BB903B0F0BD291C18BF0121132003B0BDE8BE
:20CB0000F04004F0E5BB00BF0148FFF7EDBC00BF783D002008B51830FEF78CFB003018BF8E
:20CB2000012008BD1830FEF76FBC00BF30B585B0044641F60F016846FFF774FA6946204616
:20CB4000FFF748FA25466846FFF764FA084B45F8183B684642F61921FFF764FA69462846BC
:20CB6000FEF702FB6846FFF755FA204605B030BD68B3030038B50446FFF710FA00B138BDCD
:20CB80001834054612212046FEF728FB2A4620461121FEF73BFB20460121FEF725FB204617
:20CBA000BDE83840FEF7B0B80022012142700170C0E90122C2818281704700BF017001B1E9
:20CBC000704710B504460A2001F036FD606010BD037810B5044613B9406802F05DFB002349
:20CBE00001226370C4E90133E381A381227010BD002381608281C381704700BF037870B516
:20CC000004460E46D3B94568012363704FF47A720023B002B10D0AF0C5FE0146284602F020
:20CC200085F9B8B94FF0FF352378002666701BB1606802F031FB6660284670BD03220021A2
:20CC4000012001F0B7FC054660600028DCD14FF0FF35F1E7E589ADB2E6E700BF407870471C
:20CC600070B58689964204463546806828BF154621B12A460BF0DBF8A068A689E3892B4497
:20CC80002844761B9BB2A060A681E381284670BD406820B100231A46194601F0FFBC704766
:20CCA000B1DF7047B2DF704708B50C480AF04CF90B490A4804F032FC58B10A49074804F02E
:20CCC0002DFC00B108BD07490448BDE8084004F041BC0349014804F03DFCEEE79C4C00209C
:20CCE000D4B30300E8B3030000B587B0032304910021039005920093084603AB024A04F04B
:20CD0000ABF907B05DF804FBC5CF020010B586B00323CDE9030114460093104603AB034AB5
:20CD20000594072104F098F906B010BDE9D0020070B590B08D798B784A7803954D7902954A
:20CD40000E79CD78074C08490196012808BF2146009504A80BF0F8FE04A9044804F054FC06
:20CD600010B070BD74B30300A4B303009C4C00202DE9F043D1B00B785B08012B04AF0D4658
:20CD80000446904668D9022B5FD14F4A4F49504BDFF84891012818BF11460022381D04F097
:20CDA00051FD07F168004A4904F038FD07F1CC0603E007F1680004F0EDFF0022391D30462E
:20CDC00005F01AF8D7E93410D7E93632F966386797F8E010D7F8E4007B67BA67D7F8E83006
:20CDE00087F87C10412207F1EC01C7F8800007F18800C7F884300BF01AF807F1680004F04D
:20CE0000F5FF0446C0B107F1680004F0A7FC5028CFD10246414607F1680004F045FF08F1F4
:20CE2000380229464846FEF765FF04460028C0D007F1680004F0AEFF381D04F0ABFF204606
:20CE400007F59A77BD46BDE8F0830024204607F59A77BD46BDE8F083E9468CB08979AB7868
:20CE60006A7803916979029129790191194E1A49E878009004AD012C08BF3146284607F157
:20CE8000CC060BF061FE1249304604F0C7FC29463046002204F0A0FD044650B90024304659
:20CEA00004F078FF2046CD4607F59A77BD46BDE8F083304604F052FC021EEFDD92B24146F7
:20CEC000304604F0F1FEEAE7E8B30300D4B303009C4C002074B30300A4B30300983D00207F
:20CEE0002DE9F041AAB00E46917993785578039151790291117901912F4C3049D27800927E
:20CF000004AF012808BF21462A46381D0BF01CFE391D07F134002A4B002204F093FC07F199
:20CF2000340004F063FF48B9002407F1340004F031FF20469837BD46BDE8F08107F1340078
:20CF400004F00CFC041E08DD07F1340004F0EAFE211807F1340004F0C7FE07F1340004F088
:20CF6000FDFB041E08DD07F1340004F0DBFE211807F1340004F0B8FE07F1340004F0EEFBA1
:20CF80000028D1DDC31D23F00703E846ADEB030D84B204AD2246294607F1340004F084FE88
:20CFA0002246294630460323FFF77AFEB0FA80F46409C546B9E700BF74B30300A4B3030017
:20CFC0009C4C00202DE9F041B2B092F84E5092F84A30DFF810C13F4E144692F8492003955A
:20CFE00094F84D50029594F84C50019504AF94F84B500095884601280CBF3146614607F16C
:20D0000024000BF0A1FD07F1240133486D4604F085FA88B907F1240107F154002E4B01224F
:20D0200004F010FC07F1540004F0E0FE50B9B837AD46BD46BDE8F08107F12401264804F04F
:20D04000E3FAE7E7502107F1540004F0B5FB5022214607F1540004F0EFFA20220021381D0A
:20D060000AF009FF41461D48FFF7F8FC391D2022FEF712FC3B799BB994F8491094F84D3047
:20D0800094F84E20039194F84A10029194F84B10019194F84C100091381D11490BF054FD9C
:20D0A000381D0BF0B1FD013084B2E1B207F1540004F082FB391D224607F1540004F0BCFA07
:20D0C00007F1540004F066FEB837AD46BD46BDE8F08100BF74B303009C4C0020783D0020EB
:20D0E000FCB30300A4B303002DE9F047AAB004AF07F19804002324F8963D0D4681461946AB
:20D100009046032322462846FFF7CCFD7B886E4623B9B5469837BD46BDE8F0870733DB08E5
:20D12000A6EBC3039D460DF1100A2246284651460323FFF7B7FD04460028EAD198F806108D
:20D1400098F8023098F80120039198F80510029198F8041001913C483C4998F803500095D9
:20D16000B9F1010F18BF0146381D0BF0EDFC391D07F13400364B012204F064FB07F13400F9
:20D1800004F034FE0028C4D0214607F1340004F0ABFD07F1340004F0E1FA041E08DD07F184
:20D1A000340004F0BFFD211807F1340004F09CFD07F1340004F0D2FA041E08DD07F134007A
:20D1C00004F0B0FD211807F1340004F08DFD07F1340004F0C3FA7C8883B2A34210D0E1B25D
:20D1E00007F1340004F0E8FA2246514607F1340004F022FA07F1340004F0CCFDB54689E79E
:20D200000733E846DB08A8EBC3039D4604AD2246294607F1340004F047FD29467A88504694
:20D220000AF0F6FD08B9C546E4E707F1340004F095FD7988C943014407F1340004F054FDF5
:20D24000C5467C88CBE700BFA4B3030074B303009C4C002075DF704710B44FF010144FF44D
:20D2600048010022C0E90041C0E902225DF8044B704700BF014800F057B900BFB840002052
:20D28000F8B500240B4F2546A1B23846FFF7E6FB0134064648B1FEF7C1F930B13046FEF7DB
:20D2A000C7F9022804BF0135EDB2142CECD12846F8BD00BF783D002070B58D881B480C4649
:20D2C00094B02946FFF7CAFB23881A2B1FD01F2B0ED0102B01D014B070BD6946FEF70AFA34
:20D2E0000028F8D06A4629461148FEF7A9FDF2E754F8080F61686B4603C32846BDF800305C
:20D30000ADF802306946FFF7A5FF14B070BD0646FEF786F90028DED03046FEF783F9002857
:20D32000D9D13046FEF7FEF9D5E700BF783D0020983D0020A1DF7047A3DF7047A4DF7047F2
:20D3400000238383704700BF006A00F0DDB800BF808B70472DE9F0410B88CE88382B86B0F5
:20D360000C46054642D0392B25D0362B02D006B0BDE8F081006A00F0C7F801466148FFF7A7
:20D380006DFBFEF757F905F1240807466EB9E28904F110014046FFF763FC2B8E2BB1033F27
:20D3A000BFB2E389013FBB4270DA4046FFF770FC06B0BDE8F0810B7B012B57D0022BD6D1A8
:20D3C000836B002BD3D090F83C20B1F80480CE89920701F1100700F184803246394628462D
:20D3E000984761894046FFF7A9FFC0E700F12407002E35D10A8A38463146FFF731FC94F811
:20D400000C80B8F1010F2BD0B8F1040FAFD1286A00F07AF801463B48FFF720FBFEF70AF9C9
:20D420002B8E053880B2834228BF0346002B37D0218AE289286AAC8BADF80C600A44E96A0C
:20D4400005918DF80C80ADF81230ADF81020ADF80E4000F059F803A9FFF76EFF002886D0A8
:20D460003846FFF715FC06B0BDE8F081436B002B3FF47DAF90F83C20CE8901F11007D10707
:20D480001ED4324639462846984770E7286A00F03BF86A8EA98BFFF74DFF002885D166E711
:20D4A00040F20511AA8B286AADF80C10CDE90433ADF80E2000F028F803A9FFF73DFFCFE738
:20D4C00003201A460090314603AB3846CDE90357059603F0C1FD00287FF449AFE6896B6B62
:20D4E000CFE703201A460090314603AB3846CDE90357059603F0B0FD00287FF472AFAB6BA3
:20D50000E6896AE7783D00208088704710B504460430FFF749FB034B236000232375204648
:20D5200010BD00BF0100FFFF017D01B1704710B504460430FFF742FB0123237510BD00BFBB
:20D54000007D704710B50B88322B18D0332B0CD0302B00D010BDCB88041D0BB94B892BBBD6
:20D560002046BDE81040FFF793BBCB88041D002BF6D14A89002AF3D002EB42020EE04A89F4
:20D5800022B100230133DBB29342FBDBCB88041D002BE5D1002AE3D002EB82025200023200
:20D5A00092B20A312046FFF75BFBD9E70A310A222046FFF755FBD3E78ADF704730B4034660
:20D5C0001F22012418628025828480F82D4000220B4C80F82E50C0E911228262C0F846406E
:20D5E00080F82C2080F82F20028680F838204263C0E90F22C264A0F8502030BC704700BF39
:20D60000A00050002DE9F04710468AB017460C46FEF736FDC0B210282ED0BF680722062345
:20D62000D4F818A094F81C808DF805208DF80430C6084FF000091F22002102A80AF01BFCA8
:20D64000B8F1010F06D8B9F1000F35D000200AB0BDE8F08701AB514613F809C042460B785D
:20D660004878DC43604503F10105224408D012F0FF022944F3D1E6E7043703220223CFE7B2
:20D68000013B0231DDB2DED02A4602A80AF0CFFB002DD8D002AC02E013F0FF05D3D020468B
:20D6A000324639460AF0B4FB3444AB1B0028F3D101200AB0BDE8F0874FF00109BBE700BFFF
:20D6C0002DE9F0430B888E88103B87B00C4605460D2B2CD8DFE803F082072B2B2B2B2B2BB8
:20D6E0002B2B2B6D2B2E836AF340DB071FD55A48FFF7C6FDD8B9AB6A95F82C20012404FAF0
:20D7000006F623EA0606AE628AB995F82D3073B11F232D62AB8405F1200105F14400FFF74C
:20D720004BFF20B94D48FFF7B1F985F82C4007B0BDE8F08390F92E2091F91B309A4230DC45
:20D7400090F8383001F108061BB3454F4FF0000803E05FFA82F8434519D96B6B029703EBA3
:20D760000813D3E9011002AADB6803910490314628460593FFF746FF814602A8FEF74AFC46
:20D7800008F1010295F83830B9F1000FE1D0984507D095F82F30002B39D094F82430012B4E
:20D7A00042D805F120010020FFF706FF07B0BDE8F0830B7A012BBAD1002480F82C4027489B
:20D7C000FFF778F92A6C002AB1D006AB0094214643F8104D204603F03FFCA8E7CB7B022BC7
:20D7E000A5D10122836A02FA06F633430022836280F82C209BE70139CCB2911CD1D0022CB4
:20D8000020D95388ADF808302A8E9A42C9D1EA6B002A8CD006AB012143F8106D30460091BC
:20D82000242103F019FC82E7226A11785078CC43FF2801F101072344DDD013F0FF033A448E
:20D84000F3D1AEE7224602A80AF0F1FA002CA8D0BDF80830D8E700BF883D0020783D0020AF
:20D86000D4B2030000207047704700BF203000F0A7BA00BF203000F095BA00BF203000F0E4
:20D88000A5BA00BF38B5437F0BB9002038BD00F1680420460D4600F0A1FA0028F5D12046ED
:20D8A000294600F06DFA012038BD00BF2DE9F0475AB30646DFF8588033681B684D1E434567
:20D8C00017464FF0000400F1680915F801AF16D1737F13B92046BDE8F087484600F07EFA6C
:20D8E0000028F7D15146484600F04AFA0134A742F0D0336815F801AF1B684345E8D051464F
:20D90000304698470028F1D1E4E71446E2E700BF85D8020030B4827E4FF0A04302F5E0726D
:20D9200040F20C640121C17643F82240427E02F5E0724FF0CC7543F822400369C3F8245589
:20D9400003690622C3F800250369827EC3F808250369427EC3F80C2590F91830002B13DAFE
:20D96000124A03F00F031A446023137690F91830002B07DB0E4903F01F0001225B0982404C
:20D9800041F8232030BC70475C09603403F01F03074A01FA03F342F8243090F91830002B8E
:20D9A000DEDB1344602283F80023DFE7FCEC00E000E100E0C37EE3B10E4B026910B49942B0
:20D9C0004FF00004C2F8004510D90B4B994294BF4FF080614FF0C86103695DF8044BC3F845
:20D9E000241503690622C3F8002570474FF0CC71F2E77047A086010090D00300034B53F894
:20DA00002110417653F822308376704740B40300C37E1BB94269C2F80035704703690022E6
:20DA2000C3F80025704700BF0AB910467047F8B5054600F12007384614460E4600F0AEF9ED
:20DA40002B69C3F888652A69012313622A69C2F834752A69C2F838452A6913602B6902E022
:20DA6000D3F824211AB9D3F84C21002AF8D00022C3F84C212B6902E0D3F824211AB9D3F82B
:20DA80005C21002AF8D00022C3F85C212B6901225A612A69D2F80431002BFBD00021C2F8E8
:20DAA00004112B69D3F8242112B1C3F824112B69D3F83C052866C0B2F8BD00BF10B50446D7
:20DAC000683084F8B01000F069F90123637710BDF8B50446026990F8B00000236377C2F804
:20DAE00088052269C2F80431236901271F62236904F16806C3F8446530460D4600F060F985
:20DB00002369C3F8480523699F60236902E0D3F824211AB9D3F85021002AF8D00022C3F88A
:20DB20005021304600F04CF9236940BB0022C3F86021236915B9D3F824212AB301225A61BF
:20DB40002269D2F80431002BFBD00023C2F804312369D3F8240168B10022C3F824212369F0
:20DB6000D3F8C404C3F8C404022803D0042814BF04200320F8BDD3F82421002AD6D1D3F8EB
:20DB80006021002AF7D0D1E70122DA612269D2F84831002BFBD00023C2F84831D8E700BF65
:20DBA00070B5026990F8B01000234377C2F888150269C2F80431036901261E62036900F18F
:20DBC00068050446C3F84455284600F0F9F82369C3F8480523699E60236902E0D3F824214F
:20DBE0001AB9D3F85021002AF8D00022C3F85021284600F0E5F8236918BB0022C3F86021DE
:20DC0000236901225A612269D2F80431002BFBD00021C2F804112369D3F8240160B1C3F8E2
:20DC200024112369D3F8C404C3F8C404022803D0042814BF0420032070BDD3F82421002A63
:20DC4000DBD1D3F86021002AF7D0D6E770B5294C6369D3F86421002A3AD1D3F86821E2B944
:20DC6000D3F8042162B1227F0021C3F804113AB1D4F8B820D3F83C0520660AB19047636990
:20DC8000D3F8242142B10022C3F82421D3F8D024C3F8D02401225A6170BD0022C3F8682180
:20DCA000154822770123637700F078F8D4F8B43003B1984763691048C3F8440500236377A8
:20DCC00000F07EF863690122C3F848055A63C7E7002204F12006C3F86421012530462577C7
:20DCE00000F05CF863694022C3F83465C3F838251D63B2E754410020BC41002038B50E4C14
:20DD00000E4A20464FF47A7340F8202B0025C4E9015300F02BF804F1680000F027F8084A9B
:20DD2000084B6577D2E91912032020766176A276C4E9043338BD00BF5441002024B40300FE
:20DD400040B403000030004008B50121112003F027FA112003F014FB1320012103F020FAA3
:20DD60001320BDE8084003F00BBB00BF08B5402200210AF080F80022C0E9102208BD00BFD8
:20DD800010B4D0E91024531C03F03F039C4218BF81545DF8044B18BF036470470023C0E93F
:20DDA00010337047D0E91023934206D05A1CC35C02F03F024264184670474FF0FF3070472A
:20DDC000D0E91030181A48BF40307047D0E91023934214BFC05C4FF0FF307047D0E910301C
:20DDE000013303F03F03181AB0FA80F04009704790F8A300704700BF38B590F99D30002B5F
:20DE000004460DDB5A0920320121234803F01F0301FA03F340F82230BFF34F8FBFF36F8FBE
:20DE200023694FF48872C3F8082322690023C2F844312269C2F8583122690123536022699B
:20DE4000D36001E003F032F82369D3F85821002AF8D0D3F84421002AF4D00025C3F800557C
:20DE600022694FF0FF33C2F80C352269C2F814352269C2F80835226904F11400C2F8103508
:20DE8000FFF78CFFD4F8A40001F006FAC4F8A45084F8A35038BD00BF00E100E01430FFF7D2
:20DEA0008FBF00BF1430FFF791BF00BF1430FFF779BF00BF08B5D0F8A40001F0E3F90028BD
:20DEC00014BF4020002008BD90F8A33003B9704710B54FF0FF310446D0F8A40001F026F863
:20DEE0000023D4F8A4001A461946BDE8104000F0D5BB00BF10B50368104A5B6882B0934248
:20DF00008DF8071013D104464FF0FF31D0F8A40001F00CF822699DF8073084F85D300123E3
:20DF2000C2F8483522691846936002B010BD01220DF10701984702B010BD00BF41DF0200E7
:20DF40002DE9F0471AB317468846064600F15D0A00254FF001097C1B402C28BF40244FF0DD
:20DF6000FF31D6F8A40000F0E1FF08EB05012246504609F05CFF3369C3F8484533692544FB
:20DF8000AF42C3F80890E6D82846BDE8F08715462846BDE8F08700BF70B504687D4A246A6B
:20DFA000944240F0B68090F8A3200346002A40F0AF800D46016990F89F00C1F80C051969D8
:20DFC00093F89E00C1F8140593F8A210012900F0AF801969C1F86C25B5F5966F45D9B5F57D
:20DFE000166F40F29B80B5F5965F40F2AF80B5F5165F40F2AD80B5F5615F40F2AB80B5F560
:20E00000964F40F2A980B5F5E14F40F2A78047F61222954240F2A480B5F5164F40F2A3808B
:20E020004DF6C022954240F2A180B5F5614F40F2A080B5F5963F40F29F80B5F5E13F40F219
:20E04000A080B5F5613F40F29980534A954240F29E80B5F5E12F40F29780B5F5612F8CBFBF
:20E060004FF080524FF0706201E04FF49E221969C1F824251A690821C2F800151A6903F124
:20E080005D01C2F844151A690021C2F820111A6903F15C01C2F834151A690121C2F83815FD
:20E0A0001A6911601A694FF48870C2F8040393F99D20002A35DB5409603402F01F023748E7
:20E0C00001FA02F240F8242093F99D20002A28DB0244602182F8001393F99D20002A07DBB6
:20E0E0002E4802F01F0401215209A14040F822100322002101201C4600F05CFA00231A463B
:20E100001946C4F8A40000F0C9FA012384F8A33070BD23460022BDE8704018474FF41D222C
:20E12000A5E71F4902F00F02114460220A76D3E71A6993F8A000C2F810051A6993F8A100AB
:20E14000C2F808051A69C2F86C1545E7154A8EE7154A8CE7154A8AE7154A88E7154A86E7FE
:20E160004FF4000283E74FF41D0280E74FF465027DE74FF46B027AE70F4A78E74FF06C7233
:20E1800075E74FF0EB7272E74FF0E8626FE74FF080626CE7BDE1020090D0030000E100E017
:20E1A000FCEC00E000B013000050270000F03A0000A04E0000C0750000903A0190F8A330EA
:20E1C000002B5BD110B5036990F89F40C3F80C45036990F89E40C3F8144590F8A230012BD8
:20E1E000036900F0A080C3F86C25B1F5966F46D9B1F5166F40F2A680B1F5965F40F2AC8011
:20E20000B1F5165F40F2AA80B1F5615F40F2A880B1F5964F40F2A680B1F5E14F40F2A480B8
:20E2200047F61223994240F2A180B1F5164F40F2A0804DF6C023994240F29E80B1F5614F3A
:20E2400040F29D80B1F5963F40F29C80B1F5E13F40F29A80B1F5613F40F29980504B99428D
:20E2600040F29B80B1F5E12F40F29480B1F5612F8CBF4FF080534FF0706302E070474FF4D4
:20E280009E230269C2F8243503690822C3F80025036900F15D02C3F8442503690022C3F8A0
:20E2A0002021036900F15C02C3F8342503690122C3F8382503691A6003694FF48871C3F85E
:20E2C000041390F99D30002B3FDB5C09603403F01F03344902FA03F341F8243090F99D302C
:20E2E000002B32DB0B44602283F8002390F99D30002B07DB2B4903F01F0401225B09A24021
:20E3000041F82320044603220021012000F052F900231A461946C4F8A40000F0BFF9012387
:20E3200084F8A33010BD90F8A040C3F81045036990F8A140C3F80845036942F00102C3F810
:20E340006C2552E74FF41D239BE7174A03F00F031A4460231376C9E7144B92E7144B90E7C0
:20E36000144B8EE7144B8CE7144B8AE74FF4000387E74FF41D0384E74FF4650381E74FF44F
:20E380006B037EE70E4B7CE74FF0EB7379E74FF06C7376E74FF0E86373E74FF0806370E719
:20E3A00090D0030000E100E0FCEC00E000B013000050270000F03A0000A04E0000C07500EA
:20E3C00000903A0108B5054B1BB10548FFF7F8FC00B908BDAFF3008008BD00BF000000003E
:20E3E0002442002010B5114C2369D3F810213AB10022C3F81021D3F83C2572B901221A6000
:20E40000D3F8202102B910BD0021D4F8A400C3F82011BDE8104000F0CBBB94F85C1004F193
:20E420001400FFF7ADFC2369E8E700BF1042002038B50F4C0F4A204600254FF47A7340F809
:20E44000142BC4E90153FFF791FC0B4B0B481A6A9B6984F8A2500221C4F8A45084F8A35018
:20E46000206184F89D1084F89E2084F89F3038BD10420020C8B4030040B403000020004030
:20E4800008B501F081FA4FF47A72A0FB0223900A40EA835008BD00BF08B5014600238002A0
:20E4A000890D4FF47A7209F07DFABDE8084001F08FBB00BF10B5044601F0E4FD022804D061
:20E4C0002046BDE8104009F081BC01F055FA204609F07CFC044601F0F5FA0CB1204610BD7A
:20E4E00002F0F2FCFAE700BF10B5044601F0CAFD02280AD144B101F03FFA204609F06EFCE8
:20E50000BDE8104001F0DEBA10BD2046BDE8104009F064BC10B5044601F02EFA204609F0B5
:20E5200055FC044601F0CEFA0CB1204610BD02F0CBFC204610BD00BF50B110B5044601F0EB
:20E540001BFA204609F04AFCBDE8104001F0BABA704700BF38B51C469DF8105043B30029CE
:20E5600008BF1A460123C4E90F01226084F8463002F0E2F8D4E90F132268A26001FB03F1F8
:20E58000CB1A134400200A44FF21A063E36084F84410626084F8451004F1100002F0FEFE15
:20E5A00004F1240002F0FAFE02F0D0F884F84C50204638BDF8B5074615460E4669B100FB6D
:20E5C00001F05030FFF7A6FF044690B3002200F1500380F84620036007E05020FFF79AFF15
:20E5E000044630B384F846602460C4E90F7602F0A3F8D4E90F132268A26001FB03F1CB1A49
:20E60000134400200A44FF21A063E36084F84410626084F8451004F1100002F0BFFE04F1C3
:20E62000240002F0BBFE02F091F884F84C502046F8BD00242046F8BDF8B5074650200D4661
:20E64000FFF768FF044630B30026206080F846600664C76302F070F8D4E90F322168A663EE
:20E6600003FB02F39A1A0A440B44FF26C4E90131E26084F8446004F1100084F8456002F0D8
:20E680008DFE04F1240002F089FE02F05FF80223A56384F84C302046F8BD00BF2DE9F04FC0
:20E6A000044685B01D460192884602F045F8A26BE36BA84F4FF000099A424E46C0F08B8023
:20E6C000022D00F006810198002800F03081B9F1000F00F0958002F039F801F04DF902F028
:20E6E0002BF894F84430FF2B08BF84F8446094F84530FF2B08BF84F8456002F027F801A918
:20E7000002A801F067FC002840F0188102F014F8A26BE36B9A4277D002F018F802F00CF896
:20E7200094F845304FFA83FABAF1000F1ADD636AC3B104F1240907E00AF1FF33DBB24FFA14
:20E7400083FA7BB1636A6BB1484601F0E9FB0028F2D001F077FC0AF1FF33DBB24FFA83FAF6
:20E76000002BEFD1FF2384F8453001F0EFFF01F0E3FF94F844304FFA83FABAF1000F1ADD72
:20E780002369C3B104F1100907E00AF1FF33DBB24FFA83FA7BB123696BB1484601F0C0FBF6
:20E7A0000028F2D001F04EFC0AF1FF33DBB24FFA83FA002BEFD1FF2384F8443001F0C6FF01
:20E7C00001F080F901F0B8FFA26BE36B9A424FF00109BFF475AF226CA66B002A40F0FC805B
:20E7E00025680136002D00F01881A663636A002B40F08C8001F0AAFF012005B0BDE8F08FCE
:20E8000002A801F0DBFB66E704F1100901F09EFF4846019901F008FB01F08EFF94F845A093
:20E820004FFA8AFABAF1000F1CDD636AD3B104F1240B08E00AF1FF3A5FFA8AF34FFA83FA2B
:20E8400083B1636A73B1584601F06AFB0028F1D00AF1FF3A01F0F6FB5FFA8AF34FFA83FA04
:20E86000002BEED1FF2384F8453001F06FFF01F063FF94F844304FFA83FABAF1000F06DC87
:20E8800015E00AF1FF33DBB24FFA83FA7BB123696BB1484601F044FB0028F2D001F0D2FBC9
:20E8A0000AF1FF33DBB24FFA83FA002BEFD1FF2384F8443001F04AFF01F004F9002881D139
:20E8C0004FF080537B6040BFBFF34F8FBFF36F8F78E7226CA66B002A82D04146E06809F0CA
:20E8E000A6FA236CE26821685B421A448A42E26080F0898062681344E360022D00F083800E
:20E900000136A663636A002B3FF474AF04F1240001F006FB00283FF46DAF0E4B4FF080527D
:20E920005A6040BFBFF34F8FBFF36F8F62E7009001F00CFF009805B0BDE8F08F01F0FCFEAD
:20E9400094F845506DB2002D18DD636AB3B104F1240607E000ED00E0013DEBB25DB26BB14B
:20E96000636A5BB1304601F0DBFA0028F4D0013D01F068FBEBB25DB2002BF1D1FF2384F8CD
:20E98000453001F0E3FE01F0D7FE94F844506DB2002D16DD2369A3B104F1100605E0013DFD
:20E9A000EBB25DB26BB123695BB1304601F0B8FA0028F4D0013D01F045FBEBB25DB2002BAC
:20E9C000F1D1FF2384F8443001F0C0FE01F07AF8002005B0BDE8F08F41465DBBA06809F0B8
:20E9E00026FAA368216C62680B44934206F10106A360FFF4FAAEA663636A2268A260002B48
:20EA00003FF4F8AE82E7002E7FF4EFAE0123A363636A002B3FF4EEAE78E7606801F084FBEE
:20EA2000A663636A6560002B7FF470AF00287FF474AFDFE6E06809F0FAF9236CE268216865
:20EA40005B421A448A42E260BFF457AF52E700BFF8B50C4679B300250123216081F8463018
:20EA6000C1E90F35064601F067FED4E90F322168A56303FB02F39A1A0A440B44FF27C4E960
:20EA80000131E26084F8447004F1100084F8457002F084FC04F1240002F080FC01F056FE5E
:20EAA000C4E90055E56084F84C602B462A4629462046FFF7F3FD2046F8BD00BF2DE9F0412A
:20EAC0008C4682B004461746EFF31186402282F31188806BE26B904221D3022B05D0002082
:20EAE00086F3118802B0BDE8F08194F84550226CD4F838806DB252BB236808F10108002B25
:20EB00004FD06B1CC4F8388037D001356DB284F84550012086F3118802B0BDE8F08194F8E7
:20EB20004550226CD4F838806DB2002AE4D073B9A06809F07CF9A368216C62680B44934209
:20EB400008F10108A360DCD32368A360D9E76146E068019309F06BF9206CE2682168019BD8
:20EB6000404202448A42E26002D262681044E060022B10D008F10108C3E7636A002BC8D044
:20EB800004F1240001F0CCF90028C2D0002FC0D001203860A4E7B8F1000F08BF4FF0010822
:20EBA000AFE76068019301F0BFFA019B6360A8E738B5EFF31184402383F31188826BC36BDA
:20EBC00093420ED990F8453001325BB282635A1C0BD001335BB280F84530012084F31188A7
:20EBE00038BD002084F3118838BD436A002BF4D024300D4601F094F90028EED0002DECD06B
:20EC000001202860EAE700BF2DE9F047044684B08846019201F090FDD4F83890B9F1000FC4
:20EC200040F09380019B002B00F00A8102A801F0C5F9B34F4E4604F1240501F087FD00F0DD
:20EC40009BFE01F079FD94F84430FF2B08BF84F8446094F84530FF2B08BF84F8456001F09F
:20EC600075FD01A902A801F0B5F9002840F0878001F062FDA36B002B40F0E88001F066FD5B
:20EC80000199284601F0D0F801F056FD94F845304FFA83F9B9F1000F06DC15E009F1FF33ED
:20ECA000DBB24FFA83F97BB1636A6BB1284601F037F90028F2D001F0C5F909F1FF33DBB20C
:20ECC0004FFA83F9002BEFD1FF2384F8453001F03DFD01F031FD94F844304FFA83FABAF1B6
:20ECE000000F1ADD2369C3B104F1100907E00AF1FF33DBB24FFA83FA7BB123696BB1484637
:20ED000001F00EF90028F2D001F09CF90AF1FF33DBB24FFA83FA002BEFD1FF2384F844300E
:20ED200001F014FD00F0CEFE00287ED14FF080537B6040BFBFF34F8FBFF36F8F01F0FCFC89
:20ED4000D4F83890B9F1000F76D0226C52B1E168636811449942E16024BF2168E1604046D7
:20ED600009F065F809F1FF33A3632369002B40F0C98001F0EBFC012004B0BDE8F08701F021
:20ED8000DBFC94F845304FFA83F9B9F1000F06DC15E009F1FF33DBB24FFA83F97BB1636ACF
:20EDA0006BB1284601F0BCF80028F2D001F04AF909F1FF33DBB24FFA83F9002BEFD1FF237B
:20EDC00084F8453001F0C2FC01F0B6FC94F844304FFA83FABAF1000F1ADD2369C3B104F184
:20EDE000100907E00AF1FF33DBB24FFA83FA7BB123696BB1484601F093F80028F2D001F0DA
:20EE000021F90AF1FF33DBB24FFA83FA002BEFD1FF2384F8443001F099FC00F053FE01F0A3
:20EE20008BFCA36B63B101F091FC01F085FCD4F83890B9F1000F88D1019B002B7FF4FDAEAE
:20EE400001F084FC002004B0BDE8F08701F07EFC01F072FC94F845304FFA83F9B9F1000F08
:20EE600006DC15E009F1FF33DBB24FFA83F97BB1636A6BB1284601F053F80028F2D001F0A3
:20EE8000E1F809F1FF33DBB24FFA83F9002BEFD1FF2384F8453001F059FC01F04DFC94F811
:20EEA00044304FFA83FABAF1000F1ADD2369C3B104F1100907E00AF1FF33DBB24FFA83FAF2
:20EEC0007BB123696BB1484601F02AF80028F2D001F0B8F80AF1FF33DBB24FFA83FA002B87
:20EEE000EFD1FF2384F8443001F030FC00F0EAFD01F022FCD4F83890B9F1000F9CD024E779
:20EF000000ED00E004F1100001F00AF800283FF430AF054B4FF080525A6040BFBFF34F8F48
:20EF2000BFF36F8F25E700BF00ED00E02DE9F043044685B00026019101F0FEFBA36BB24F10
:20EF4000B0463546002B40F0F380019B002B00F05D81B8F1000F00F0FC8001F0F7FB00F0E6
:20EF60000BFD01F0E9FB94F84430FF2B08BF84F8445094F84530FF2B08BF84F8455001F0BF
:20EF8000E5FB01A902A801F025F800286CD101F0D3FBA36B002B40F0E08001F0D7FB2368F4
:20EFA000002B00F03C8104F124094846019900F03BFF01F0C1FB94F845304FFA83F8B8F1EA
:20EFC000000F06DC15E008F1FF33DBB24FFA83F87BB1636A6BB1484600F0A2FF0028F2D0B1
:20EFE00001F030F808F1FF33DBB24FFA83F8002BEFD1FF2384F8453001F0A8FB01F09CFB62
:20F0000094F844304FFA83F8B8F1000F1ADD2369C3B104F1100907E008F1FF33DBB24FFA87
:20F0200083F87BB123696BB1484600F079FF0028F2D001F007F808F1FF33DBB24FFA83F835
:20F04000002BEFD1FF2384F8443001F07FFB00F039FD002864D14FF080537B6040BFBFF327
:20F060004F8FBFF36F8F5BE001F066FB94F845304FFA83F8B8F1000F1ADD636AC3B104F1CB
:20F08000240907E008F1FF33DBB24FFA83F87BB1636A6BB1484600F043FF0028F2D000F031
:20F0A000D1FF08F1FF33DBB24FFA83F8002BEFD1FF2384F8453001F049FB01F03DFB94F81C
:20F0C00044304FFA83F8B8F1000F1ADD2369C3B104F1100907E008F1FF33DBB24FFA83F8D8
:20F0E0007BB123696BB1484600F01AFF0028F2D000F0A8FF08F1FF33DBB24FFA83F8002B7D
:20F10000EFD1FF2384F8443001F020FB00F0DAFC01F012FBA36B002B00F08A8001F016FB18
:20F1200001F00AFBA36B4FF00108002B3FF40DAF2268013BA363002A00F09E802369002BAE
:20F1400040F0898001F002FB0126304605B0BDE8F08302A800F032FFFFE601F0F7FA01F09B
:20F16000EBFA94F845304FFA83F8B8F1000F1ADD636AC3B104F1240907E008F1FF33DBB234
:20F180004FFA83F87BB1636A6BB1484600F0C8FE0028F2D000F056FF08F1FF33DBB24FFA22
:20F1A00083F8002BEFD1FF2384F8453001F0CEFA01F0C2FA94F844304FFA83F8B8F1000FF4
:20F1C0001ADD2369C3B104F1100907E008F1FF33DBB24FFA83F87BB123696BB1484600F075
:20F1E0009FFE0028F2D000F02DFF08F1FF33DBB24FFA83F8002BEFD1FF2384F8443001F002
:20F20000A5FA00F05FFC8BE700ED00E0009301F09DFA009B1E46304605B0BDE8F08301F077
:20F220008BFA606800F03EFF064601F08FFABAE601F08CFA002E88D001F07EFA616A19B1F3
:20F24000236B1968C1F10501606800F099FF002601F07CFA79E704F1100000F061FE00282E
:20F260003FF470AF064B4FF080525A6040BFBFF34F8FBFF36F8F65E700F0B8FF60605DE7EA
:20F2800000ED00E010B5044601F056FAA46B01F05DFA204610BD00BF104B5A68904208D041
:20F2A000DA68904208BF012204D090F8463093B170470022002110B403EBC20443F832104B
:20F2C00090F84630616013B15DF8044B70475DF8044BFFF731B9FFF72FB900BF4C5D002066
:20F2E000074B1A681AB19A6802B17047012210B403EBC20443F8321060605DF8044B7047D0
:20F300004C5D002070B505460C46164601F014FA95F84430FF2B04BF002385F8443095F878
:20F320004530FF2B04BF002385F8453001F00EFAAB6B2BB93246214605F1240000F0B0FDCD
:20F3400001F0FAF995F8454064B2002C16DD6B6AA3B105F1240605E0013CE3B25CB26BB158
:20F360006B6A5BB1304600F0DBFD0028F4D0013C00F068FEE3B25CB2002BF1D1FF2385F8C0
:20F38000453001F0E3F901F0D7F995F8444064B2002C16DD2B69A3B105F1100605E0013C0E
:20F3A000E3B25CB26BB12B695BB1304600F0B8FD0028F4D0013C00F045FEE3B25CB2002BA9
:20F3C000F1D1FF2385F84430BDE8704001F0BEB92DE9F041044601F0AFF9344A344D1368F7
:20F3E000013313602B68002B2FD0324EE36A32682AB33148314907680A689F4238BF036056
:20F400002F48013203EB83030A6000EB8300E263211D01F0D3FF01F099F933686BB12A68E4
:20F42000E36AD26A9A4208D2264B4FF080525A6040BFBFF34F8FBFF36F8FBDE8F0812A686A
:20F44000D26A9A4298BF2C60D3E72C601368012B02D0E36A174ECCE71948DFF894801A4FD8
:20F46000144E01F09BFF194801F098FF184801F095FF184801F092FF174801F08FFF40468B
:20F4800001F08CFF384601F089FF144801F086FF134801F083FF134801F080FF124B134AD4
:20F4A000C2F800801F60E36AA3E700BF28430020B8420020884300203C4300203843002033
:20F4C000C442002000ED00E054430020D8420020EC42002000430020144300207443002049
:20F4E000A04300208C430020C0420020BC420020404300202DE9F843DDE90964002C60D057
:20F5000016B93046BDE8F8830D469700984602233A4684F85130814626633046A52108F098
:20F52000AAFC2A78236B84F83420043F2A781F4427F0070702B36B7884F835306B78DBB1D0
:20F54000AB7884F83630AB78B3B1EB7884F83730EB788BB12B7984F838302B7963B16B7916
:20F5600084F839306B793BB1AB7984F83A30AB7913B1EB7984F83B30089D042D28BF0425B3
:20F580000026E5626564201D84F83B60A66401F011FFC5F1050504F1180001F00BFFE664C4
:20F5A00042464946A561246184F850606462384601F086F820602046FFF70AFF2046BDE8DA
:20F5C000F8832046BDE8F8832DE9F0479600804630460D469946099FFEF79CFF002869D040
:20F5E00082465420FEF796FF044600285BD00023C0F830A03246504684F85130A52108F034
:20F600003AFC2A78236B84F83420043E2A781E4426F0070A02B36B7884F835306B78DBB15F
:20F62000AB7884F83630AB78B3B1EB7884F83730EB788BB12B7984F838302B7963B16B7935
:20F6400084F839306B793BB1AB7984F83A30AB7913B1EB7984F83B30089D042D28BF0425D2
:20F660000026E5626564201D84F83B60A66401F0A1FEC5F1050504F1180001F09BFEE664C5
:20F68000A561246184F8506064624A464146504601F016F8206007B13C602046FFF798FE7B
:20F6A0000120BDE8F0875046FEF746FF4FF0FF30BDE8F0874FF0FF30F3E700BF70B504463D
:20F6C0004C4E01F039F8002C39D0251D284601F09FFEA36A1BB104F1180001F099FE29461E
:20F6E0004548464D01F06AFE94F85030012B04BF002384F8503001F029F82B6893B93368EB
:20F70000A34200D070BD2B68DBB93B493C4A09681268914226D03B4B1B682BB33A4B012293
:20F720001A6070BD01F008F8384B1A68126892B9374B4FF0FF321A6001F008F8DFE73468A8
:20F74000C3E7344B4FF080525A6040BFBFF34F8FBFF36F8F70BD1A682D4BD268D268526821
:20F760001A60E9E7336070BD274A13603268336812681B6B9A4236D9274C2849226893007A
:20F78000981880000858E0B9551EAB0058198000085830BB951EAB0058198000085800BB7C
:20F7A000D51EAB00581980000858D0B9151FAB00581980000858A0B9053A93009818800046
:20F7C000085813449B00CD1808336868406868600B44984204BF40686860C36833602260DB
:20F7E00070BD2A46EDE730683168343101F06AFBC2E700BFB84200208C4300208843002050
:20F800002843002034430020B8430020BC4200206C43002000ED00E03C430020C44200202C
:20F8200080B170B51B4D2B6883420AD0044600F083FF194B62699A4205D0BDE8704000F0F7
:20F8400085BF70BD7047A36A144A9342F5D0002BF3D1261D304601F0DBFD114AE36A1168E9
:20F8600010488B4288BF136003EB830300EB8300314601F0A3FD2B68E26ADB6A9A42DCD310
:20F88000094B4FF080525A6040BFBFF34F8FBFF36F8FD2E7B84200208C4300207443002071
:20F8A0003C430020C442002000ED00E070B584B0002503AA02A901A8CDE9015501F006FB39
:20F8C000019C002C46D00298002843D0039E20630223B600A521324684F8513008F0CBFA7D
:20F8E000236B1F4A6263201D84F83850043E84F83B50E562C4E911551E4401F05BFD04F1C8
:20F90000180001F057FD26F007060523A3612A461449E56430462461646284F8505000F058
:20F92000CFFE20602046FFF753FD0F4B1C6000F0DBFD012811D1402383F311880B490C4A09
:20F940000C4B4FF0FF340C6010601D6000F0CEFE04B070BD044B00221A6004B070BD00BF5D
:20F9600049444C4555FC0200684300206C43002088430020B4430020024A1368013313600C
:20F98000704700BF34430020014B1868704700BFB4430020024A136818441060704700BFF8
:20F9A000B44300202DE9F04F3B4B1B6883B0002B42D13A4B1F6801371F60002F4AD0384BD2
:20F9C00001931B68BB423BD8364EDFF8EC80DFF8ECA0DFF8EC90002525E03368DB68DC6837
:20F9E000636804F1040B9F42584651D301F010FDA36A04F118000BB101F00AFDE36AD8F8AC
:20FA0000002003EB8300934259460AEB800088BFC8F8003001F0D2FCD9F80030E26ADB6AE4
:20FA20009A4228BF012533681B68002BD5D1019A4FF0FF33136004E01B4A13680133136004
:20FA400000251A4B1B68002B0CBF2846012003B0BDE8F08F134E164B3168164A1868306072
:20FA6000196013680133136033681B683BB90C4B01931A464FF0FF3313601346A1E733682E
:20FA8000074ADB680192DB685B681360134698E7019A1360D5E700BF34430020B4430020B7
:20FAA0006C430020BC42002030430020B8430020C0420020704300203C430020C4420020F1
:20FAC000B84200202DE9F04700F036FE354B1A68013A1A601C68002C57D1334B1B68002BE0
:20FAE00053D0DFF8E0A0314E314FDFF8DC90DFF8DC80336813B3F368DC68251D04F11800C8
:20FB000001F086FC284601F083FCE36A3A6803EB83009342294609EB800088BF3B6001F0A9
:20FB20004DFCD8F80030E26ADB6A9A424FF00103DFD3CAF800303368002BDCD13CB11D4B60
:20FB40001A6812683ABB1C4B4FF0FF321A601B4D2C6844B10126FFF725FF08B1CAF8006056
:20FB6000013CF8D12C60DAF8003073B1144B4FF080525A6040BFBFF34F8FBFF36F8F01243F
:20FB800000F0E4FD2046BDE8F087002400F0DEFD2046BDE8F0871A68074BD268D26852689F
:20FBA0001A60D4E73443002028430020744300203C430020BC4200206C43002030430020F8
:20FBC00000ED00E0B8430020C4420020B842002070B548B9184B4FF080525A6040BFBFF3F8
:20FBE0004F8FBFF36F8F70BD144A15491368154E013313600D6804463068043001F008FC89
:20FC0000336864195C600FD20F4B18683168043101F0E4FB0D4B1A68944238BF1C60FFF79E
:20FC200051FF0028D6D070BD094B18683168043101F0D4FBF3E700BF00ED00E0344300201A
:20FC4000B4430020B8420020BC4200206C430020C04200202DE9F84F3C4E3D4D3D4CDFF893
:20FC60000891DFF80881DFF808B14FF0805A2368D3B100F061FDF368DF68381D01F0C8FBDA
:20FC80002B68013B2B602368013B236000F05EFD97F85130002B37D0012BE8D13846FEF7DB
:20FCA0004BFC2368002BE4D12B4B1B68012B06D9CBF804A040BFBFF34F8FBFF36F8F00F0F8
:20FCC000CDFED9F8003033BBD8F80030DB6A002BCDD1214B1B68012BC9D8204B204A1B6848
:20FCE00012689B1A012BC2D91E4A136801331360D9F80030BBB1D8F80030DB6A0BB9164BAD
:20FD00001B68FFF7DFFEB2E7386BFEF715FC3846FEF712FCABE7D8F80030DB6A002BA6D151
:20FD20000D4B1B68A3E7D8F80030DB6A002BE8D1094B1B68012BE4D8084B1868084B1B68CD
:20FD4000C01A0128DDD900F06DFDDAE7A0430020284300202C430020C44200206C430020BD
:20FD6000B4430020344300203C430020B842002000ED00E0274B1B68002B40D1264A70B589
:20FD8000264C13602268236812681B6B9A423AD9234D24492A689300981880000858E0B94F
:20FDA000561EB30098198000085830BB961EB30098198000085800BBD61EB3009819800015
:20FDC0000858D0B9161FB300981980000858A0B9053A930098188000085813449B00CE182E
:20FDE00008337068406870600B44984204BF40687060C36823602A6070BD3246EDE7064B12
:20FE000001221A60704720682168343101F05AF8BEE700BF34430020B8430020B8420020A5
:20FE20003C430020C442002070B5174D2B680C4603F1180101F0D2FA144B1E68286804301C
:20FE400001F0E6FA631C17D02B68A4195C600BD20F4B18682968043101F0C0FA0D4B1A685D
:20FE6000944238BF1C6070BD0B4B18682968BDE87040043101F0B2BA296808480431BDE803
:20FE8000704001F09BBA00BFB8420020B4430020BC4200206C430020C04200208C4300207E
:20FEA00070B5194D2B680C46164603F1180101F085FA164B5EB11B682868043001F0A8FAAF
:20FEC000296813480431BDE8704001F077BA1E682868043001F09CFA2B68A4195C600BD2D0
:20FEE0000C4B18682968043101F078FA0A4B1A68944238BF1C6070BD084B18682968BDE8AC
:20FF00007040043101F06ABAB8420020B44300208C430020BC4200206C430020C0420020B8
:20FF200038B5C368DC6804F11805284601F070FA1A4B1B682BBB251D284601F069FA184A56
:20FF4000E36A116817488B4288BF136003EB8303294600EB830001F031FA134BE26A1B685B
:20FF6000DB6A9A4282BF114B01201860104B1A68126898BF00204AB90E4B4FF0FF321A6016
:20FF800038BD29460C4801F019FAE6E71A68094BD268D26852681A6038BD00BF344300200F
:20FFA0003C430020C4420020B8420020B8430020BC4200206C43002074430020034A044BE7
:20FFC00012681B68C0E90023704700BF70430020B4430020F8B50D46044600F0ADFB2B6883
:20FFE0001649581C0A6813D0DFF854C0D4E90060DCF80070BE4201D090421AD9121A9342F6
:020000040003F7
:200000000BD800232B60012500F0A0FB2846F8BD002500F09BFB2846F8BDDCF800009B1A24
:200020000A682B60C4E90002002500F08FFB2846F8BD012500F08AFB2846F8BDB44300207D
:2000400070430020014B01221A607047B8430020084B186860B9084B1B6853B9074A084BA0
:2000600010681B68013B984214BF0120022070470020704774430020B84300208C430020EA
:2000800028430020054B1B6833B1054B1B68002B0CBF022000207047012070478843002099
:2000A0003443002018B3F8B51C4CC36A2268D26A934214D28269002A04DB2268D26AC2F1AE
:2000C00005028261164D426903EB830305EB83039A420DD02368DB6AC3620120F8BD23682F
:2000E000406CDB6A98422CBF00200120F8BD7047061D0746304601F08BF92268094BD06A2A
:200100001A68F862904200D9186000EB800005EB8000314601F052F90120F8BDB842002062
:20012000C44200203C43002050B138B5C16A836C426C013B9142836400D01BB1002038BD9D
:2001400000207047051D0446284601F061F90A4A636C1168E362C3F105008B42A0610748EC
:2001600088BF136003EB830300EB8300294601F025F9012038BD00BF3C430020C4420020CB
:2001800048B1426CC36A914238BF11468B4202D0826C012A00D07047826970B5114DC1629A
:2001A000002A03EB83034269A8BFC1F1050105EB8303A8BF81619A4200D070BD061D0446D2
:2001C000304601F025F9084BE06A1A68904288BF186000EB800005EB80003146BDE8704043
:2001E00001F0ECB8C44200203C430020044B1A681AB119688A6C01328A641868704700BF7B
:20020000B84200202DE9F04FAD4EDFF8C482AD4D89B033681C68002C00F08E80DB681C6814
:20022000FFF7AAFBFFF7B0FBD8F80030984207465DD38442C8F8000040F20B810022E11BC9
:200240002868FFF75FF8FFF73DFC88B99E4A4FF08053536040BFBFF34F8FBFF36F8F07E07E
:20026000019B039920469847009B002B80F23881286800226946FEF7C7FC0028C9D0009B9B
:20028000029C002BECDB636913B1201D01F0C0F8FFF77AFBD8F800309842814643D3009B9B
:2002A000C8F80090092BE3D8012202FA03F313F4047F69D113F0C70F40F0A1809B06D7D5AF
:2002C00094F82C30002BD3D12046FEF735F9CFE7DB68DC68D3F800A004F10409484601F0B5
:2002E00097F8636A20469847E369012B36D033681A68002AECD17549C8F800700A683260E9
:200300000B60FFF7DFFBB3E7DB68DF68D3F800B007F1040A504601F07BF87B6A38469847C1
:20032000FB69012B25D033681A68002AECD167490A6832600B60B2E7FFF71EFBFFF724FB58
:20034000D8F8003083420746D1D8604BC8F800701B681A68B2FA82F2520970E7A36953448D
:200360009A45494622D263602461306801F036F8BDE7BB695B449B45514627D27B603F61CA
:20038000306801F02BF8CEE7019B246103EB09024A45A36162602CD8002B3FF469AF4B4B7D
:2003A000211D186801F01AF8286862E72B68002B9DD00023CDE9043A0694FFF763FE00234D
:2003C0001A4604A92868FEF769F990E72B68002BA9D00023CDE9043B0697FFF753FE00235C
:2003E0001A4604A92868FEF759F99CE74B4500D998B13068211D00F0F1FF286839E7019BE2
:20040000A269246199182CBF0120002049456160ECD8A9EB03039A42C1D8636A204698473B
:20042000E369012B7FF424AF019BA2692868134400283FF41EAF0022CDE904230694FFF7B9
:2004400021FE00231A4604A92868FEF727F928680FE7FFF737FB3368DB68D3F80C9009F1BB
:20046000040A504600F0D4FFD9F81C30012B04D0D9F8243048469847FAE6D9F81830C9F8AC
:200480001090E218BA42C9F8042004D95146306800F0A4FFECE73F1BBB421BD82B68002B67
:2004A000E6D00023CDE90434CDF81890FFF7EAFD00231A4604A92868FEF7F0F8D8E700BF10
:2004C000BC4300204046002000ED00E0C0430020EC450020034B5146186800F07FFFC7E795
:2004E000029CD0E6C0430020F0B5204C89B000F023F92568FDB100F029F92068C8B10024BD
:2005000007AA06A905A8CDE9054400F0EDFCDDE905300221CDE90010079A02931449154822
:200520002346FEF7E7FF144A0346001B18BF0120136009B0F0BD114F114E384600F02EFF8A
:20054000304600F02BFF0F4A0F4900950F4B17600E600F4A10212020FDF7FCFF2060002825
:20056000C9D00C49FEF7BCFEC5E700BF40460020FCB403000502030044460020C44500203D
:20058000D8450020BC430020C0430020F0450020C4430020F4B403002DE9F04F804685B065
:2005A00030200F4616461D46FDF7B4FF0446A8B1DFF8889000F0C0F8D9F8003093B100F0C1
:2005C000C5F80E9B6362C4F80080C4E906762562201D00F0EFFE002384F82C30204605B0D4
:2005E000BDE8F08FDFF858B0DFF858A00393584600F0D4FE504600F0D1FE0B4A0B49039B97
:2006000000932020C2F800B0C1F800A0084B094A1021FDF79FFFC9F800000028CFD0064904
:20062000FEF75EFECBE700BFBC430020C0430020F0450020C4430020F4B4030040460020E9
:20064000C4450020D845002030B5144D2C6885B0C4B10529CDE9001202900BDCFFF712FD3C
:20066000022812D0002328681A466946FEF716F805B030BD1A46204600236946FEF71EFA62
:2006800005B030BD204605B030BD2868089A00236946FEF703F805B030BD00BF40460020B5
:2006A00010B5044600F048F86469003418BF012400F04CF8204610BD402383F31188FEE740
:2006C00030B46FF002034FF08075074C40F8045C40F80C4C40F8081C40F8202C40F8243CAB
:2006E00030BC4438704700BFB90603000F4C08B5E02384F8223000F077F80D4B0D4A002142
:200700001960D4F8883043F47003C4F88830536843F040435360236943F01003236100F054
:200720004BF9402383F31188FEE700BF00ED00E04846002030EF00E0402383F31188024A27
:20074000136801331360704748460020034A1368013B13600BB983F3118870474846002063
:2007600041DF704712DF704770B51B4B00251D6082B01B680193019BEFF31186402383F396
:200780001188164A164BD2F804451D601B680093009BFFF7F9F8241A24F07F44012C0DD8B0
:2007A00044B1FFF7FFF8054625B10E4B4FF080525A6040BF86F3118802B070BDFFF762FCCE
:2007C0000228EED1013CFFF7EDF8013C631C45EA0005F8D1E8E700BF4011014000100140EE
:2007E0000011014000ED00E00B4B0C4930B41F200B4DC3F8080501220224E020C3F80423C1
:200800002A601A60C3F8444381F811034FF400330B6030BC704700BF0010014000E100E0B0
:20082000081001402DE9F041804684B0EFF3108272B6564CA36883B9554B56480121A16038
:20084000D3F8801001402160C3F88000D3F8841061604FF0FF31C3F8841002B962B64E4EF3
:20086000D6F80475FFF7F4FB00283DD04B4A4C49424528BF4246BB1823F07F430120002509
:20088000C6F80803C6F840350D600B6801934FF480330199C6F80433BFF34F8FB8F1000F1B
:2008A00054D13D4B3E4D3F494FF48030C3F80803002028602D680395039D086009680291DE
:2008C00001210298C3F80413D3F804353049DB1B23F07F45954228BF15464FF40033012D83
:2008E000C1F8803111D827D0A3685BB1EFF3108372B6274A21681160616851600022A260F1
:2009000003B962B604B0BDE8F081681EFFF742F8254BDB68DA010FD5244A1368DB070BD566
:20092000234B516803FB05F5A5F57425A5F51075AD0A01EB85155560FFF734F80028D3D067
:200940001C4B4FF080525A6040BFCDE7F1EE103A23F09F03E1EE103AF1EE103A0C4B04A88F
:200960004021C3F8841100F8045DFFF7FBFE9DF80C1039B920BFD3F80001D3F8041101430C
:20098000F8D08EE7FFF7ECFE8BE700BF5C5D002000E100E0FC06FFBD00100140FDFFFF0065
:2009A0004011014000110140F0ED00E0001000E040420F0000ED00E00748006880F308888E
:2009C00062B661B6BFF34F8FBFF36F8F4FF0E00080F3118800DF00BF00600200064B1968AB
:2009E0000868B0E8F04F80F30988BFF36F8F4FF0000080F311887047B8420020EFF3098075
:200A0000BFF36F8F144B1A681EF0100F08BF20ED108A20E9F04F10604DF8043D4FF04000ED
:200A200080F31188BFF34F8FBFF36F8FFFF7A2F94FF0000080F3118808BC19680868B0E841
:200A4000F04F1EF0100F08BFB0EC108A80F30988BFF36F8F704700BFB8420020704700BF73
:200A60000A490B4A0B4B9B1A03DD043BC858D050FBDC094809494FF0AD32026004300439F9
:200A8000FBD100F08DF8F5F7E3FB000038BB0300003600207838002000F80020000800000F
:200AA000FEE7FEE7FEE7FEE7FEE7FEE7FEE7FEE7FEE7FEE708B5F7F727F90E4B43B10E4BD3
:200AC0007BB1F6F79BFC00F0F1F9FDF77BFCF8E7F6F794FC00F0EAF9F6F790FC00F0E6F9AA
:200AE000F6E7F6F78BFC00F0E1F9F6F787FC00F0DDF9F6E700000000C5E3020000B583B036
:200B000000F014FBFDF720F90E4B019301234FF480620D4900930D480023FEF755FD4FF4A8
:200B2000407000F0DFFAFEF7C1FEBFF34F8F0849084BCA6802F4E0621343CB60BFF34F8FD9
:200B400000BFFDE74C46002004B50300B50A030000ED00E00400FA05034B93F8A30000B9BD
:200B600070471846FDF7ECB910420020FDF7A2BCFDF7BABC084A094908B513681844884297
:200B800002D81060184608BD07F0CCF80C2303604FF0FF33184608BD2836002000F8002071
:200BA000AB4B1B685A1C30B400F0D080A94A1268062B00F0C080A84B1B78062B00F0B0807D
:200BC000A34B1B685D1C00F0A480A24A1268062B00F09480A04B1B78062B00F082809C4BF4
:200BE0001B685C1C76D09B4A1268062B65D09A4B1B78062B4CD0964B1A68501C13D0954B98
:200C0000062A1B6817D0954AD2F8883043F47003C2F88830BFF34F8FBFF36F8F904B914AC7
:200C20001A6030BC70478C498F4B09781B680629C3F3031312D1053B012B40F28E80511CED
:200C400040F0F780844A884B12781B68062AC3F30313D8D1033B032B40F2C9807E4B1B7857
:200C6000062BD0D1804B1B684FF0FF32C3F30313033B032B40F2CB80764B1B68062AC2D128
:200C8000062BC0D1794A136843F480631360BAE7754B1B68C3F30313032BACD1744D7548EE
:200CA0002B60754C7549764A05230360012500203F232560086013609DE7033A032A96D87B
:200CC0004FF080430022C3F80C21C3F81021C3F838258CE7644A604B12681B78C2F3031261
:200CE00083E7614B1B68C3F30313032B7FF477AF644AD36823F08073D36070E7033A032AE5
:200D00003FF668AF604B614A1B68C3F34233136060E7554A504B12681B78C2F3031256E77B
:200D2000514B1B68C3F30313032B7FF449AF584B584A1A6044E7033A032A3FF63CAF564B1A
:200D4000564A1B68C3F30423136034E7464A424B12681B78C2F303122AE74FF08052504B54
:200D6000D2F80414C3F82015D2F80814C3F82415D2F80C14C3F82815D2F81014C3F82C15FB
:200D8000D2F81414C3F83015D2F81814C3F83415D2F81C14C3F84015D2F82014C3F844154B
:200DA000D2F82414C3F84815D2F82814C3F84C15D2F82C14C3F85015D2F83014C3F854159B
:200DC000D2F83414C3F86015D2F83814C3F86415D2F83C14C3F86815D2F840141C48C3F8F8
:200DE0006C15D2F844140268C3F8701527E72D4B174A1B6812682C4903F04F030B60531C2E
:200E00001FD1154B1B78062B7FF4FDAE2AE74FF08041D1F8003413F0010F0E4B01D11B68D1
:200E20002CE70B4A1B6812686FF00100C1F8000424E7084B062A1B687FF4E5AE033B032BAD
:200E4000D5D9044B062A1B687FF4DDAE10E700BF3001001034010010E00F00F000ED00E0FC
:200E60002C3600200090D003E80F00F03C170040A0050040105600408856004018560040BC
:200E800014560040F0ED00E0440200103C05004074C007400DF0ADBA240300104035014048
:200EA00000C0004058020010E40E0040044B4FF080525A6040BFBFF34F8FBFF36F8F704786
:200EC00000ED00E0704700BF704700BF044B036010B46423034C0C6013605DF8044B7047D3
:200EE00050460020A4460020054B036010B44FF48073044C0C6013605DF8044B704700BF3C
:200F0000344800208848002070B51F4C84B04FF0FF3203A92068FDF777FE0028F7D00398EA
:200F2000037A4568052B0DD8DFE803F0272A221C1503D0E90361D0E90523C06900903046E4
:200F4000A847039803681BB11846FDF7CDFA0398FDF7CAFADBE7D0E90523D0E90301A84715
:200F60000398EFE7D0E90412C068A8470398E9E7D0E90301A8470398E4E7A8470398E1E74B
:200F8000C068A8470398DDE78C4C00202DE9F0432D4B2E4C5B6885B0C3F30803019001AFAE
:200FA0002068002B44D0002339461A46FDF786FD01283AD0DFF89880D8F80000002240009D
:200FC0000421FDF7F7FA064678B3DFF88890D9F80000FEF773FBFFF7AFFB02E03046FDF781
:200FE0005DFB002203A92068FDF70EFE00230546642203A90028F1D12068FEF74DF9266070
:20100000FFF7A4FBD9F80000FEF70AFCD8F800300D4A20685B00C8F800305368C3F30803C9
:20102000394653B96422FDF739FB05B0BDE8F08339466422FDF732FBBAE72B462A46FDF70E
:201040003DFD05B0BDE8F08300ED00E08C4C0020884C0020904C00202DE9F8439DF820507E
:2010600006460F4691469846CDB1A8000C30FDF721FA044688B10023C0F8049005720360DD
:2010800006B177B92DB1AA00414604F10C0006F0CEFE2046FFF77AFF0120BDE8F883102051
:2010A000E5E73846FDF706FA81462060A0B13A46314606F0BCFE002DEBD0691EC9B208EBD6
:2010C0008101A8F1040353F8042FB24208BFC3F800909942F7D1D6E72046FDF705FA484623
:2010E000DBE700BF30B540230B4D83B004460022184604212B60FDF75DFA084B08491860BB
:201100000223CDE90031A2B2002306490648FEF75BFA03B030BD00BF884C00208C4C00201A
:20112000904C00200CB50300090F03004FF08043174AD3F80014174830B41160D3F80054BF
:20114000D3F80024144C15492A43C3F80024D4F84025026001224FF40030C3F818259A607B
:20116000C1F88000BFF34F8FBFF36F8F4FF0A04003F588334FF480314FF0FF34C3F84813A8
:20118000C3F808135A609A60C0F8084530BC7047944C0020984C002000A0004000E100E078
:2011A0001F2816D8474B53F820300E2911D8DFE801F081797169615950473E352C231A11E3
:2011C000080003F5E0734FF0A04240F2037142F82310704703F5E0734FF0A04240F20361CF
:2011E00042F82310704703F5E0734FF0A04240F2035142F82310704703F5E0734FF0A04249
:2012000040F2034142F82310704703F5E0734FF0A04240F2033142F82310704703F5E073F3
:201220004FF0A04240F2032142F82310704703F5E0734FF0A04240F2031142F8231070473D
:2012400003F5E0734FF0A0424FF4403142F82310704703F5E0734FF0A0424FF4003142F830
:201260002310704703F5E0734FF0A042164942F82310704703F5E0734FF0A042134942F893
:201280002310704703F5E0734FF0A042042142F82310704703F5E0734FF0A0420C2142F8DC
:2012A0002310704703F5E0734FF0A042032142F82310704703F5E0734FF0A042002142F8C9
:2012C0002310704740B40300040002000C0003001F2809D8064B53F82020012393404FF0DE
:2012E000A04211B1C2F808357047C2F80C35704740B403001F2813D80A4B4FF0A04253F800
:201300002000D2F81415012383400B4214BFD2F80425D2F81025134214BF012000207047A1
:201320000020704740B403001F2800D970470C4B4FF0A04253F82000D2F81415012383404B
:201340000B4214BFD2F80425D2F8102513424FF0A04202D1C2F808357047C2F80C357047D2
:2013600040B403001F2808D8044B53F820104FF0A04201238B40C2F80835704740B40300D0
:201380001F2808D8044B53F820104FF0A04201238B40C2F80C35704740B4030000F10803A7
:2013A0004FF0FF310022816002604360C0E90333704700BF00230361704700BF436802684F
:2013C00010B49C688C609C684B600132616099605DF8044B08610260704700BF30B40D687F
:2013E0006B1C11D000F1080200E01A4653681C68AC42FAD904684B60013499608A6051606A
:201400000861046030BC704702695368F2E700BF42688168036910B4916081685C684A6093
:201420001A68844208BF5960013A002101611A6018685DF8044B7047704700BF10B504464C
:20144000FFF796FB204610BD38B50A4B04460D46442240F80C3B002106F00DFD0023A560C5
:20146000237104F154010120FDF7F2FA2065204638BD00BF20B5030070B504460E46006DE6
:201480004FF0FF31FDF752FD257955B98EB1A660314604F10C0003F041FEB0FA80F56D096A
:2014A00025710023206D1A461946FDF7F7F8284670BDA668002EF4D0EAE700BF70B50546A9
:2014C0004FF0FF31006DFDF731FD2B7905F10C06F3B100232B71304603F022FF044668B90A
:2014E000A968304604F094FE044638B93046A96803F014FE044608B901232B710023286D95
:201500001A461946FDF7CAF8B4FA84F0400970BD3046A96804F07CFE0446EFE730B504467A
:2015200095B00D46006D4FF0FF31FDF7FFFC294601AA04F10C0003F0ABFD002305461A46C4
:20154000206D1946FDF7AAF8B5FA85F0400915B030BD00BF2DE9F04F83B00B7800AF2F2B17
:2015600078600CBF4C1C0C4605460E46006D4FF0FF31FDF7DBFC05F10C084FF0000918E07E
:20158000ADEB000D8A456D468DF800900DF1010001DD06F070FC31465246284606F047FC1A
:2015A0002946404605F000F908B1113028D10134DD4620462F2107F0F6FAA0EB060A0AF1CA
:2015C00008020446EB4622F0070000215246002CD6D13146404605F0E7F878B1113014BFD3
:2015E000002401247A680023106D19461A46FDF755F820460C37BD46BDE8F08F0124F1E753
:201600000024DD46EEE700BF38B504460D46006D4FF0FF31FDF78AFC294604F10C0005F0AA
:20162000E1FA002305461A46206D1946FDF736F8B5FA85F0400938BD70B5036904460D4663
:20164000186D4FF0FF311646FDF770FC237D4BB1002522690023106D19461A46FDF71EF825
:20166000284670BD2069A1692A4633460C3002F0F7FD20EAE075ECE770B50369044682B0F2
:201680004FF0FF31186DFDF751FC257D45BB2069A1690C3003F0F0FC02AA0646206902F84A
:2016A000015D0123A1690C3003F044FC00282069A169C8BF9DF80750324600F10C004FF04D
:2016C0000003D8BF4FF0FF3503F0A4FC22690023106D19461A46FCF7E1FF284602B070BD60
:2016E0004FF0FF35F2E700BF38B5036904464FF0FF31186DFDF71AFC237D4BB100252269F2
:201700000023106D19461A46FCF7C8FF284638BD2069A1690C3003F0B1FC05462069A16900
:201720000C3003F0A9FC2D1AE9E700BF10B5036904464FF0FF31186DFDF7F8FB237D23B92D
:201740002069A1690C3005F043F922690023106D19461A46BDE81040FCF7A0BF70B50369C7
:20176000044682B04FF0FF31186DFDF7DFFB257D55B122690023106D19461A46FCF78EFF19
:201780004FF0FF3002B070BD2069A1690DF1070201230C3003F0CEFB226906462B46106D81
:2017A00029462A46FCF77AFF002ECCBF9DF807004FF0FF3002B070BD30B50368164A5B68C9
:2017C00083B093428DF807101ED1036904464FF0FF31186DFDF7AAFB237D53B100252269DF
:2017E0000023106D19461A46FCF758FF284603B030BD2069A1690C3001230DF1070202F046
:201800002FFD20EAE075EAE701220DF1070198470546284603B030BD3916030030B4084C81
:20182000016100224FF47A758560C0E90042027580F8202080F86020C0E9062230BC704787
:201840003CB503002DE9F04104466248236100254FF47A7684E86100C4E90655257584F892
:20186000205084F8605094B00E46186D4FF0FF319046FDF75BFBA16981B12069277D0C307B
:20188000002F6AD002F07EFBA069FCF72DFEE069A56108B1FCF728FE0023E361206901AA91
:2018A0000C30314603F0F4FB0546A8BB9DF804302769112B58D02C20FCF7FCFDA06108B334
:2018C0000146324607F10C0002F0AEFA002854D101232375304607F097F90130FCF7EAFD9A
:2018E0003146E06107F076F927692F21304607F0A8F904F1200300B1461C3146184640227A
:2019000007F08AF90023386D1A461946FCF7C6FE204614B0BDE8F081851C2769F2D1B8F132
:20192000010FEFD13820FCF7C5FDA0610028E9D0014640F2031307F10C00324604F094FF56
:201940000546002835D12069A1690C3002232A4603F060FB27692575C7E705F0B3F8A069DB
:20196000FCF7C2FDA76199E7B8F1000F0BD0B8F1010FBAD140F2031506E0A069FCF7B4FD79
:20198000A5612769BEE701253820FCF793FDA0610028B7D001462B4607F10C00324604F033
:2019A00063FF30B9B8F1010F276909D0002323759BE7A069FCF798FD0023A3612769A1E7AD
:2019C0000246022307F10C00A16903F023FB2769ECE700BF3CB503002DE9F0410369044668
:2019E00094B00D46186D4FF0FF319046FDF79EFAA16989B12069267D0C30002E51D002F00D
:201A0000C1FAA069FCF770FDE0690023A36108B1FCF76AFD0023E361206901AA0C302946D9
:201A200003F036FB074660BB9DF804302669112B5BD02C20FCF73EFDA06180B301462A46F6
:201A400006F10C0002F0F0F9002857D101232375284607F0D9F80130FCF72CFD2946E06169
:201A600007F0B8F826692F21284607F0EAF8203400B1451C29462046402207F0CDF801251A
:201A800003E0871C266913D000250023306D1A461946FCF703FE284614B0BDE8F081054623
:201AA000F3E705F00FF8A069FCF71EFDA661B3E7B8F1010FE8D13820FCF7FCFCA0610028BA
:201AC000EDD0014640F2031306F10C002A4604F0CBFE074678BB2069A1690C3002233A4696
:201AE00003F098FA26692775BDE7B8F1000F0CD0B8F1010FB7D140F2031707E0A069FCF78E
:201B0000F3FC3D46A7612669BFE701273820FCF7D1FCA0610028C2D001463B4606F10C0050
:201B20002A4604F0A1FE30B9B8F1010F266909D00023237597E7A0690025FCF7D5FCA56167
:201B40002669A2E70246022306F10C00A16903F061FA2669ECE700BFF0B504460E460069D8
:201B6000A16995B017460C3089B1257D002D46D002F008FAA069FCF7B7FCE0690023A3614B
:201B800008B1FCF7B1FC206900230C30E36101AA314603F07DFA054660BB9DF80430112BC9
:201BA00052D02C20FCF786FCA06128B323690146324603F10C0002F037F900284AD1012392
:201BC0002375304607F020F80130FCF773FC3146E06106F0FFFF2F21304607F032F820346E
:201BE00000B1461C31462046402207F015F8012015B0F0BD851C0BD0002015B0F0BD04F0FA
:201C000061FFA069FCF770FC2069A5610C30BEE7012FF1D13820FCF74DFCA0610028EBD022
:201C200023690146324603F10C0040F2031304F01BFE054648BB2069A1690C3002232A4652
:201C400003F0E8F92575C6E757B1012FC3D140F2031506E0A069FCF747FCA5612846CCE707
:201C600001253820FCF726FCA0610028C4D0226901462B4602F10C00324604F0F5FD20B99B
:201C8000012F08D000232375A5E7A069FCF72CFC0020A061B1E72369A169024603F10C003A
:201CA000022303F0B7F9EDE770B5036904460D46186D4FF0FF311646FDF738F9237D4BB149
:201CC000002522690023106D19461A46FCF7E6FC284670BD2069A1692A4633460C3003F0DA
:201CE00029F90546EDE700BF38B5036904460D46186D4FF0FF31FDF719F9237D4BB1002533
:201D000022690023106D19461A46FCF7C7FC284638BD2069A1692A460C3003F07BF9C54312
:201D2000ED0FEDE738B5036904464FF0FF31186DFDF7FCF8237D4BB1002522690023106D68
:201D400019461A46FCF7AAFC284638BD2069A1690C3003F091F90546EFE700BF38B5036943
:201D600004464FF0FF31186DFDF7E0F8237D4BB1002522690023106D19461A46FCF78EFC31
:201D8000284638BD2069A1690C3003F077F90546EFE700BF70B5036904464FF0FF31186DFF
:201DA000FDF7C4F8A16981B12069257D0C30ADB102F0E8F8A069FCF797FBE0690023A361A2
:201DC00008B1FCF791FB0023E36122690023106D19461A46BDE87040FCF760BC04F072FEB2
:201DE000A069FCF781FBA561EFE700BF8069003018BF0120704700BF2DE9F04794B00B6944
:201E00000C4605464FF0FF31186D00AF9146FDF78DF82369314A2B610023C5E90023C5E9FD
:201E200006334FF47A71A9602B7585F8203085F86030237D002B44D0294EDFF8AC802069D6
:201E4000A1690C303A1D02F0B1F8012807F10C01304636D106F0B4FE07F10C010028EED00C
:201E6000404606F0ADFE0028E9D0D4F81C80404606F0CAFE064607F10C0006F0C5FE33185A
:201E8000093323F00703EA46ADEB030D721C6846414605F0CCFF98F800202F2A6B4602D101
:201EA00098F8012012B10F4A12889A5307F10C01184606F069FE4A4601462846FFF74CFE89
:201EC000D54622690023106D19461A46FCF7E6FB28465037BD46BDE8F08700BF3CB5030062
:201EE00028B5030030B503002CB503002DE9F047804600681646026A82B0B2420B9F4AD900
:201F00000C461D468FB92DE0B5FBF1F201FB1252D0F8049052B3AA1AA368266062600091BB
:201F20003146C847F8B9D8F80000236841699E42EAD163689D42E7D3CA189542E4D2A2EB6A
:201F40000509B945A1680A9828BFB946EB1A19444A46BF1A05F06BFF0A9B4B444D440A9358
:201F6000002FE0D1002002B0BDE8F087B942D2D8B7FBF1FA01FB1A7AA7EB0A0700970A9BE2
:201F80002A463146C8470028EDD10A9B3B443D440A935746E4E7034B034A0448122105F0AC
:201FA00095FE00BFDCB5030058B50300FCB503002DE9F04F85B00392002B5AD088460168CC
:201FC000C9695C1EA1F108090E9BB4FBF9F50746B3FBF9F6BDB3681E029205F0FBFC851C6B
:201FE000A4EB8505029AB5FBF9F56EBBB5424AD90DF10C0A4FF004094FF0010B0AE0012A8B
:202000004BD93B681B6A9A4247D80BFA04F42D1BB54238D9AC1BB4FA84F495FAA5F3C4F163
:202020001F04B3FA83F39C4228BF1C46CDE900A9A30041463846FFF759FF039A0028DED06B
:2020400005B0BDE8F08FF6B1701E029205F0C2FC0E9B861CA3EB8606B6FBF9F6304605F0BB
:20206000B9FC0E9B029A06FB1939A9EB80030E93BCE70F994FF0FF320A60109A18461360BB
:2020800005B0BDE8F08F0F9B1A60109B1A460E9B1360002005B0BDE8F08F034B034A04483C
:2020A0004FF48F6105F012FE70B6030078B50300FCB503002DE9F04F0446D2E900038FB03F
:2020C000002608900291099304F11409B3460DF1280A08AB494653F826701023CDE900A329
:2020E0003A4600232046FFF701FF002839D1BBF1000F63D10B9B23F00043132B54D92268CF
:20210000D269934250D80EAB4FF0FF3143F81C1D102218465146039304F0A2FE0B9B23F0E1
:202120000042102A25D0CDE904B610250DF11B081646DDF80CB004E0584604F091FEAE4286
:2021400015D00123CDE900833A462B4649462046FFF7CCFE0122414615440028ECD0DDE9EA
:2021600004B610F1340F1FD00FB0BDE8F08FDDE904B6079B751CBBB905F001050DF1380C2B
:202180000CEB850C029D03959AE80F006F605CF8187CAF602F46BC461C351027CCF80C70EA
:2021A00085E80F004FF0010B7EB1BBF1000F14BF00206FF033000FB0BDE8F08F029A0A9BC5
:2021C000D2699B1A002B95DAEEE7012681E700BF2DE9F04F984603681B6A87B04345109EC2
:2021E000DDE911A740F2D780002F4AD081468B461546DBF8003043454ED0013340F0C5804A
:20220000D9F800008269B6FBF2F302FB1363002B3BD1BA4239D8B7FBF2F302FB1373039305
:20222000FB1A009302938468534632464146A047002840F0A380029B002D00F09B80DBB11A
:202240005446371B9A4408E014F8013B9DF817209A4240F09180A2450ED0012301930DF120
:202260001703009342463B1929464846FFF73EFE0028E9D0C0F28280029B039F1E44002F41
:20228000B7D1002007B0BDE8F08FF31ACBE90083DBF800304345B0D1DBF80420B242ACD8FC
:2022A000D9F800108C691444B442A6D9A41BBC42DBF8080028BF3C46B21A1044514622465B
:2022C00005F0B5FDD9F80000D0F818C02644B6FBFCF30CFB13633F1BA244002BCFD1DBF881
:2022E00000104B1CCBD0DBE90123CDF800C08468A047002842D1D9F80030DBF808009A6972
:202300006DB3DBE9001352B382181B1ACDF808B0CDF80C801096044693460E46984607E042
:2023200014F8013B9DF817209A4225D1A34528D0012301930DF117030093324608EB040302
:2023400029464846FFF7D2FD0028E9D0DDE902B8109E13DBD9F80030DBF808009A69FF21BF
:2023600005F089FD4FF0FF33CBF80030002F7FF440AF86E79A447FE76FF0330007B0BDE84E
:20238000F08FDDE902B8109EE4E7064B064A0748B72105F09BFC064B034A04489C2105F0D5
:2023A00095FC00BFC0B5030068B50300FCB50300DCB503002DE9F04F90460268126A83B0A9
:2023C0004245DDF830900D9E6CD91EB382460F461D463B68984527D001335DD1DAF80000F5
:2023E0008269B5FBF2F302FB1353BBB9B24215D8B6FBF2F402FB1464361B0096D0F808B032
:202400004B462A464146D84728B9B14435442646002EDED1002003B0BDE8F08FEB1AC7E9D1
:2024200000833B689845D7D17968A942D4D8DAF8002092690A44AA42CED9541BB442B86826
:2024400028BF3446691A08442246494605F0EFFCDAF8000082692544B5FBF2F302FB135357
:20246000361BA144002BD3D139684B1CD0D0D7E901C3009284686246A0470028CBD1DAF888
:202480000030B8689A69FF2105F0F5FC4FF0FF333B60002E9DD1BDE7054B064A0648B721D1
:2024A00005F014FC054B034A03489C2105F00EFCC0B5030068B50300FCB50300DCB5030093
:2024C0002DE9F04F934691B000240122CDE905315B46CBE909429A468346DAF828300133B3
:2024E00000F00F810AF1240251465846FFF7E2FD079000287AD15246DAF80C30DA46934688
:20250000DBF8201021F00042043A03F10C00824228BF0AF1140980F0AA80002980F2ED80C2
:202520000AF11409DBE909234FF000080A920B9347460AAB494653F82860102301930CABF0
:202540000093324600235046FFF7D0FC00283FD12FB10C9BDBF81C209B1A002B65DB0D9B5F
:2025600023F00043132B60D9DAF80020D26993425BD810AB4FF0FF3143F81C1D102218462B
:202580000CA9029304F06CFC0D9B23F00042102A32D00397CDF8108010240DF123051746B6
:2025A000DDF8088004E0404604F05AFCA74221D00123CDE900533246234649465046FFF707
:2025C00095FC0122294614440028ECD0DDE9037810F1340F29D05B46D3469A46831C40F0B5
:2025E0009380DAF8243001337FF477AF079811B0BDE8F08FDDE90378099B08F10104A3B912
:202600000CAB10AD0FCB04F0010405EB8404102554F8184CCBF808400BF11C04CBF80460C8
:20262000CBF80C5084E80F000127B8F1000F1AD0002F5BD0DBF82010DBF8182021F000437A
:20264000043B143210201B2BCBF81820CBF80C000CD80029FFF666AF5B46D3469A460346BB
:20266000059A1360BDE74FF0010862E70346059DDBF80420281D0C24CDE9000449465046DD
:20268000FFF734FC0028A6D16B79A979EA79DBF80C00286004330B4413440344CBF80C3082
:2026A0006A79AC79E879DBF818100432224402440A44CBF818202A7902F07002202A7FF4C7
:2026C0001FAF0598069C81682268914208D0C0686468A04204D0A14202D082427FF410AF7A
:2026E00001230793079811B0BDE8F08F6FF033030793079811B0BDE8F08F5A46D346924654
:20270000AEE70023079371E707906FE72DE9F04FA3B001230691002417A90BAACDE90B4322
:202720008346FFF7C7FC079000287DD1209B01337AD0219B013377D020AA17A95846FFF77C
:20274000B9FC00286FD11A9CDA461F9A22F00043043B04F10C018B4228BF0AF1140B80F0F9
:202760009380002A80F28B800AF1140BDDE9202300250D920E93A8464FF010090DAB59467A
:2027800053F82560CDF8049013AB0093324600235046FFF7ABFB00283FD1B8F1000F04D02E
:2027A000139B1E9A9B1A002B57DB149B23F00043132B52D9DAF80020D26993424DD822AB3F
:2027C0004FF0FF3143F8601D102213A91846039304F046FB149F27F00042102A2AD0CDE9C5
:2027E000048510240DF127071546DDF80C8004E0404604F035FBA5421AD00123CDE9007388
:202800003246234659465046FFF770FB0122394614440028ECD0DDE9048510F1340F1CD0E4
:20282000831CD34682D00790079823B0BDE8F08FDDE904850A9B6C1C7BB913AB0FCB22AF48
:2028400004F0010407EB840407E90F0054F8543C1896CDE919394FF001089DB1B8F1000F26
:2028600041D01F991D9A21F00043043B143210241B2B1D921A9407D80029FFF677AFD346EC
:202880000F9453E7012579E710A80C25CDE90005189A234659465046FFF728FB0028BFD110
:2028A0009DF841209DF842509DF843001A9C1D999DF940300F9404322A4402441444002BA1
:2028C0000A441A941D92FFF640AF0822069911A805F09EFA00287FF438AF0123079307987B
:2028E00023B0BDE8F08F6FF033030793079823B0BDE8F08F2DE9F04F97B01C460C9340F649
:20290000220382462468536010460892DAE90123D3460A948260C3608A460A9DBF4928460B
:2029200006F0A3F92B4603440446BC490993184606F058F90128079000F07281022800F000
:202940007881099B079A9D18CDE90A550124B349284606F08AF905442846B04906F042F986
:2029600078B1022802D001340544F0E72B782E2BF9D16B782E2BF6D1013CF5D1AB1C0A93AD
:20298000CBE7099B1878002800F088800C9A1360089A1379222B40F05B8102F108031A4633
:2029A000514658460D93FFF785FB002876D15246DAF80C30DA469346DBF8201021F0004268
:2029C000043A03F10C00824228BF0AF1140980F0A480002980F294800AF1140912ABD046C8
:2029E0000393CA46DBE9092300255F4610921193A946AB4610AB514653F82B501023019372
:202A0000039B00932A4600234046FFF76FFA002841D1B9F1000F04D0129BFA699B1A002B56
:202A200058DB139B23F00043132B53D9D8F80020D26993424ED816AB4FF0FF3143F81C1D2B
:202A4000102218460399049304F00AFA139B23F00042102A27D0CDF81490CDF818B010245D
:202A60000DF13B069146DDF810B004E0584604F0F7F9A14515D00123CDE900632A46234664
:202A800051464046FFF732FA0122314614440028ECD0DDE9059B10F1340F1BD017B0BDE820
:202AA000F08FDDE9059B0F9B0BF1010493B9039B7D600FCB04F0010416AE06EB840410257A
:202AC00054F8184CBC6007F11C04FD6084E80F004FF00109BBF1000F19D0BB46B9F1000F93
:202AE00076D0396ABA6921F00043043B143210201B2BBA61F8600DD80029FFF673AF03469A
:202B0000089A6FF00100136017B0BDE8F08F4FF0010B6FE7D1460346C246089FDBF80420AE
:202B20000C20391DCDE9001049465046FFF7DEF90028B3D17B79BA79F879DBF80C403C605C
:202B40000433134403442344CBF80C307D79B879FE79DBF818102A1D024432440A44CBF88D
:202B600018203A7902F07F01112902D022297FF423AF07998E427FF41FAF04342C440444BB
:202B8000DBF8046000295FD0099DCDF80CB012AB641B0127DDF82CB0984607E015F8013B5C
:202BA0009DF848209A4216D15D4519D0CDE900876319324649465046FFF798F90028EDD008
:202BC000D346DDF80CA0FFF669AF089B1A790CE06FF0330062E7DDF80CB0DBF80C30EBE6E0
:202BE000089BD3461A79DDF80CA013067FF595AEDBF8043001330BD0DBF80830013307D009
:202C00000D995846FFF782FD002824D1089B1A79089B02F07F021A717FE600BF30B50300FB
:202C20002B5D2E2B7FF48DAE099B079A13440A9373E6099B1B782E2B7FF483AE099B5B78C8
:202C40002E2B7FF47EAEEFE75B46D3469A46CCE76FF0130022E7FFF621AF6FF001001DE7B5
:202C60002DE9F04F4468013493B000F08B8084680134824600F08680904689460021012317
:202C80000A910AAA41460B93FFF714FA00287AD143460AF1140BC8469946D9F82430581C20
:202CA00070D0D9F82820511C6CD0D8F8001099426CD0D8F80400904268D0834266D091426F
:202CC00064D0CDE90C32002503950EAFCDF810800CAB594653F825601023CDE90073324603
:202CE00000235046FFF702F9002840D1039B2BB10E9BD9F81C209B1A002B3BDB0F9B23F00E
:202D00000043132B36D9DAF80020D269934231D812AB4FF0FF3143F8241D10221846394661
:202D2000059304F09DF80F9B23F00042102A33D00695CDF81C9010240DF123081546DDF89D
:202D4000149004E0484604F08BF8A54222D00123CDE900833246234659465046FFF7C6F8E6
:202D60000122414614440028ECD0DDE9065910F1340F08D165B3DDE90338002B8DD16FF02A
:202D8000330000E0002013B0BDE8F08F012013B0BDE8F08FDDE90659099B6C1C002BE9D1DB
:202DA00097E80F0004F001040DF1480C0CEB8404C9F8046054F8184CC9F80840102609F1AD
:202DC0001C04C9F80C6084E80F0001230393D1E701257DE72DE9F04F4FF0010BA1B0814677
:202DE0008A464FF00008D9E90C52D9F8384013E05109531C601ED9F83C60C9F83430C9F8C6
:202E0000380056F8217002F01F010BFA01F1394200F0718104461A469542E9D1002C00F0DE
:202E20001383D9F80020D9F82C30D9F83C00D2E908121D44944228BF1446B5FBF1F301FBF4
:202E40001355C9F83480C9F83040D208C9F82C50002105F010F8D9F804300133C3D0D9F892
:202E600008300133BFD015AA01230592524609F11407CA46CDF834800E9300249146DAF839
:202E80000060DAF82C20316ADAF830508A1A1444B4FBF1F001FB1040A84212D2DAF83C1003
:202EA000440900F01F0351F824200BFA03F3134341F82430316ADAF82C200E9BDAF8305094
:202EC0008A1A1A44B2FBF1F301FB1322AA420BD25409DAF83C0002F01F0250F824100BFA66
:202EE00002F30B4340F824300DAA05995046FFF7E1F8002840F0BA81CDF81C900C26B94614
:202F0000189B12AC1CE0169ACDE9004649465046FEF7ECFF002840F0A9819DF849309DF86E
:202F20004A209DF84B001899043313449DF84820034402F070020B44102A189300F0898231
:202F40001D9A22F00042043A03F10C019142DAD9DDE91E43601C4F46CDE90D43DDF81C90E2
:202F600001D0591C8BD14B46D1469A46D9F80C50002D3FF438AFCDF824A0AA46DAF81C301C
:202F8000DA0340F19C81DAF81440002C00F09781D9F80010CD69013C083DB4FBF5F30693E3
:202FA00053B1581E059104F015FD05990230A4EB8004B4FBF5F30693DAF810300593D9F86D
:202FC0002C400B6AD9F83000059A1A44141BB4FBF3F203FB124383420BD25C09D9F83C00E8
:202FE00003F01F0350F824200BFA03F3134340F82430069B002B00F0608103F00103C3F10B
:2030000002030A6A07939D00059B934280F012810FAF002408461A4620E0D9F81430059A44
:2030200046699A4200F0CF82B4FBF6F2436806FB12429C46002A00F0EC820599D9F81C3008
:20304000C9F81410A21AC9F8182000966646B047002840F00B81D9F80000059ADAF82C301B
:203060009A42DAD1DAF83020A242D6D883691344A342D2D91B1BDAF83410AB4228BF2B46B1
:20308000A21A11441E461A463846AD1A04F0CFFE34443744D9F80000002DDED1079B5D1E98
:2030A000012D0146036AD9E90B4019D10F9A121BD618B6FBF3F203FB1262824210D2540968
:2030C000D9F83C0002F01F0350F8242005FA03F3134340F82430D9F82C400B6AD9F83000B9
:2030E00020AA02EB8505DDE90626921B069255F8442C059269E7D9F80000D9F82C10076A65
:203100000A44AB42B2FBF7F107FB112206921BD0590903F01F0256F82110012707FA02F215
:203120000A4211D0023C0AE0590903F01F0256F821100BFA02F20A4204F1FF3404D00133D0
:20314000AB42C9E90D34EFD1C368069998470346079038B113F1340F3FF443AE184621B0C3
:20316000BDE8F08FDAF82830D9F80000002B00F08180DAF82440036A09F114029C420892E9
:2031800058D215AB0593079F09F1200309933D46DDF8148017E0D9F8143041699C424FD0AF
:2031A000B5FBF1F201FB1252002A54D0D9F81C300091AA1AC9E9054246682146B04700282F
:2031C00054D1D9F80000DAF82C309C42E3D1DAF83030AB42DFD886691E44AE42DBD9DAF89C
:2031E0003410761B012E28BF0126EB1A3246404619443544B044C6F1010604F018FE002EFA
:20320000DFD101230293059BDDE90821CDE900734846069BFEF7DCFF002849D1DAF8283022
:20322000D9F800000137BB4224D9DAF82440036A9C42ACD3AC4BAD4AAD48122104F046FD3E
:20324000D9F81830AB42ABD85E18AE42A8D9761BD9F81C10C6E70129A8D8012300932146FB
:2032600043462A464468A0470028CAD0079021B0BDE8F08F8269D9F82810DAF8340004F086
:20328000D6FDD9E90813D9F80020D9F828009269CAE90B13FF2104F0EEFD4FF0FF33C9F897
:2032A00020300798069BCAF8243021B0BDE8F08F10F1340F3FF495ADD8E7DAF81C309B033F
:2032C00040F1B980DAF82040002C00F0B480D9F80010CD69013C083DB4FBF5F3069353B135
:2032E000581E059104F076FB05990230A4EB8004B4FBF5F30693DAF824300593D9F82C404F
:203300000B6AD9F83000059A1A44141BB4FBF3F203FB124383420BD25C09D9F83C0003F01D
:203320001F0350F824200BFA03F3134340F82430069B002B7FD003F00103C3F102030A6AC3
:2033400007939D00059B9342BFF474AF0FAF002408461A4620E0D9F81430059A46699A421C
:2033600000F04481B4FBF6F2436806FB12429C46002A00F064810599D9F81C30C9F8141080
:20338000A21AC9F8182000966646B04700287FF46DAFD9F80000059ADAF82C309A42DAD163
:2033A000DAF83020A242D6D883691344A342D2D91B1BDAF83410AB4228BF2B46A21A1144E4
:2033C0001E461A463846AD1A04F031FD34443744D9F80000002DDED1079BD9F82C405D1EC8
:2033E000012D0146036AD9F8300019D10F9A121BD618B6FBF3F203FB1262824210D2540931
:20340000D9F83C0002F01F0350F8242005FA03F3134340F82430D9F82C400B6AD9F8300075
:2034200020AA02EB8505DDE90626921B069255F8442C059268E7DAF800A0BAF1000F7FF4D2
:203440009DADDDF824A0CEE46FF01B030793184685E6149C002C3FF454ADDAF80010CD69CF
:20346000013C083DB4FBF5F3089353B1581E069104F0B0FA0699831CA4EB8303B3FBF5F300
:203480000893139B0693DAF82C500B6ADAF83040069ACDF82C9008461A44551BB5FBF3F273
:2034A00003FB1253A3420BD25C09DAF83C1003F01F0351F824200BFA03F3134341F82430E4
:2034C000089B002B00F0E78003F00103C3F10203026A09939C00069B9342BFF4ABAE0DF1F3
:2034E0003C09002520E000BFDCB5030058B50300FCB503004368B5FBF1F201FB12529C46CB
:20350000002A00F0B280069FCAF81470AA1ADAF81C30CAF81820009139466746B8470028B4
:203520007FF4A4AEDAF80000DAF81430069A41699A42DFD1DAF81830AB42DBD85A18AA42F0
:20354000D8D9521BDAF81C10A242A5EB030328BF2246484619441746A41A154404F067FCD0
:20356000B944DAF80000002CDED1099BDAF82C50DAF83040591E0129036A19D10F9A521B5F
:203580001A44B2FBF3F703FB1722A24210D2DAF83C50570902F01F0355F8274001FA03F3C2
:2035A000234345F82730DAF82C50036ADAF8304020AA02EB8101DDE90827D21B089251F816
:2035C000442C069268E7D9F81830A3423FF62CAD9A19A2427FF628AD121BD9F81C10AA4291
:2035E00028BF2A46E31A164619444DE5D9F81830A3423FF6B7AE9A19A2427FF6B3AE121B5A
:20360000D9F81C10AA4228BF2A46E31A16461944D8E6B542FFF411ADB5FBF6F306FB13534E
:20362000ED1A089300953B46224605996646B04700287FF41BAE2F442C44089D2AE5B54237
:20364000FFF499AEB5FBF6F306FB1353ED1A089300953B46224605996646B04700287FF434
:2036600005AE2F442C44089DB2E68C42FFF44BAFB4FBF1F701FB1743E41A0A9300944B460F
:203680002A4606996746B84700287FF4EFADA14425440A9C65E7DDF82C9031E42DE9F04FFD
:2036A000D0E90C63A1B04FF0010901F1040801F10C0204460392CA460491C3464FF0000876
:2036C0002746B96B0FE05A090139581CFD6BB963786355F8224003F01F0209FA02F22242DC
:2036E00000F0658103469E42EDD1002900F0BA813A68FB6AD2E908021E44914228BF11467A
:20370000B6FBF0F300FB13663963C7F83480D208FE620021F86B04F0AEFB7B68013300F030
:203720009881BB68013300F09481CDE90D8A07F11406CDF814B001230024B3463E68FA6AE1
:20374000306A3D6B821A1444B4FBF0F100FB1141A9420FD2F86B4C0901F01F0350F8242033
:2037600009FA03F3134340F82430FA6A306A0E9B3D6B821A1A44B2FBF0F300FB1323AB4277
:203780000AD25809F96B03F01F0351F8202009FA03F3134341F820300DAA15A93846FEF72A
:2037A00089FC002840F050815B460C26BB461F46189B12AC1CE0169ACDE9004639465846EC
:2037C000FEF794FB002840F03F819DF849309DF84A209DF84B001899043313449DF8482024
:2037E000034402F070020B44102A189300F03D811D9A22F00042043A03F10C019142DAD96C
:203800003B465F469B46DDE91E43601CCDE90D4301D0591C92D1FD68DDF814B0002D00F034
:203820001881CDF828B0AB460CE09B0304D5DBF82040002C40F0F681DBF800B0BBF1000FBA
:2038400000F00581DBF81C30DA03EED5DBF81440002CEAD03B68DD69013C083DB4FBF5F225
:20386000079252B1501E059304F0B4F80230A4EB8004B4FBF5F30793059BDBF81020059256
:20388000FC6A1A6A386B0599CDF818B011440C1BB4FBF2F102FB114282420AD25409F86BB2
:2038A00002F01F0250F8241009FA02F20A4340F82420079A002A00F0A28202F00102C2F132
:2038C0000202196A08929500059A8A4280F09F820DF13C0B0024069A0599D26A914222D08E
:2038E0007A6905985969904200F07181B4FBF1F2586801FB12428446002A00F07B81FE69E9
:2039000005987861A21ABA6118460091334605996646B047002840F09780069A0599D26AC8
:203920003B689142DCD1069A106BA042D8D89A690244A242D4D90993069B121B596BAA42C3
:2039400028BF2A46201A164601445846AD1A04F06EFA099B3444B344002DBCD1089A551E92
:20396000012DD7E90B401A6A16D10F99091B1144B1FBF2F602FB161181420DD2FC6B4E096A
:2039800001F01F0254F8260005FA02F2024344F82620D7E90B401A6A20A901EB8505DDE955
:2039A0000716891B079155F8441C05916EE73968FA6A096A1344B3FBF1F201FB12334BF832
:2039C000043BD7E90C63B3423C461BD0590903F01F0255F821100AFA02F20A4212D0B86BDA
:2039E00001380AE0590903F01F0255F8211009FA02F20A4200F1FF3004D00133B342C4E9A3
:203A00000D30EFD1039A5A457FF458AEDDF810B004210BF11C03DBF804202046CDE90031DB
:203A2000002304F11401FEF761FAA8B9DBF81C304FF0FF32CBE90922142001331021CBE9ED
:203A40000730CBF80C10002021B0BDE8F08FDDF828B0D7E90C6334E610F1340FE6D021B07A
:203A6000BDE8F08F6FF01B00EEE7149C002C3FF4A0AEDBF80010CD69013C083DB4FBF5F344
:203A8000089353B1581E069103F0A4FF0699831CA4EB8303B3FBF5F30893139B0693DBF846
:203AA0002C500B6ADBF83040069A0B9708461A44551BB5FBF3F203FB1253A3420BD25C0955
:203AC000DBF83C1003F01F0351F8242009FA03F3134341F82430089B002B00F08E8103F089
:203AE0000103C3F10203026A09939D00069B934280F08D810FAB0793002718E04368B7FBA0
:203B0000F1F201FB12729C46002A00F05E81069CCBF81440BA1ADBF81C30CBF8182000912F
:203B200021466446A04700288ED1DBF80000DBF81430069A41699A42E0D1DBF81830BB422D
:203B4000DCD85A18BA42D9D9D21BDBF81C100798FB1AAA4228BF2A4619441446AD1A1744D5
:203B600004F065F9079B23440793DBF80000002DDDD1099BDBF82C50DBF83040591E0129CB
:203B8000036A19D10F9A521BD718B7FBF3F203FB1272A24210D25509DBF83C4002F01F022A
:203BA00054F8253001FA02F2134344F82530DBF82C50036ADBF8304020AA02EB8101DDE990
:203BC0000827D21B089251F8442C06926FE7BA69A2423FF68BAE5018A0427FF687AE001B04
:203BE000F9690993A84228BF2846A21A114406460246AAE68D42FFF482AEB5FBF1F601FBCE
:203C00001652AD1A0992184600955B46224605996646B04700287FF417AFAB442C443B683A
:203C2000099D99E63B68DD69013C083DB4FBF5F2069252B1501E059303F0CCFE0230A4EB3F
:203C40008004B4FBF5F30693059BDBF824200592FC6A1A6A386B0599CDF81CB011440C1B2A
:203C6000B4FBF2F102FB114282420AD25409F86B02F01F0250F8241009FA02F20A4340F8F7
:203C80002420069A002A00F0BF8002F00102C2F10202196A08929500059A8A4280F0B78077
:203CA0000DF13C0B0024079A0599D26A914220D07A690598596990425FD0B4FBF1F25868C8
:203CC00001FB12428446002A68D0FE6905987861A21ABA6118460091334605996646B0470B
:203CE00000287FF4B1AE079A0599D26A3B689142DED1079A106BA042DAD89A690244A2424D
:203D0000D6D90993079B121B596BAA4228BF2A46201A164601445846AD1A04F088F8099B2A
:203D20003444B344002DBED1089A551E012DD7E90B401A6A16D10F99091B1144B1FBF2F6EA
:203D400002FB161181420DD2FC6B4E0901F01F0254F8260005FA02F2024344F82620D7E9E1
:203D60000B401A6A089E20A901EB85050699891B069155F8441C059170E7BA69A2429CD8A0
:203D80005018A04299D9001BF9690993A84228BF2846A21A114406460246BCE78D4294D391
:203DA000B5FBF1F601FB1652AD1A0992184600955B46224605996646B04700287FF444AEDC
:203DC000AB442C443B68099DACE78D42FFF49FAEB5FBF1F401FB1453ED1A0A930095079BC6
:203DE00006993A466446A04700287FF42DAE079B2B442F4407930A9DB7E60B9FD8E4DDF800
:203E000018B0DBF81C3010E5DDF81CB014E5034B034A0448122103F059FF00BFDCB5030074
:203E200058B50300FCB503002DE9F04F95B014AB054643F8342DD0E90162C1E901620CAA9F
:203E40000C46FEF757FD834600285FD19DF83430222B40F08E80DDE90E23CDE90A2305F152
:203E60001408814602900DF1400A03900AAB414653F829701023CDE900A33A460023284635
:203E8000FEF734F800283DD1029B23B1109BE2699B1A002B58DB119B23F00043132B53D9E5
:203EA0002A68D26993424FD814AB4FF0FF3143F82C1D102218465146049302F0D1FF119B5B
:203EC00023F00042102A27D0CDE9059410260DF1230B1446DDF8109004E0484602F0C0FFB9
:203EE000B44217D00123CDE900B33A46334641462846FDF7FBFF0122594616440028ECD07C
:203F0000DDE9059410F1340F1ED08346584615B0BDE8F08FDDE90594099B09F101069BB968
:203F20009AE80F0006F001060DF1500C0CEB8606676056F8286CA660102704F11C06E760D2
:203F400086E80F0001230293B9F1000F14D0DDE9023BA3B1D4E901122B69216162610E215F
:203F600010225846A161E26023602C6115B0BDE8F08F6FF0130BC9E74FF0010976E76FF002
:203F8000330BC3E7026942B18A4203D107E0994207D01A461368002BF9D10020704700F10A
:203FA00010020B6813600020704700BF2DE9F04F93B013468946029282464C22184600216A
:203FC00003F059FFD9F818300E2B00F01E810F2B00F02881D9F80C30CB46DBF8201021F0B0
:203FE0000042043A03F10C00904298BF0AF1140940F2A080002980F294800AF11409D046D1
:20400000CA46DBE90923002508920993A94608AB514653F82560102301930EAB00933246B1
:2040200000234046FDF762FF002840D1B9F1000F05D00E9BDBF81C209B1A002B5ADB0F9B44
:2040400023F00043132B55D9D8F80020D269934250D812AB4FF0FF3143F82C1D10220EA9DD
:204060001846039302F0FCFE0F9F27F00042102A27D0CDE9049510240DF11B071546DDF855
:204080000C9004E0484602F0EBFEA54217D00123CDE900733246234651464046FDF726FF05
:2040A0000122394614440028ECD0DDE9049510F1340F1FD0831C34D013B0BDE8F08FDDE940
:2040C0000495079B6C1CABB90EAB0FCB04F0010412AF07EB8404CBF8046054F8284CCBF848
:2040E000084010260BF11C04CBF80C6084E80F004FF00109CDB1B9F1000F00F0A480DBF815
:204100002010DBF8182021F00043043B143210201B2BCBF81820CBF80C0008D80029FFF64D
:2041200070AF002013B0BDE8F08F01256FE7D1460346C2460C200BA9DBF80420CDE90010D8
:2041400049465046FDF7D2FE0028B3D19DF82D509DF82E409DF82F60DBF80C00DBF81810B7
:204160009DF82C700A902A1D2244324483180A4407F07F011129CBF80C30CBF8182002D0EB
:2041800022297FF42AAF3A0660D5DAF80430013334D0DAF80830013330D00CA95046FEF757
:2041A000B5FA002888DB2DD19DF82C100A989DF82D509DF82E409DF82F605B4601F07F0109
:2041C000CB4699468DF82C10029B1129197002D11A460D9B53600299D9F804200196031DF9
:2041E0002B4408310091234459465046FDF77EFE002808BF012013B0BDE8F08F5B46CB46D1
:204200009946DFE7DBF80C30E7E6134A029912880A8122230B70D9F818300133C9F81830EA
:20422000012049E702980D4A0346222103F8081B1188927801819A70D9F818300133C9F855
:204240001830012038E76FF0330035E75B463946CB469946B8E700BF28B503002CB50300F6
:204260002DE9F04FA9B00992CA690A9302F00304012C00F0268454038A46834602F400334C
:2042800000F1E882100507D5DAF81420DAF82010914238BFCAF82020002B00F0E5820A9BD7
:2042A0001846002B00F0F1810AF12C0305930A9B0B93D0464FF00109DA46D8F81C309903D7
:2042C00000F19F81D8F82010002940F0F482D3465BF8143B1D6ACAF83850D8E90823CDF8C1
:2042E000308006921493D0464FF0000AD8E90C1413E06209631C681ED8F83C60C8F834309C
:20430000C8F8380056F8227004F01F0209FA02F23A4200F0C18105461C46A142E9D1002D94
:2043200000F0F182D8F80020D8F82C30D2E908021944954228BF1546B1FBF0F300FB131115
:20434000C8F82C10C8F834A0C8F83050D2080021D8F83C0003F08FFDD8F80430013300F0DF
:204360002082D8F80830013300F01B8201231DADCDF854A0169300240C272E46D8F800C027
:20438000D8F82C20DCF82000D8F83050821A1444B4FBF0F100FB1141A94213D2D8F83C0010
:2043A0004C0901F01F0350F8242009FA03F3134340F82430DCF82000D8F82C20169BD8F89D
:2043C0003050821A1A44B2FBF0F300FB1323AB420BD25809D8F83C1003F01F0351F82020BD
:2043E00009FA03F3134341F8203015AA31464046FDF760FE002840F0BD811AAC0D96209B1D
:204400001CE01E9ACDE9004759464046FDF76EFD002840F0AF819DF869309DF86A209DF8FD
:204420006B002099043313449DF86820034402F070020B44102A209300F06A82259A22F019
:204440000042043A03F10C019142DAD9DDE92643621C0D9ECDE9154301D05D1C8ED1D8F876
:204460000C50002D00F09D81CDF83CB0AB460CE0990304D5DBF82040002C40F03B83DBF882
:2044800000B0BBF1000F00F08A81DBF81C30D803EED5DBF81440002CEAD0D8F80010CD69D6
:2044A000013C083DB4FBF5F3089353B1581E079103F090FA07990230A4EB8004B4FBF5F33D
:2044C0000893DBF810300793D8F82C400B6AD8F83000079A1A44141BB4FBF3F203FB1243CE
:2044E00083420BD25C09D8F83C0003F01F0350F8242009FA03F3134340F82430089B002B5F
:2045000000F0048403F00103C3F102030A6A0D939D00079B934280F0F38317AF002408462D
:20452000DBF82C30079A9A4224D0D8F81430079A46699A4200F0AB82B4FBF6F2436806FB3B
:2045400012429C46002A00F0BF820799D8F81C30C8F81410A21AC8F8182000966646B0473D
:20456000002840F00781DBF82C30079AD8F800009A42DAD1DBF83020A242D6D8836913443C
:20458000A342D2D91B1BDBF83410AB4228BF2B46A21A11441E461A463846AD1A03F047FCA9
:2045A00034443744D8F80000002DB9D10D9B5D1E012D0146036AD8E90B4017D1179A121BAA
:2045C000D618B6FBF3F203FB126282420ED25409D8F83C0002F01F0350F8242005FA03F343
:2045E000134340F82430D8E90B400B6A0D9E28AA02EB8505089A921B089255F8442C079225
:2046000068E7D346D8F828505BF8143BDE69B5423FF460AED8F824400B9B059F761B9E42DA
:2046200028BF1E462346099C0CE010F1340F40F0368141465046FEF7CDFB002840F02F8128
:20464000D8E90935CDE9014600955A4639465046FDF7BEFD0028E8D1D8F82020D8F828304C
:20466000DAF8001032443344096AC8F82020C8F82830099A0B9BCAF8381032449B1B0992C6
:204680000B937FF41AAE0A98C246DAF81C3023F40023CAF81C3075E0D8F80000D8F82C20F0
:2046A000076A14448B42B4FBF7F207FB124420D04FEA531C03F01F0256F82CC04FF0010E40
:2046C0000EFA02F212EA0C0F13D0023D0CE04FEA531C03F01F0256F82CC009FA02F212EAD0
:2046E0000C0F05F1FF3504D001338B42C8E90D35EDD1012C40F2F282A742C0F0EF82C368E7
:2047000021469847002840D1069BD8F80070002B00F0D0811A46FB69561EA3F1080AB6FB3E
:20472000FAF5002D40D1721C9342069251D01346002A00F0A7819A4600251DAE059F0EE033
:204740000123CDE90163009523465A4639464046FDF73EFDC8B90135AA4500F0CC80012343
:20476000CDE90063149A2B4659464046FDF7BEFB0028E5D0DDF830A0DAF81C3043F4002335
:20478000CAF81C3029B0BDE8F08F10F1340FF1D14FF0FF33C8F82030D8F83850A4E5DDF8D1
:2047A0003CB0D8F83850A1E5681E069303F012F9851CA6EB8505B5FBFAF5284603F00AF953
:2047C00005FB1A66069BA6EB8006721C93420692ADD16E1C96FAA6F3B3FA83F30793013384
:2047E00000250DF1500A08930426AF005A46CDE901A60097234605994046FDF7E9FC149A20
:204800000028C2D1079BAB4209D0CDE900A63B4659464046FDF76AFB0028ABD1149A012A9D
:2048200040F26382D8F800703B6A9342C0F05D82089B0135AB42D8D8C246DDF830809D0078
:20484000C8E90945D8F81C30FE6943F40033C8F81C30E1E64FF0FF3522F48024CD62CC6110
:20486000FBB912053FF510ADDAF82040DAF814309C427FF614ADCAF82030002501230DF1C7
:204880004F02514658468DF84F50FFF7E9FC0028FFF678AFDAF820309C42EFD8FFE4C2469D
:2048A0006AE700F043FA00287FF46CAFDAF81C2002F40033E6E4013908F1240008F1280447
:2048C000D8E904230091CDE9010405995046FDF76FFB0028E3D1DAF80030D8F834009A692D
:2048E000D346FF2103F0C7FA4FF0FF325BF8143BC8F82C20EEE4C246DDF83080DAF800700C
:20490000C8E909459EE7DDF830A06FF01B0033E71C9E002E3FF492ADD8F80010CD69013E2B
:20492000083DB6FBF5F30E9353B1581E079103F051F80799831CA6EB8303B3FBF5F30E931D
:204940001B9B0793D8F82CC0D8F83050079A0B6ACDF844B0084661461A44511AB1FBF3F2DD
:2049600003FB1213AB420BD25D09D8F83C1003F01F0351F8252009FA03F3134341F8253048
:204980000E9B002B00F0B88103F00103C3F10203026A0F939E00079B934280F0B18117ABE3
:2049A00008934FF0000B1AE04368BBFBF1F201FB12B29C46002A00F07981079DC8F8145056
:2049C000ABEB0202D8F81C30C8F81820009129466546A84700287FF4CDAED8F80000D8F8D9
:2049E0001430079A41699A42DED1D8F818305B45DAD85A185A45D7D9A2EB0B02D8F81C10DC
:204A00000898ABEB0303B24228BF324619441546B61A934403F00BFA089B2B440893D8F833
:204A20000000002EDBD10F9BD8F82C10D8F830505E1E012E036A1AD1179A521A02EB030C7A
:204A4000BCFBF3F203FB12C2AA4210D25509D8F83C1002F01F0251F8253006FA02F21343A5
:204A600041F82530D8F82C10036AD8F8305028AA02EB860CDDE90E26921B0E925CF8442C83
:204A8000079269E7C2461546DDF8308038E7D8F81830A3423FF650AD9A19A2427FF64CADF2
:204AA000121BD8F81C10AA4228BF2A46E31A1646194471E5C246DDF830801D46C8E9094391
:204AC000C0E66FF008005DE6B542FFF43EADB5FBF6F306FB1353ED1A0E9300953B4622468B
:204AE00007996646B04700287FF444AE2F442C440E9D57E5D8F80010CD69013C083DB4FBD5
:204B0000F5F3089353B1581E079102F063FF07990230A4EB8004B4FBF5F30893DBF824306E
:204B20000793D8F82C400B6AD8F83000079A1A44141BB4FBF3F203FB124383420BD25C090E
:204B4000D8F83C0003F01F0350F8242009FA03F3134340F82430089B002B3FF490AC03F09D
:204B60000103C3F102030A6A0D939D00079B934280F0C68017AF00240846DBF82C30079A92
:204B80009A4222D0D8F81430079A46699A4267D0B4FBF6F2436806FB12429C46002A70D0ED
:204BA0000799D8F81C30C8F81410A21AC8F8182000966646B04700287FF4DCADDBF82C3015
:204BC000079AD8F800009A42DCD1DBF83020A242D8D883691344A342D4D91B1BDBF8341002
:204BE000AB4228BF2B46A21A11441E461A463846AD1A03F01CF934443744D8F80000002D5E
:204C0000BBD10D9BD8F82C405D1E012D0146036AD8F8300019D1179A121BD618B6FBF3F27B
:204C200003FB1262824210D25409D8F83C0002F01F0350F8242005FA03F3134340F824307C
:204C4000D8F82C400B6AD8F830000D9E28AA02EB8505089A921B089255F8442C079266E723
:204C6000D8F81830A34293D89A19A24290D9121BD8F81C10AA4228BF2A46E31A16461944AA
:204C8000B5E7B5428CD3B5FBF6F306FB1353ED1A0E9300953B46224607996646B047002891
:204CA0007FF468AD2F442C440E9DA6E78E42FFF484AEB6FBF1F501FB1563F61A1093009608
:204CC000089B07995A466546A84700287FF452AD089B3344B3440893109EA0E60D4B0E4A2D
:204CE0000E4840F28C4102F0F1FF0D4B0A4A0B4840F2D34102F0EAFFDDF844B0FFF77FBB64
:204D0000084B094A0548122102F0E0FFDBF81C30FFF7AEBBBCB6030088B50300FCB50300B5
:204D200070B60300DCB5030058B503002DE9F04F8A4699B0064606F11404DAF820700594E2
:204D40002C2200210AA8079703F095F894E807004FF0FF35DAE904340DF154097561DAF820
:204D600020500E9389E80700DAF81410129701238D420F9411936DD29F033BD4129A0F9B8B
:204D80009A4247D20DF127080DF14C0B1BE03368149DDF69BD421BD07C1B012C28BF012453
:204DA000CDF80080139A01942B4649463046FDF79DF8A04460BB129A149B2244AF421C445C
:204DC0001292149426D1119B5C0349463046DED4DDE90E4314AD0092CDE901B52246FDF79C
:204DE000E7F8A8B9119B3268149DD76943F480231193D1E75D0305D523F480234FF0FF32A2
:204E0000119315920AA93046FFF790FF0028B5D000281CDB01230DF1270251463046FFF77F
:204E20001FFA002813DB7369013303D04FF0FF3315937361DAF82020DAF814309A4209D294
:204E4000119B03F00302022A96D16FF0080019B0BDE8F08F0DF1270B4FF00109DAF82C1040
:204E60004B1C4AD03068DAF834308469DAF8302000948468A04720BB3368DAF82C809A6976
:204E8000DAE90C75002A4DD02C46CDF818A015443F1BDDF814A007E014F8013B9DF8272051
:204EA0009A421AD1AC421BD0CDE900B93B19424651463046FDF71AF80028EDD0DDF818A082
:204EC00032DA10F1340FC2D151463046FDF782FF0028C3D019B0BDE8F08FDDF818A0F3E75E
:204EE000DDF818A03368DAF834009A69FF2102F0C2FF4FF0FF33CAF82C30DAF81C3023F4EA
:204F00000033DAE9082143F48033CAF81C30079BCAF810100020CAF81420CAF8203019B005
:204F2000BDE8F08F2846E1E73368DAF834009A69DCE700BF2DE9F04F0D46C969074601F0D9
:204F40000300022887B061D08803904647D42A6A69698A423FD2891A99420E4628BF1E46E0
:204F60000596002E4ED005F12C0905F1280B05F1240A1AE03C68AB6AE469A3421AD0E41A05
:204F8000B44228BF34466A6ACDF80080019449463846FCF7ABFFA044F0B92A6AAB6A2244C6
:204FA0002344361B2A62AB622CD0EB695B0349463846DFD4D5E904430092CDE901AB2246D1
:204FC000FCF7F6FF40B9EA693968AB6ACC6942F48022EA61D3E7002007B0BDE8F08F4A038D
:204FE00005D521F480214FF0FF32E961EA62294638460593FFF79AFE059B0028A7D007B012
:20500000BDE8F08F059807B0BDE8F08F6FF00800E2E700BF70B50C46C96916464A031D4650
:2050200005D521F480214FF0FF33E161E3628B0304D52146FFF77AFE00B170BD15B930468A
:20504000266270BD012D03D0022D07D0206A70BD002E206A0BDB3044206270BD002E606925
:20506000F9DA73428342F6D96FF0150070BD73429842F0D2F8E700BF086A7047CB69486976
:205080009B0303D50B6A984238BF1846704700BFF0B595B014AB154643F8441D05AA09A97F
:2050A0000646FDF727FC044610B1204615B0F0BD4C220146284602F0DEFE9DF818302B7041
:2050C000112B04BF089B6B607268079B934205F108071BD00898B168884217D08B4215D006
:2050E000824213D005999DF819009DF81A300A9A0097043101449DF81B0001900B44304623
:2051000006F11401FCF7F2FE0446CEE7024B1B882B81204615B0F0BD30B5030030B58B6A6B
:20512000016099B00446002B73D0C361C86A8A69002879D0A062FF2102F09DFE4FF0FF3333
:20514000216823626361486AC30640F0C480002800F0B3800B6B002B6ED0E363D1E905035C
:20516000B3FBF0F200FB1232002A40F0C280C869B0FBF3F203FB1203002B40F0B3804FF023
:20518000FF35A0F10802B5FBF2F22A44B2FA82F2C2F12002B0EB820FC0F096800A6AA263DE
:2051A000C4E90155C4E90333012584F84030C4E90B33636302AA0DA92046CDE90235FCF79E
:2051C00079FF054660B123689A6A002A44D0DA6A002A3CD01B6B002B35D0284619B030BDDA
:2051E000202105ABCDE900310E9A102304F114012046FCF77BFE05460028E4D1404B0B9AC8
:20520000DDE906019A42C4E901012AD06FF03305D9E74869F9F77EF9E061002833D02168D8
:20522000C86A8A69002885D11046F9F773F9A06248B323689A697EE7C008F9F76BF9E063CA
:2052400008B321688AE7E06BF9F776F9C5E7A06AF9F772F92368BDE7E069F9F76DF9236885
:20526000B5E70C9AA3F18773A3F580639A42CDD10A9B1A0C012A02D06FF01505A3E79BB251
:20528000012BF9D8A9E723689A6A8AB1DA6A52B11B6B13B16FF00B059FE7E06BF9F74CF9B1
:2052A0006FF00B0599E7A06AF9F746F92368EFE7E069F9F741F92368E8E7124B124A134884
:2052C00040F6140102F002FD114B0F4A0F4840F6240102F0FBFC0F4B0B4A0C4840F61301F5
:2052E00002F0F4FC0C4B084A08484FF4026102F0EDFC0A4B044A054840F61F0102F0E6FC38
:205300006C6974740CB70300B4B50300FCB5030084B70300ECB6030054B7030024B703001B
:2053200003689A6A10B5044652B1DA6A7AB11B6B0BB1002010BDE06BF9F7FEF8002010BD30
:20534000C069F9F7F9F82368DA6A002AEFD1A06AF9F7F2F82368EAE742680121013280F8D3
:20536000401004D08368013301D001F09BB80020704700BF2DE9F04F88468246C869D1E969
:205380000141A9B00130C8F804100792C8F81C00C8F8084004937BB11E465068D36815467B
:2053A000D8F820201B1A022E134403D1E8696A6903449B1AC8F82030DAF80000002306938F
:2053C000CDE90D14C3689847D1460546002800F0798115F1340F40F037810D9B4FF0FF322F
:2053E000C9F82020002B00F04482012B0E9A00F04082012A40F23D820127BB464FF0000AB7
:20540000D9E90C53D9F8381012E05A090139581CD9F83C40C9F83810C9F8340054F8226036
:2054200003F01F0207FA02F2324200F0118103469D42EAD1002900F02282D9F80020D9F80B
:205440002C30D2E908021D44914228BF1146B5FBF0F300FB1355C9F83010C9F834A0D20853
:20546000C9F82C500021D9F83C0002F004FDD9F804300133C4D0D9F808300133C0D0012310
:2054800009F11405CDF80C80CDF83CA010930024A846D9F80060D9F82C20306AD9F8305019
:2054A000821A1444B4FBF0F100FB1141A94212D2D9F83C004C0901F01F0350F8242007FA4A
:2054C00003F3134340F82430306AD9F82C20109BD9F83050821A1A44B2FBF0F300FB132386
:2054E000AB420BD25809D9F83C1003F01F0351F8202007FA03F3134341F820300FAA1DA971
:205500004846FCF7D7FD002840F09D800C26209B16AC1CE01E9ACDE9004641464846FCF75A
:20552000E5FC002840F08F809DF859309DF85A209DF85B002099043313449DF8582003446B
:2055400002F070020B44102A209300F0A081259A22F00042043A03F10C019142DAD9DDE9FC
:205560002643601CCDE90F4301D0591C91D1D9F80C40DDF80C80002C3FF442AFCDF828805B
:20558000C846A146D9F81C30DA0304D5D9F81440002C40F037829B0304D5D9F82040002C35
:2055A00040F0EC82D9F80090B9F1000FEAD1C146DDF8288024E7DAF80430013300F04984F2
:2055C000DAF8083001331DAC0DAE00F044842246314611AB5046FCF773FF002833DB00F095
:2055E0003A84D8E90103119E159621460C360C2413909DF84B001996149312AE1694189406
:205600001A9000241C904A460123504617961B94FFF7B0FEB8B90D98DAF80420904200F0F8
:205620000E840E9BDAF808108B4200F00884884200F005849A4200F002845046FFF78CFE51
:20564000002800F088830546284629B0BDE8F08FD9F80000D9F82C20016A1344B3FBF1F230
:2056600001FB1231C8F80410D9E90C329A4221D0560902F01F0554F826600BFA05F535428D
:2056800018D0D9F8385005F1FF3C654601279C462B460AE0560902F01F0554F8266007FA40
:2056A00005F5354203F1FF3304D001326245C9E90D23EFD101230693C368984705460028C9
:2056C0007FF487AE0DF1A00A4FF0FF334AF84C3D08F11C0421465046102201F0C1FBD8F879
:2056E0000420009409F1200310241946039301942B464846FCF75EFE834628B110F1340FE3
:205700003FF46BAE05469FE709F11403264605930127D8F8203023F00043043BA34232D98A
:20572000049B9B4507DA4FEA0B13079AD518D358B34200F086801DAB00930E9A01973346FA
:2057400005994846FCF7D2FB00287FF47CAF01221DA9504601F084FB1DABD8F80420039950
:205760000093019723464846FCF724FE002840F08C80D8F8203023F000430134043BA342BF
:2057800006F10106CCD80420D8F8042003990190CDF800A023464846FCF70CFE0546002856
:2057A0007FF417AED9F82010D9F800004FF0FF339942C9F8143017D08469D9E90923009438
:2057C0008468A047054600287FF403AED9F80030D9F828009A69FF2102F04DFB4FF0FF3397
:2057E000D9F80000C9F8203003699847054600287FF4EFADD8F820704FF0FF3327F00047CB
:205800001D93043FD8F80430039309F1140B00F09682064611AC08E00136012221461DA863
:2058200001F01EFBB74200F08A820123CDE90043039A334659464846FCF758FB0028EBD0E0
:2058400001E7D5E90212504601F00AFBD5E90231D8F804204846CDE9003123460399FCF7B0
:20586000A9FD90B96A68EB680BF1010B16441C444FE76FF03305284629B0BDE8F08F6FF0BB
:205880001B05284629B0BDE8F08F0546A1E5189C002C3FF43DAED9F80010CD69013C083D15
:2058A000B4FBF5F0002800F0AD820138059102F091F80599831CA4EB8303B3FBF5F3089340
:2058C000179B0593D9F82CC0D9F83040059A0B6ACDF82C80084661461A44511AB1FBF3F2AC
:2058E00003FB1213A3420BD25C09D9F83C1003F01F0351F8242007FA03F3134341F82430C5
:20590000089B002B00F0918203F00103C3F10203026A09939D00059B934280F0808211ABBE
:2059200006934FF000081AE04368B8FBF1F201FB12829C46002A00F04D82059CC9F814403B
:20594000A8EB0202D9F81C30C9F81820009121466446A04700287FF476AED9F80000D9F8B0
:205960001430059A41699A42DED1D9F818304345DAD85A184245D7D9A2EB0802D9F81C107F
:205980000698A8EB0303AA4228BF2A4619441446AD1A904402F04BFA069B23440693D9F892
:2059A0000000002DDBD1099BD9F82C10D9F830405D1E012D036A1AD1119A521A02EB030C08
:2059C000BCFBF3F203FB12C2A24210D25409D9F83C1002F01F0251F8243005FA02F2134320
:2059E00041F82430D9F82C10036AD9F8304028AA02EB850CDDE90825521B08925CF85C2C39
:205A0000059269E7D8F80010CD69013C083DB4FBF5F0002800F0FA810138039101F0DAFF49
:205A200003990230A4EB8004B4FBF5F30693D9F810300393D8F82C400B6AD8F83000039A60
:205A4000CDF814901A44141BB4FBF3F203FB124383420BD25C09D8F83C0003F01F0350F8F9
:205A6000242007FA03F3134340F82430069B002B00F0DF8103F00103C3F102030A6A08932E
:205A80009D00039B934280F0CA810DF1440900240846059B039ADB6A9A4224D0D8F8143018
:205AA000039A46699A4200F02481B4FBF6F2436806FB12429C46002A00F076810399D8F833
:205AC0001C30C8F81410A21AC8F8182000966646B04700287FF4B7AD059B039ADB6AD8F858
:205AE00000009A42DAD1059B1A6BA242D6D883691344A342D2D905991B1B496BAB4228BF39
:205B00002B46A21A11441E461A464846AD1A02F08EF93444B144D8F80000002DB9D1089BDA
:205B2000D8F82C4001465D1E012DD8F830000B6A19D1119A121B1A44B2FBF3F603FB1622D8
:205B4000824210D2D8F83C40560902F01F0354F8260005FA03F3034344F82630D8F82C4065
:205B60000B6AD8F83000089E28AA02EB8505069A921B069255F85C2C039263E7D8F8001048
:205B8000CD69013C083DB4FBF5F0002800F03C810138039101F01EFF03990230A4EB800428
:205BA000B4FBF5F30593D9F824300393D8F82C400B6AD8F83000039ACDF818901A44141BB3
:205BC000B4FBF3F203FB124383420BD25C09D8F83C0003F01F0350F8242007FA03F31343DD
:205BE00040F82430059B002B00F0158103F00103C3F102030A6A08939D00039B934280F089
:205C00000E810DF1440900240846069B039ADB6A9A4223D0D8F81430039A46699A427BD05F
:205C2000B4FBF6F2436806FB12429C46002A00F0A5800399D8F81C30C8F81410A21AC8F894
:205C4000182000966646B04700287FF4FCAC069B039ADB6AD8F800009A42DBD1069B1A6B8F
:205C6000A242D7D883691344A342D3D906991B1B496BAB4228BF2B46A21A11441E461A461A
:205C80004846AD1A02F0D3F83444B144D8F80000002DBAD1089BD8F82C405D1E012D01462E
:205CA000036AD8F8300019D1119A121B1A44B2FBF3F603FB1622824210D2D8F83C4056093A
:205CC00002F01F0354F8260005FA03F3034344F82630D8F82C400B6AD8F83000089E28AA48
:205CE00002EB8505059A921B059255F85C2C039264E7D8F81830A3423FF6D7AE9A19A24247
:205D00007FF6D3AE121BD8F81C10AA4228BF2A46E31A16461944F8E6D8F81830A3423FF65B
:205D20007FAF9A19A2427FF67BAF121BD8F81C10AA4228BF2A46E31A16461944A0E71D9A9F
:205D4000159B9A427FF449AB5346CA469946069B002B7FF430ACDAF81030002B3FF474AC1D
:205D6000D8E901125C688C4252D0986890424FD094424DD081424BD01B68EEE7B542FFF497
:205D800058AFB5FBF6F306FB1353ED1A099300954B46224603996646B04700287FF453ACF2
:205DA000A9442C44099D71E7B542FFF487AEB5FBF6F306FB1353ED1A099300954B46224638
:205DC00003996646B04700287FF43DACA9442C44099DA0E68D42FFF4B0ADB5FBF1F401FBC7
:205DE0001453ED1A0A930095069B059942466446A04700287FF427AC069B2B44A8440693A8
:205E00000A9DCCE508905BE50590CCE606900EE6C3E90112B0E7DDF81890FFF7C3BB194BD6
:205E2000194A1A48122101F051FFDDF82C80FFF76EBBDDF81490D9F81C30FFF7ACBBD8F8C6
:205E40000430CAF80430D8F80830CAF80830FFF7F4BB1DAC0DAE314622465046FCF700FF86
:205E60000028FFF6F0AB3FF476AF2146D8E90104002326901A4650462794FFF77BFAFFF7FA
:205E8000DFBB00BFDCB5030058B50300FCB503002DE9F04F9DB000F1140882468B46914632
:205EA0000593474699F8053099F8060099F80740DAF80020DBF82010D26904330344234473
:205EC0000B44934240F28A80002980F2A180DBE909234FF00008CDE9028909920A9309AB42
:205EE000394653F828501023019311AB00932A4600235046FBF7FAFF00283DD1029B2BB187
:205F0000119BDBF81C209B1A002B59DB129B23F00043132B54D9DAF80020D26993424FD81B
:205F20000DF170094FF0FF3349F8503D102211A9484600F095FF129E26F00043102B25D074
:205F4000CDF8108010240DF11F06984604E0484600F086FFA04517D00123CDE900632A4657
:205F6000234639465046FBF7C1FF0122314614440028ECD0DDF8108010F1340F20D0034639
:205F800018461DB0BDE8F08FDDF81080089B08F10104ABB911AB0FCB04F001041CAE06EBFE
:205FA0008404CBF8045054F84C4CCBF8084010250BF11C04CBF80C5084E80F0001230293AF
:205FC000B8F1000F07D0DDE90239002B7FF46AAF6FF03303D4E74FF0010880E74D460B1FBE
:205FE00045F8043B059F139500261193159311AA594650460C250223CDE91774129616968C
:206000001495FFF7B7F9034618461DB0BDE8F08F5D460FCD11AC0FC40FCD0FC495E8070057
:2060200084E8070059465046FDF738FB03460028A6D1DBF820201A99CBF824104846043A20
:206040001B99CBF8281040F8042B0A9399F807100E93059B0F93099202230D9210910B9067
:206060000C2409AA594650460C94FFF783F90346002885D1DBE90114199A1A9142F0004581
:2060800011A91A46504619951B94FFF773F9034676E700BF2DE9F041537996790D46043380
:2060A000D179334414462A6A0B4403F1140122F000428A428EB0064664D003AF206804932A
:2060C0003A4603900027012329463046CDE90577FFF750F900284FD1F36823B34FF0FF371E
:2060E0000BE0D3F808E0D5F808C0E64509D0624507D0714505D01B68ABB15A6869688A4222
:20610000EFD1DA6821688A4239D0F4D9617994F806E094F807C0043171446144521ADA607E
:206120001B68002BE9D1336953B925E09F68AE68B74209D0B24207D0B94205D01B68DBB1B1
:206140005A6869688A42F1D1D96822689142F5D96279A779E67904323A4432448A1ADA6050
:206160006279A779E679996904323A4432448A1A9A611B68002BE3D10EB0BDE8F081C3E918
:206180000177B8E74368013324D08368013321D0002203AF01230192394601AA0293FBF7C9
:2061A00089FF90BB0C9B5A1C15D0DDF834C0BCF1FF3F0CAA394630460DD0D5F804E09E453A
:2061C00009D0D5F80880E04505D0434503D0E645E5D100E003AF0B9A002A06DB6379A17923
:2061E000E27904330B44134468E7D5E90831AC6A0C9163F0004500231540394630461A4609
:206200000B950D94FFF7B6F8B6E70028B4DBE2E72DE9F0478B6A0160A6B00446002B62D0DC
:20622000C361C86A8A69002869D0A062FF2101F022FE4FF0FF33226823626361536AD906A1
:2062400040F00481002B00F0FA80106B00285FD0E063D2E90553B3FBF5F105FB11310029CD
:2062600040F00981D169B1FBF3F503FB1515002D40F0FA804FF0FF36A1F10803B6FBF3F3EF
:206280003344B3FA83F3C3F12003B1EB830FC0F0E480526A25612946D208C4E9026584F830
:2062A0004050666001F0E7FD2368E562D3E90823934228BF1346C4E90C35A26310A92046D3
:2062C000FDF7ECF9054600282AD023689A6A002A7FD0DA6A002A77D01B6B002B70D028465C
:2062E00026B0BDE8F0874869F8F714F9E061002800F08A802168C86A8A69002895D110460A
:20630000F8F708F9A06200287ED023689A698DE7D808F8F7FFF8E063002875D0226898E794
:206320001BA92046FDF7BAF905460028CDD1034602461BA92046FFF71DF805460028C4D1AD
:20634000206850491C9AADF82250D0E9073603C90EAF87E80300A9460B9310251D9B0C9642
:20636000082041F22E464FF001116260099219923422ADF82060A3600A931A930795AA46A1
:206380008DF823000D9118924FF0020808AF2026012303AA10A92046CDE903A6CDE9057647
:2063A000FEF7E8FF0546C8B110F1340F8DD1B8F1010F16D1B9F1000F16D16FF0330584E759
:2063C000E06BF8F7B9F88AE7A06AF8F7B5F8236882E7E069F8F7B0F823687AE74FF00109B2
:2063E000E5E74FF00108D3E7002310A901AA2046CDE90138FBF75EFE054600287FF465AFAB
:2064000023681A6AA26361E723689A6A92B1DA6A5AB11B6B2BB16FF00B05284626B0BDE845
:20642000F087E06BF8F788F8F5E7A06AF8F784F82368EEE7E069F8F77FF82368E7E7124B15
:20644000124A134840F6140101F040FC114B0F4A0F4840F6130101F039FC0F4B0B4A0C488E
:2064600040F6240101F032FC0C4B084A08484FF4026101F02BFC0A4B044A054840F61F01A5
:2064800001F024FCD0B703000CB70300B4B50300FCB50300ECB6030084B7030054B703008A
:2064A00024B703002DE9F04FBBB083462C22002119A801F0E0FC4FF00043282224A80021BF
:2064C000219301F0D8FCDBF800301B6A01222E92002B00F04981002303932DAA24A95846F8
:2064E000FBF7E8FD079048BB219B002B7ADBDBF80430013300F04281DBF80830013300F0D2
:206500003D810DAB2FAA22A95846FBF7D9FF002813DB00F033810F9C229B109D239A9C428F
:2065200000F03881944200F03B81002319A958461A46CDE92245FEF71DFF079007983BB0FE
:20654000BDE8F08F03460C2001900EA80090259A59465046FBF7CAFC002840F0AD809DF805
:2065600039209DF83A309DF83B50279C2A989DF838100D9404321A442A44A31802442A92E1
:206580000A06279330D5DAF804300133D34610D0DAF8083001330CD00FA95046FCF7B6F8F0
:2065A0000028CADB40F0D7809DF838100D9C9DF83B50119401F07F0104F10C0200208DF823
:2065C00038100EA90C2615921391CDE91705012311AA24A95846169512961496FEF7CAFE69
:2065E0000028AAD1279BDA462C9921F00042043A03F10C00904240F2BE80002980F2A780BC
:206600000AF1140BDDE92D2300250B920C93A8464FF010090BAB594653F82570CDF8049015
:206620002FAB00933A4600235046FBF75FFC00283FD1B8F1000F04D02F9B2B9A9B1A002B34
:2066400072DB309B23F00043132B6DD9DAF80020D269934268D83AAB4FF0FF3143F8C01D9A
:20666000102218462FA9049300F0FAFB309B23F00042102A44D0CDE9058510240DF1270629
:206680001546DDF8108004E0404600F0E9FBA54234D00123CDE900633A46234659465046B6
:2066A000FBF724FC0122314614440028ECD0DDE9058510F1340F37D0831CD3467FF43DAF40
:2066C00024AD0FCD19AC0FC40FCD0FC495E8070084E80700DBF80030039A1B6A01329A429B
:2066E000039241D22D9B01333FF428AF2E9B01337FF4F3AE07983BB0BDE8F08FDDE90585DD
:206700000A9B6C1C83B92FAB0FCB2BAE04F0010486E80F003AAB03EB8404259754F8BC3CB2
:20672000CDE926394FF001089DB1B8F1000F1BD02C992A9A21F00043043B143210201B2B33
:206740002A9227903FF6FEAE0029FFF65BAFD346B6E701255EE70DAA24A95846FFF79AFCEE
:2067600000283FF43FAFE8E66FF03303079307983BB0BDE8F08F0AF1140BE4E6DDE92D54FA
:20678000002319A958461A46CDE92254FEF7F2FD0790D3E6AA423FF425AF94427FF4C5AE07
:2067A000AB427FF4C2AE1DE770B590F840309CB00546019163B943680122013380F84020C9
:2067C00006D08368013303D0FFF76CFE044660B901AB02AA06A92846FCF78CF8831C044659
:2067E00006D0002808BF6FF0100420461CB070BD2F21019802F0D7F90028F6D12B681B6A50
:20680000AB6311A92846FCF749FF04460028ECD1DDE90F3602461A9311A9034628461B96B6
:20682000FEF7A8FD04460028DFD1019E8DF80E0040F622033046ADF80C3002F0E5F933466F
:20684000DDE912648DF80F0002AA06A928460594109404960F96FFF71BFB04460028C4D110
:206860002B681B6AAB63C0E72DE9F0431F4691B003F00303012B0C460092054603D090F8AD
:206880004030002B4ED001AA05A96B462846FCF731F8064600283FD19DF80830222B00F01D
:2068A0009380BB0500F18D80DDE9062001996260039AA0600023C4E906372362C4E90312CE
:2068C000049B63617A0506D5002B3DD14FF0FF320023C4E904232B68586B4FF0FF32E26251
:2068E000002859D0EB68002B61D16063E36903F003034FF0FF36012BE66205D02B68FF211F
:206900009A6901F0B8FAE662EB68236000263046EC6011B0BDE8F083023019D0304611B0A0
:20692000BDE8F08343680122013380F84020AAD083680133A7D0FFF7B5FD06460028A2D0C7
:20694000304611B0BDE8F08347F48037E761BDE7DDF800902F21484602F025F980460028C9
:20696000DCD1F905DAD540F611034846ADF808308DF80A8002F048F94FF0FF368DF80B00C2
:206980004B4601AA05A92846CDE90368FFF780FA0646002888D0C1E7E26902F00302012A2D
:2069A00008D09869F7F7B6FD606300289ED16FF00B06B3E75869F7F7ADFD6063002895D14F
:2069C000F5E76FF01006A9E76FF01406A6E700BF2DE9F041CB690C4659039AB0064605D578
:2069E00023F480234FF0FF32E361E2629A030AD521463046FEF79AF9054618B128461AB0B8
:206A0000BDE8F081E36903F41023B3F5803F04D0002528461AB0BDE8F08163680133F7D076
:206A2000A3680133F4D00FA9221D3046FBF742FB05460028E2D1E068049504AF4FF00C08AA
:206A40000346CDE900780390C7E90155109A06F114013046FBF74AFA05460028CED19DF81D
:206A60001030112B20D1039B22690997304603F10C070D9566699DF81350079305920FA911
:206A8000012307AA0C950E95CDF82080CDF828800B970696FEF76EFC05460028AED1E36930
:206AA00023F48033E361A9E7034B044A044840F2136101F00BF900BF9CB6030098B5030051
:206AC000FCB50300F0B5CB690C4659039BB0054605D523F480234FF0FF32E361E2629A03BC
:206AE00022D521462846FEF721F90646D8B1EA6842B1944203D163E09C4263D01A461368C8
:206B0000002BF9D1A36923B11B6813B130461BB0F0BD2B685B6B002BF8D1606BF7F70CFD5C
:206B200030461BB0F0BDE36903F41023B3F5803F01D00026DBE763680133FAD0A3680133C9
:206B4000F7D00FA9221D2846FBF7B4FA06460028CDD1E068039004A90C270346CDE9001786
:206B6000109A049605F114012846CDE90566FBF7BDF906460028BAD19DF81030112B24D18A
:206B8000039B0D9004AA6069099203F10C029DF8136008970A97079327690B9206900FA949
:206BA000012307AA28460C960E960597FEF7E2FB064600289BD1E36923F48033E36196E727
:206BC00005F10C02236813609CE7034B034A044840F2136101F07AF89CB6030098B503009B
:206BE000FCB50300F0B590F84030ADB0044601917BB943680122013380F8402009D0836839
:206C0000013306D0FFF74EFC054610B128462DB0F0BD0BA901AB07AA2046FBF76BFE054609
:206C20000028F3D19DF82030222B00F0BF809DF821309DF822009DF82310139A0433034477
:206C40000B4403F1140122F000428A4200F0948021AE0798229332462190002601230BA96E
:206C60002046CDE92366FEF785FB002840F09780E36823B39DF821609DF822109DF82320B5
:206C8000DDF81CC00E440436DDE90C0716444FF0FF3E08E09968B94208D0BA4206D08842B0
:206CA00004D01B685BB15A688242F3D1DA68624579D084BF921BDA601B68002BF3D12369CD
:206CC00023B39DF821109DF822009DF82320DDF81CC001440431DDE90C67114408E09868E8
:206CE000B84208D0BA4206D0864204D01B686BB15A68B242F3D1DA686245F7D99869521A15
:206D0000401ADA6098611B68002BF1D19DF82030222B7FF47BAF6368013326D0A368013373
:206D200023D000200123059005AA0BA920460693FBF7C0F90546A8B17CE0159A511C14D07A
:206D40001799994279D01898904276D0834274D0914272D014AA0BA92046FBF7ABF90546C0
:206D6000002867D1149B581CE7D13A4B3A4A3B4840F26E7100F0AAFF6368013344D0A36884
:206D8000013341D0002021AE01230390314603AA20460493FBF78EF930B3002827DA054617
:206DA00028462DB0F0BDC3E901EE7AE709AA16A92046FBF77FF900283FF439AF0546EFE739
:206DC0002B9A571C13D00C99994210D00D9890420DD083420BD0914209D02AAA31462046E7
:206DE000FBF768F90028D8D12A9B5A1CE8D1299A002A0BDB9DF821309DF822109DF8232023
:206E000004330B44134424E721AEF0E7DDE9133163F00040104000232A91299031461A4689
:206E2000159E2B962046FEF7A5FA00283FF46EAF0546B5E7002DFFF6E9AE2046DDE91F542D
:206E400000230BA91A46CDE91454FEF793FA0546DCE600BFDCB70300A8B50300FCB50300E5
:206E6000E2B170B4013A04680D4D8E18013911F8013F83EA040202F00F028E4255F822205C
:206E800082EA141484EA131303F00F0355F8233083EA1414EBD1046070BC7047704700BF17
:206EA000E0B7030010B5034B03600446FAF7C4FA204610BD28B8030010B5054B03600446F1
:206EC000FAF7BAFA2046F9F753FE204610BD00BF28B8030008B500F007F9002008BD00BF40
:206EE00070B501F55A61CC0182B004F18006FF25012220460DF1070114448DF8075000F06B
:206F0000F9F8A642F4D1002002B070BD08B501F55A6102EBC1101946029A00F0EBF8B0FA30
:206F200080F04009404208BD08B501F55A6102EBC1111846029A00F0F5F80028CCBF00207A
:206F40000120404208BD00BF38B500210546FAF793FA98B94FF4DA24204600F0EBF804F56F
:206F6000805458B1B4F5E82FF6D12846FAF7A6FA28460021BDE83840FAF77EBA38BD00BF25
:206F800010B5074C07492046FAF75EFA064B23602046064A0649BDE8104000F0B1B900BFF3
:206FA0009C4C00203036002028B8030000360020A56E030029DF704728DF704712DF7047CF
:206FC00008B500F025FFB0FA80F0400908BD00BF10B5144600F02BFF204610BDF0B5194E81
:206FE000316883B0054629B3174F2D0B14242846FFF7E2FF034698B90DF107008DF8073028
:20700000FFF7DCFF9DF8073013B9012003B0F0BD4FF0FF313068F7F789FF3B68022BF4D075
:207020000120F7F739FA631E13F0FF04DFD1002003B0F0BD03220120F7F7BCFA30600028B5
:20704000D2D1F4E7405D0020803600202DE9F047DFF864A0DFF8649082B0904607460E4683
:20706000950814242A4631463846FFF7A3FF0346B0B90DF107008DF80730FFF79FFF9DF8A2
:2070800007301BB9404602B0BDE8F0874FF0FF31DAF80000F7F74AFFD9F80030022BF1D02A
:2070A0000120F7F7F9F9631E13F0FF04DAD1A046404602B0BDE8F087405D002080360020D0
:2070C000074B1A6852B130B4064D0446002310462C601A46194630BCF7F7E0BA704700BFAA
:2070E000405D002080360020014800F0A5B800BF6836002010B4094CA0420AD3B0F5E82F56
:2071000007D213465DF8044B0A460146044800F049B84FF0FF305DF8044B7047006002009A
:207120006836002013460A460146014800F0A4B868360020F0B5194E316883B0054629B34F
:20714000174F2D0B14242846FFF736FF034698B90DF107008DF80730FFF730FF9DF8073074
:2071600013B9012003B0F0BD4FF0FF313068F7F7DDFE3B68022BF4D00120F7F78DF9631E48
:2071800013F0FF04DFD1002003B0F0BD03220120F7F710FA30600028D2D1F4E7405D002088
:2071A000803600202DE9F04F83B00193002B3CD0DFF8809005460E4690461F46C6F30B0A17
:2071C000CAF580542B69BC4206EA090B28BF3C465B4520D0184601334FF4805213D0EB68B0
:2071E00013B16969984770B91120FAF7BBF82B68286998476B68D5E904014FF4805298478F
:207200001120FAF7BDF8C5F810B05946AB6868694FF480529847686941462246504400F05F
:2072200006FE3F1B2644A044C8D1019803B0BDE8F08F00BF00F0FFFF38B503695A1C1AD033
:20724000C56804462DB118464FF480526169A84770B91120FAF786F8236820699847636826
:20726000D4E904014FF4805298471120FAF788F84FF0FF33236138BD2DE9F84304691D46AB
:20728000631C06468846174607D1B368394640462A4698472846BDE8F883944224D92A44E2
:2072A00094428368F2D204F580529742EED2E41B22463946404698474FF4805908EB040087
:2072C0002A1B00219145736928BF91464A4619444C4400F0ACFDA542DCD9B368391908EBC6
:2072E00004002A1B9847D5E704F580539A42CCD2391BC1F580592A4640460024E2E700BFDF
:207300000B460146184600F0FFBC000082B08DED010A019BC3F3C752002BA2F17F01B4BFF9
:207320004FF0FF3001201E2912DC002918DBC3F31603162943F4000317DC4FF480020A4122
:207340001344C1F11701CB4003FB00F002B07047DDED017AFDEEE77A17EE900A02B0704711
:20736000013118BF002002B07047963A9340EBE781F0004102E000BF83F0004330B54FEADF
:2073800041044FEA430594EA050F08BF90EA020F1FBF54EA000C55EA020C7FEA645C7FEA3C
:2073A000655C00F0E2804FEA5454D4EB5555B8BF6D420CDD2C4480EA020281EA030382EAA6
:2073C000000083EA010180EA020281EA0303362D88BF30BD11F0004F4FEA01314FF4801C2E
:2073E0004CEA113102D0404261EB410113F0004F4FEA03334CEA133302D0524263EB4303FC
:2074000094EA050F00F0A780A4F10104D5F1200E0DDB02FA0EFC22FA05F2801841F1000169
:2074200003FA0EF2801843FA05F359410EE0A5F120050EF1200E012A03FA0EFC28BF4CF0BD
:20744000020C43FA05F3C01851EBE37101F0004507D54FF0000EDCF1000C7EEB00006EEB87
:207460000101B1F5801F1BD3B1F5001F0CD349085FEA30004FEA3C0C04F101044FEA44521F
:2074800012F5800F80F09A80BCF1004F08BF5FEA500C50F1000041EB045141EA050130BD84
:2074A0005FEA4C0C404141EB010111F4801FA4F10104E9D191F0000F04BF01460020B1FA1F
:2074C00081F308BF2033A3F10B03B3F120020CDA0C3208DD02F1140CC2F10C0201FA0CF0E2
:2074E00021FA02F10CE002F11402D8BFC2F1200C01FA02F120FA0CFCDCBF41EA0C01904060
:20750000E41AA2BF01EB0451294330BD6FEA04041F3C1CDA0C340EDC04F11404C4F12002B2
:2075200020FA04F001FA02F340EA030021FA04F345EA030130BDC4F10C04C4F1200220FA38
:2075400002F001FA04F340EA0300294630BD21FA04F0294630BD94F0000F83F4801306BFF1
:2075600081F480110134013D4EE77FEA645C18BF7FEA655C29D094EA050F08BF90EA020F56
:2075800005D054EA000C04BF1946104630BD91EA030F1EBF0021002030BD5FEA545C05D100
:2075A0004000494128BF41F0004130BD14F580043CBF01F5801130BD01F0004545F0FE4115
:2075C00041F470014FF0000030BD7FEA645C1ABF194610467FEA655C1CBF0B46024650EA4A
:2075E000013406BF52EA033591EA030F41F4002130BD00BF90F0000F04BF0021704730B57F
:207600004FF4806404F132044FF000054FF0000150E700BF90F0000F04BF0021704730B58F
:207620004FF4806404F1320410F0004548BF40424FF000013EE700BF42004FEAE2014FEA6F
:2076400031014FEA02701FBF12F07F4393F07F4F81F06051704732F07F4208BF704793F09D
:207660007F4F04BF41F40021704730B54FF4607401F0004521F000411CE700BF50EA0102E9
:2076800008BF704730B54FF000050AE050EA010208BF704730B511F0004502D5404261EBCE
:2076A00041014FF4806404F132045FEA915C3FF4D8AE4FF003025FEADC0C18BF03325FEA7D
:2076C000DC0C18BF033202EBDC02C2F1200300FA03FC20FA02F001FA03FE40EA0E0021FAC1
:2076E00002F11444BDE600BF80F0004002E000BF81F0004142001FBF5FEA410392EA030F9F
:207700007FEA226C7FEA236C6AD04FEA1262D2EB1363C1BFD218414048404140B8BF5B4258
:20772000192B88BF704710F0004F40F4000020F07F4018BF404211F0004F41F4000121F0C5
:207740007F4118BF494292EA030F3FD0A2F1010241FA03FC10EB0C00C3F1200301FA03F1CD
:2077600000F0004302D5494260EB4000B0F5000F13D3B0F1807F06D340084FEA310102F130
:207780000102FE2A51D2B1F1004F40EBC25008BF20F0010040EA03007047490040EB00003D
:2077A00010F4000FA2F10102EDD1B0FA80FCACF1080CB2EB0C0200FA0CF0AABF00EBC25084
:2077C00052421843BCBFD0401843704792F0000F81F4000106BF80F400000132013BB5E7D2
:2077E0004FEA41037FEA226C18BF7FEA236C21D092EA030F04D092F0000F08BF0846704796
:2078000090EA010F1CBF0020704712F07F4F04D1400028BF40F00040704712F100723CBFC9
:2078200000F50000704700F0004343F0FE4040F4000070477FEA226216BF08467FEA23630E
:207840000146420206BF5FEA412390EA010F40F4800070474FF0000304E000BF10F000430E
:2078600048BF40425FEA000C08BF704743F0964301464FF000001CE050EA010208BF704763
:207880004FF000030AE000BF50EA010208BF704711F0004302D5404261EB41015FEA010CC1
:2078A00002BF84460146002043F0B64308BFA3F18053A3F50003BCFA8CF2083AA3EBC253C8
:2078C00010DB01FA02FC634400FA02FCC2F12002BCF1004F20FA02F243EB020008BF20F03F
:2078E0000100704702F1200201FA02FCC2F1200250EA4C0021FA02F243EB020008BF20EA57
:20790000DC7070477BB972B90029BEBF00204FF0004106E008BF00281CBF6FF000414FF030
:20792000FF3000F0D1B9ADF1080C6DE904CE002909DB002B1ADB00F061F8DDF804E0DDE9CF
:20794000022304B07047404261EB4101002B1BDB00F054F8DDF804E0DDE9022304B0404250
:2079600061EB4101524263EB43037047524263EB430300F043F8DDF804E0DDE9022304B0EF
:20798000404261EB41017047524263EB430300F035F8DDF804E0DDE9022304B0524263EBA1
:2079A0004303704753B94AB9002908BF00281CBF4FF0FF314FF0FF3000F086B9ADF1080C0A
:2079C0006DE904CE00F01AF8DDF804E0DDE9022304B07047430803F05533C01A830803F050
:2079E000333300F03330184400EB101000F00F3000EB002000EB0040000E70472DE9F047F0
:207A0000089E04468846002B4BD18A42154667D9B2FA82F24AB1C2F1200701FA02F320FAFB
:207A200007F7954047EA030894404FEA154E230CB8FBFEF71FFA85FC0EFB178843EA084336
:207A400007FB0CF1994209D9EB1807F1FF3080F01B81994240F21881023F2B445B1AA4B213
:207A6000B3FBFEF00EFB103344EA034400FB0CFCA44509D92C1900F1FF3380F00781A44592
:207A800040F2048102382C4440EA0740A4EB0C0400271EB1D4400023C6E900433946BDE832
:207AA000F0878B4209D9002E00F0EB800027C6E9000138463946BDE8F087B3FA83F7002FD1
:207AC00047D18B4202D3824200F2FA80841A61EB030301209846002EE0D0C6E90048DDE734
:207AE00002B9FFDEB2FA82F2002A40F08F80491B4FEA154E1FFA85F80127B1FBFEFC230CD2
:207B00000EFB1C1143EA014308FB0CF1994207D9EB180CF1FF3002D2994200F2CD8084461C
:207B2000591AA3B2B1FBFEF00EFB101443EA044408FB00F8A04507D92C1900F1FF3302D245
:207B4000A04500F2B6801846A4EB080440EA0C409FE7C7F1200CBB4022FA0CFE4EEA030ED5
:207B600001FA07F420FA0CF521FA0CF34FEA1E482543B3FBF8F92C0C08FB19331FFA8EFA0C
:207B800044EA034309FB0AF49C4202FA07F200FA07F10BD91EEB030309F1FF3080F0878017
:207BA0009C4240F28480A9F1020973441B1BADB2B3FBF8F008FB103345EA034400FB0AFA6F
:207BC000A24508D91EEB040400F1FF336BD2A24569D90238744440EA0940A0FB0289A4EB29
:207BE0000A044C45C2464B4654D351D0002E69D0B1EB0A0564EB030404FA0CFCFD40FC401E
:207C00004CEA0505C6E90054002747E7C2F1200320FA03F7954001FA02F021FA03F34FEAD6
:207C2000154E3843010CB3FBFEF71FFA85F80EFB173341EA034107FB08F38B4204FA02F4A0
:207C400007D9691807F1FF3C2FD28B422DD9023F2944CB1A81B2B3FBFEF00EFB103341EAE3
:207C6000034100FB08F38B4207D9691800F1FF3C17D28B4215D902382944C91A40EA0747CA
:207C80003BE73746304609E70746E7E61846FBE64145ABD2B8EB020A69EB0E0201381346DE
:207CA000A4E76046E9E7184695E76746D1E781467CE702382C4447E7ACF1020C2B442FE752
:207CC000384608E73746E9E6704700BF1FB51C46094B1B680546D86852B1084B0091CDE940
:207CE000013207492B46224600F036F801F02EF9044B1A46F2E700BF8436002030B80300E6
:207D00003DB803006BB8030010B5054C13462CB10A4601460220AFF3008010BD2046FCE708
:207D200000000000014B1868704700BF8436002008B5074B044613B10021AFF30080054B77
:207D40001868836A03B19847204603F0E5F900BF000000006CB803000EB403B5014603AB97
:207D6000054853F8042B0068019300F06DF902B05DF804EB03B070478436002070B50D4E30
:207D80000D4CA41BA4100025A54209D10B4E0C4C03F0C4F9A41BA4100025A54205D170BD4E
:207DA00056F8253098470135EEE756F8253098470135F2E7543800205438002054380020A1
:207DC00074380020D0F8EC0070470000024B0146186800F0B5B800BF84360020024B0146CE
:207DE000186800F05FB800BF8436002082B001B901A942B14BB113780B601278101C18BF5B
:207E0000012002B070471046FBE76FF00100F8E730B50024A24201D1002007E0035D013406
:207E20000D1915F8015CAB42F4D0581B30BD10B5431E0A44914200D110BD11F8014B03F86C
:207E4000014FF7E7884210B501EB020307D8421E99420AD011F8014B02F8014FF8E783423D
:207E6000F5D98118D21AD34200D110BD13F8014D01F8014DF7E702440346934200D1704792
:207E800003F8011BF9E738B502FB01F4214600F057F8054618B122460021FFF7ECFF28467A
:207EA00038BD000038B50546002945D051F8043C0C1F002BB8BFE41802F0D2F81F4A136865
:207EC000104633B9636014602846BDE8384002F0C8B8A3420CD921686218934204BF1A6845
:207EE0005B68636004BF521822600460ECE713465A680AB1A242FAD919685818A0420BD1DA
:207F000020680144581882421960DDD1106852685A6001441960D7E702D90C232B60D3E782
:207F2000206821188A4204BF11685268626004BF091821605C60C7E738BD00BF445D0020B8
:207F400070B5CD1C25F0030508350C2D38BF0C25002D064601DBA94203D90C23336000205A
:207F600070BD02F07DF8214A1468214691B9204C23681BB9304600F0D7FD2060294630466B
:207F800000F0D2FD431C24D10C233360304602F068F8E4E70B685B1B18D40B2B0FD90B601B
:207FA000CD50CC18304602F05CF804F10B00231D20F00700C31AD3D05A42E250D0E78C42DA
:207FC0004B6816BF636013600C46EBE70C464968CCE7C41C24F00304A04205D0211A3046A6
:207FE00000F0A2FD0130CFD02560DBE7445D0020485D00209368013B002B10B4936008DA5A
:208000009469A34201DB0A2903D15DF8044B00F0CFBE1368581C1060197008465DF8044BA0
:208020007047F8B506460F461446D518AC4201D1002007E03A4614F8011B3046FFF7DAFF40
:20804000431CF3D1F8BD00002DE9F04F9DB00C4617460393064618B183690BB901F0B4FEF9
:208060007B4B9C4257D17468A38918075DD52369002B5AD00023099320238DF829303023C7
:208080008DF82A304FF0010BB846454615F8013B0BB1252B54D1B8EB070A0BD053463A460B
:2080A00021463046FFF7BDFF013000F0C280099B5344099398F80030002B00F0BA800023BF
:2080C0004FF0FF32CDE90523049307938DF853301A93A846052218F8011B5E4801F070FF25
:2080E000049B78BBD90644BF20228DF853201A0744BF2B228DF853202A782A2A2AD0079A98
:20810000A84600200A25414611F8013B303B092B69D960B324E0504B9C4201D1B468A3E76D
:208120004E4B9C4208BFF4689EE72146304600F09FFE00289ED04FF0FF301DB0BDE8F08FC1
:20814000A846A2E7434A801A0BFA00F0184304904546BEE7039A111D12680391002A01DB8E
:20816000079204E0524243F002030792049398F800302E2B0ED198F801302A2B38D1039BD1
:208180001A1D1B680392002BB8BF4FF0FF3308F102080593324D98F800100322284601F03F
:2081A0000FFF40B14023401B03FA00F0049B034308F10108049398F800102A488DF82810C8
:2081C000062208F1010701F0FBFE002837D0264B1BBB039B073323F0070308330393099BAC
:2081E0004B44099350E705FB0232012088468AE7002308F10108059319460A25404610F8B0
:20820000012B303A092A03D9002BC3D00591C1E705FB012101238046F0E703AB0093224631
:20822000124B04A9304600F0B7F8B0F1FF3F8146D5D1A3895B063FF57EAF09987DE703AB32
:2082400000932246094B04A9304600F05BFBECE7F0B903007AB8030010BA0300D0B9030059
:2082600080B8030084B8030099830300238003002DE9FF4755EC104B0D9FDDF830A0002D49
:208280000E4691461946B8BF22462B4627F02007BBBF05F100431D4600232D23B8BF14466C
:2082A000462F0B7004D0452F00D10136022100E0032103AB019302AB00933246534645EC93
:2082C000104B00F0D9FE472F804602D119F0010F26D0462F08EB060911D198F80030302BEA
:2082E0000AD1002200232046294602F06DFE18B9C6F10106CAF80060DAF80030994400227A
:2083000000232046294602F05FFE38B93022039B4B4505D2591C03911A70F8E7CDF80C90FB
:20832000039B0E9AA3EB08034046136004B0BDE8F087F7B500290446BABF49422D232B23D4
:20834000092904F8022B437020DD0DF107031F460A2691FBF6F506FB15113031092D03F845
:20836000011C03F1FF32294609DC3031023B02F8011CBB42224604D3101A03B0F0BD134693
:20838000E7E713F8012B04F8012BF2E7302319448370021DC170EFE72DE9F04F8DB00C462A
:2083A000DDF8588016461F46054601F097FD03680493184600F028FC00230A93D8F800304B
:2083C0000590073323F0070303F1080294F818A0D4F800B0C8F80020D3E90023C4E9122352
:2083E000D4E9128929F000430793CDF818804FF0FF32A74BDDE9060102F018FE70BB4FF031
:20840000FF32A34BDDE9060102F0F2FD30BB002200234046494602F0E1FD10B12D2384F8ED
:2084200043309C4A9C4BBAF1470F8CBF9046984603232BF00402236122604FF000090097D0
:2084400033460BAA2146284600F0E6F9013040F08D804FF0FF300DB0BDE8F08F42464B4674
:208460004046494602F0E2FD10B18C4A8C4BDAE761684B1C4BF480620AA83ED106236360E9
:208480000023CDE9020309AB009349EC108B0DF123032260CDF804A061682846FFF7E8FEC5
:2084A0000AF0DF03472B804609D1099BD81C02DB6268934247DDAAF1020A5FFA8AFABAF167
:2084C000650F099924D80139524604F150000991FFF72FFF0A9A1318012A8146236102DC92
:2084E0002268D10701D5013323619DF82330002BA5D02D2384F84330A1E7BAF1670F00F02C
:208500007781BAF1470FBBD10029B9D10123B6E7BAF1660F19D1002963680CDD216113B92D
:208520002268D20702D501330B442361099BA3654FF00009D9E713B92268D00701D502330E
:20854000F3E70123F1E74FF0670ADDE90932934205DB22682361D107E8D50133E5E7002B11
:20856000D4BFC3F1020301231344DEE723685A0507D42369424631462846B84701302BD185
:2085800067E7BAF1650F40F2DC8000220023D4E9120102F019FD002833D00123414A314672
:2085A0002846B84701303FF454AFDDE909239A4202DB2368D8070FD5DDE90423314628461C
:2085C000B84701303FF445AF4FF0000804F11A090A9B013B434509DC23689B0700F10381F5
:2085E000E0680B9B9842B8BF184634E701234A4631462846B84701303FF42BAF08F10108EB
:20860000E6E7099B002B2BDC0123264A31462846B84701303FF41DAF099B23B90A9B13B91E
:208620002368D907D8D5DDE9042331462846B84701303FF40EAF4FF0000904F11A0A099B2B
:208640005B424B4501DC0A9B94E70123524631462846B84701303FF4FCAE09F10109EEE769
:208660000A9AA36D9A42A8BF1A46002A914607DD1346314642462846B84701303FF4E9AEFE
:2086800004F11A034FF0000B29EAE979069315E0FFFFEF7F8FB803008BB8030097B803002D
:2086A00093B803009BB803000123069A31462846B84701303FF4CDAE0BF1010BD4F858A0C3
:2086C000AAEB09035B45EFDCDDE909239A42D04415DB2368DA0712D40A9B0999A3EB0A0289
:2086E000A3EB010A9245A8BF9246BAF1000F0EDC4FF000082AEAEA7A04F11A0919E0DDE991
:20870000042331462846B8470130E5D1A1E65346424631462846B8470130E9D199E601234D
:208720004A4631462846B84701303FF492AE08F10108DDE909239B1AA3EB0A034345EEDC8B
:208740004AE70A9A012A01DCDB073AD50123424631462846B84701303FF47BAEDDE9042341
:2087600031462846B847013008F101083FF471AE0A9B002203F1FF3AD4E91201002302F0B7
:2087800023FCC8B95346424631462846B84701300ED15EE60123524631462846B84701300F
:2087A0003FF457AE08F101080A9B013B4345F1DC4B4604F15002DEE64FF0000804F11A0A4D
:2087C000F2E70123DFE701234A4631462846B84701303FF43EAE08F10108E3680B9A9B1A47
:2087E0004345F0DCFCE64FF0000804F11909F4E700293FF48BAE0023CDE9020309AB009350
:2088000049EC108B2260CDF804A00DF123032846FFF72EFD804648E62DE9F04791461F466D
:208820008A680B69DDF820809342B8BF1346C9F8003091F8432006460C4612B10133C9F885
:2088400000302368990642BFD9F800300233C9F80030256815F0060507D104F1190AE368BE
:20886000D9F800209B1AAB4228DC94F843302268003318BF012392062DD404F14302394658
:208880003046C047013020D02368E568D9F8002003F00603042B08BFAD1AA36822690CBF57
:2088A00025EAE57500259342C4BF9B1AED184FF000091A344D451AD1002008E00123524641
:2088C00039463046C047013003D14FF0FF30BDE8F0870135C3E7E1185A1C302081F84300B2
:2088E000224494F8451082F843100233C5E70123224639463046C0470130E6D009F1010910
:20890000D8E700002DE9F04301F1430C0C46097E85B06E291746064698460C9A00F0B38019
:2089200022D8632936D00AD8002900F0B980582900F0838004F1420584F8421032E064295A
:2089400001D06929F6D120681368050603F104012AD51B681160002B03DA2D225B4284F883
:2089600043206F480A2239E0732900F09D8008D86F2920D07029DDD1236843F020032360DC
:2089800003E0752917D07829D4D1782384F84530644855E01368191D1B68116004F14205DB
:2089A00084F8423001238CE01B68116010F0400F18BF1BB2CFE713682568181D10602806C1
:2089C00001D51B6802E06806FBD51B8854486F2914BF0A220822002184F843106568A5605C
:2089E000002DC0F29580216821F004012160002B3DD1002D40F08E806546082A0BD123687B
:208A0000DB0708D5236962689A42DEBF302305F8013C05F1FF35ACEB05032361CDF80080A9
:208A20003B4603AA21463046FFF7F6FE01304DD14FF0FF3005B0BDE8F083394884F8451065
:208A4000136821681D1D1B6815600A060BD5CA0744BF41F0200121601BB9226822F02002B7
:208A600022601022B7E74D0648BF9BB2EFE76546B3FBF2F102FB1133C35C05F8013D0B46FF
:208A80000029F5D1B9E7136825686169181D106028061B6801D5196002E06A06FBD5198015
:208AA000002323616546B9E71368191D11601D6862680021284601F083FA08B1401B606082
:208AC00063682361002384F84330A7E723692A4639463046C0470130AAD023689B0713D4F0
:208AE000E068039B9842B8BF1846A3E701234A4639463046C04701309AD00135E368039AEE
:208B00009B1AAB42F2DCEBE7002504F11909F5E7002BACD1037884F8423004F142056CE75B
:208B20009DB80300AEB8030038B5064C0023054608462360F8F71EF8431C02D1236803B180
:208B40002B6038BD685D00200EB400B59CB01DAB029006906FF0004109480791049109498D
:208B600053F8042B05910068019302A901F0D6FD029B00221A701CB05DF804EB03B07047B7
:208B8000843600200802FFFF10B503461A785C1C3AB9013B11F8012B03F8012F002AF9D158
:208BA00010BD2346F2E7C9B2034610F8012B1AB18A42F9D118467047002918BF0023F9E735
:208BC00010F8012B11F8013B012A28BF9A42F7D0D01A7047034611F8012B03F8012B002AF7
:208BE000F9D1704770B503461A4612F8015B4DB14C1E01E0AE4205D014F8016F002EF9D13E
:208C00001346F1E7181A70BD034613F8012B002AFBD1181A0138704770B50139044602B9C8
:208C200070BD234611F8015F03F8015B561E2DB91444A342F4D003F8015BFAE71C46324671
:208C4000EDE738B503460D4669B9BDE83840FFF7AABF431C044629461846FFF7A4FF0028E2
:208C6000F7D1204638BD0024F5E770B503461A4612F8015B3DB14C1E01E0AE4205D014F893
:208C8000016F002EF9D1181A70BD1346EFE72DE9F0478046894692461E460F463D46089848
:208CA00015F8014BFFF78EF82044437813F0080330D12D2C30D17C78BD1C0121002E5CD00E
:208CC000102E09D1302C07D12B7803F0DF03582B4ED16C78102602354FF0FF320023B2FB9D
:208CE000F6F206FB02FC6FEA0C0C1846A4F13007092F17D83C46A64223DD002B1EDB824279
:208D00001CD301D1A44519DB00FB0640012315F8014BEBE72F46C1E72B2C04BFBD1C7C7821
:208D20001946CBE7A4F14107192F01D8373CE2E7A4F16107192F04D8573CDCE74FF0FF3300
:208D4000E5E7002B09DA2223C8F800304FF0FF30BAF1000F07D1BDE8F08701B14042BAF109
:208D6000000FF8D00BB105F1FF39CAF80090F2E73024002EB0D10826AEE7302CA4D00A2641
:208D8000AAE70000084B37B51C68084D236A002B08BF2B46009313460A4601462046FFF75B
:208DA00076FF03B030BD00BF84360020E8360020F8B50E461446054618B183690BB901F0B7
:208DC00003F8214B9C422AD16C68A369A360A3891A072ED5236963B323692068C01A6369C4
:208DE000F6B28342374604DC2146284600F082FF28BBA368013BA36023685A1C22601E7025
:208E000063690130834204D0A389DB0719D50A2E17D12146284600F06DFF90B10FE00B4BE9
:208E20009C4201D1AC68D0E7094B9C4208BFEC68CBE72146284600F01BF80028CCD04FF0DD
:208E4000FF373846F8BD00BFF0B9030010BA0300D0B9030049B1FF2A85BF8A2303600A70F4
:208E60004FF0FF3098BF01207047084670470000324B70B51D6806460C4625B1AB6913B9D5
:208E8000284600F0A1FF2E4B9C420FD16C68B4F90C309AB215072CD4D00611D40922326000
:208EA00043F04003A3814FF0FF303EE0254B9C4201D1AC68EBE7244B9C4208BFEC68E6E751
:208EC000510712D5616B41B104F14403994202D03046FEF7E7FF00236363A38923F024030C
:208EE000A3810023636023692360A38943F00803A38123694BB9A38903F42073B3F5007F5E
:208F000003D02146304601F01BF8A28912F001030CD00023A36063695B42A361236953B965
:208F2000B4F90C3013F08000BAD170BD920758BF6369A360F2E70020F7E700BF843600201E
:208F4000F0B9030010BA0300D0B9030008B5062001F002FD012002F0DFF82DE9F74F036987
:208F60000C69A3428046C0F28280013C01F114074FEA840C00F1140657F8245056F82400CA
:208F800006EB0C03013507EB0C090193B0FBF5F595B34FF0000A3846B646D34650F8042BD0
:208FA00093B205FB03A34FEA134A9BB2ABEB0303120CDEF800B005FB02A213FA8BF34FEA3B
:208FC000124A1FFA82FBDEF80020CBEB124202EB23429BB243EA024381454FEA224B4EF8DC
:208FE000043BDBD256F80C3033B9019B043B9E421A4630D3C8F81040404601F049FA0028FF
:2090000025DB013530464FF0000C57F8042BD0F800E093B2ACEB0303120C13FA8EF3C2EBF8
:209020001E4202EB23429BB243EA0243B9454FEA224C40F8043BE8D256F8242006EB8403DF
:209040002AB9043B9E421A460BD3C8F81040284603B0BDE8F08F1268043B002ACAD1013CC0
:20906000C5E71268043B002AEFD1013CEAE70020EEE70000000000002DE9F04F57EC106B8B
:2090800097B0456A069104460B921293DDF88080CDE900673DB91020F5F70CFA6062C0E942
:2090A00001550560C560636A196851B15A684A60012393408B60204601F008F8636A0022EC
:2090C0001A603B1EBBBF23F00043019300230122ACBFC8F80030C8F80020AF4BDDF8048085
:2090E00033EA080314D1129A42F20F731360009B23B9C8F31300002800F04285219BDFF8D7
:20910000ACB2002B00F044850BF1030300F03EBDDDE90067002200233046394601F054FF75
:20912000814668B1129A01231360219B002B00F024859A4B219A03F1FF3B136000F028BD76
:2091400014AA15A947EC106B204601F018FAC8F30A550490002D7CD0C7F3130343F07F5B78
:20916000B2464BF4401BA5F2FF35CDF84C9000228B4B50465946FEF7FFF881A3D3E90023D5
:2091800001F0BAFC80A3D3E90023FEF7F7F8064628460F46FEF73EFA7DA3D3E9002301F016
:2091A000ABFC02460B4630463946FEF7E7F806460F4601F051FF00228246002330463946C2
:2091C00001F00CFF48B15046FEF724FA32463B4601F0FAFE08B90AF1FF3ABAF1160F59D819
:2091E000704901EBCA01DDE90023D1E9000101F013FF002850D00AF1FF3A00230F93149B68
:209200005D1BB5F1010849BFC5F10103002305934FF0000858BF0593BAF1000F3EDB0023BE
:20922000D044CDF838A00793069B092B00F29080052BC4BF043B0693069BA3F10203CCBFBC
:2092400000250125032B00F28F80DFE803F07D7F3171DDE914531D4405F23240202813DD0D
:20926000C0F14000009B08FA00F805F2124023FA00F048EA0000FEF7BDF901238246A1F1B7
:20928000F87B013D139372E7009BC0F1200003FA00F0F0E70123B1E70F90B0E7059BA3EBCE
:2092A0000A030593CAF10003079300230E93BBE701230A930B9B002B59DD02939946666A3F
:2092C00000227260042202F114009842716853D9204600F0C7FE636A3060B9F10E0FD3F884
:2092E00000B000F2E680002D00F0E3809DED007BBAF1000F8DED107B74DD2A4A0AF00F0351
:2093000002EBC30393ED007B4FEA2A16F0068DED087B65D5244BDDE91001D3E9082301F0DB
:2093200015FDCDE9000106F00F0603251E4F4CE001230A930B9B534403F1010902934B4676
:20934000012BB8BF0123BAE70023B2E70023F0E70125002306930A954FF0FF330293994689
:20936000002212230B92AAE701230A93F4E70123029399461A46F5E7013171605200A2E71A
:2093800061436F63A787D23FB3C8608B288AC63FFB799F501344D33F0000F07F9CB8030069
:2093A0000000F83F58BA030030BA0300C9B90300F10708D5DDE90801D7E9002301F09CFBE0
:2093C000CDE90801013576100837002EF0D1DDE90823DDE9000101F0B9FCCDE900011AE0D5
:2093E0000225A3E700F0A080CAF100069F4BA04F06F00F0203EBC203D3E90023DDE91001A2
:2094000001F07AFBCDE90001361100230225002E7FD1002BE1D10F9B002B00F08780DDE9B1
:2094200000670022934B3046394601F0D7FD00287CD0B9F1000F79D0029B002B35DD0AF1C0
:20944000FF330893394600228B4B304601F054FBCDE90001029F01352846FEF7DBF8DDE988
:20946000002301F049FB0022844BFDF787FF0546A1F15076002F5DD10022814BDDE9000174
:20948000FDF77AFF2A463346CDE9000101F0C4FD002840F088822A4606F10043DDE900013A
:2094A00001F09CFD002840F07C82DDE91023CDE90023159B002BC0F25081BAF10E0F00F3E1
:2094C0004C816A4B03EBCA0393ED007B0B9B002B8DED027B80F2D880B9F1000F00F3D480C2
:2094E00040F05E820022664B51EC170B01F004FBDDE9002301F086FD4F464E46002840F05C
:20950000348231230BF101058BF800300AF1010A2FE2F20705D5D7E9002301F0EDFA0135B1
:2095200001237610083772E7022574E7CDF820A04F4691E74D4B03EBC70353E902010A9BA1
:20954000002B47D002460B4600204E4901F0FEFB2A463346FDF710FFCDE90C015D46DDE977
:20956000000101F079FD0646FEF754F802460B46DDE90001FDF700FF303605F8016BDDE90E
:209580000C23CDE9000101F029FD002863D1DDE9002300203749FDF7EFFEDDE90C2301F022
:2095A0001DFD002840F0B780A5EB0B039F427FF77CAF0022304BDDE90C0101F09DFA0022C8
:2095C000CDE90C012C4BDDE9000101F095FACDE90001C4E72A46334601F08EFACDE90C0183
:2095E0000BEB07055E46DDE9000101F035FD0746FEF710F8303702460B46DDE90001FDF7D6
:20960000BBFE06F8017BAE42CDE900014FF0000226D11C4BDDE90C01FDF7B0FE02460B46C3
:20962000DDE9000101F0F8FC002874D1DDE90C2300201449FDF7A0FE02460B46DDE90001AD
:2096400001F0CCFC00283FF430AF15F8013C302B05F1FF3202D0DDF820A04AE01546F4E784
:20966000054B01F049FACDE90001BCE758BA030030BA03000000F03F0000244000001C401B
:20968000000014400000E03FDDE900675D46DDE902233046394601F059FB01F0DDFC8046D2
:2096A000FDF7B8FFDDE9022301F026FA02460B463046394608F13006FDF75EFE05F8016B8D
:2096C000A5EB0B06B14502460B4639D1FDF756FEDDE9022306460F4601F09EFCC8B9DDE9AA
:2096E00002233046394601F06FFC10B118F0010F0FD10499204600F0E9FC0023129A2B70F9
:209700000AF101031360219B002B00F041821D603EE2CDF820A015F8012C392A05F1FF3356
:2097200008D19B450AD1089B0133089330238BF800305B461A7801321A708CE71D46EAE786
:2097400000229B4B01F0D8F90022002306460F4601F03AFC00289AD0CBE70A9A002A00F030
:209760008B80069A012A6EDC139A002A67D003F23343079F059D059A01211A4420460592EC
:20978000984400F043FD0646002D0CDDB8F1000F09DD4545059A2B46A8BF4346D21A0592B0
:2097A000ED1AA8EB0308079BEBB10A9B002B67D08FB131463A46204600F0C8FD049A014688
:2097C0000646204600F02BFD04990890204600F07DFC089B0493079BDA1B04D00499204613
:2097E00000F0B4FD04900121204600F00FFD0E9B0746002B00F0D0811A460146204600F051
:20980000A5FD069B012B074640DC009B002B39D1019BC3F31303002B36D1019B23F0004314
:209820001B0D1B052BB1059B0133059308F10108012307930E9B002B2AD1012030E0149B29
:20984000C3F1360395E7079B09F1FF37BB42BFBF079B0797FA1A0E9BBBBF9B180E93DF1B8D
:209860000027B9F1000FB5BF059B059DA3EB09054B46B8BF00237EE7079F059D0A9E83E7CC
:20988000079AABE70023D4E7009BD2E7002307933B6907EB8303186900F06AFCC0F12000E2
:2098A000404410F01F0047D0C0F12003042B3BDD059BC0F11C000344059305448044059BDA
:2098C000002B05DD1A460499204600F08DFD0490B8F1000F05DD39464246204600F084FD92
:2098E00007460F9B53B33946049800F0D1FD002824DA00230A220499204600F0FEFB0A9B8C
:2099000004900AF1FF3A002B00F04D81002331460A22204600F0F1FB029B002B06464FDC4F
:20992000069B022B4CDD11E0C9D0059A1C331A4405921D449844C2E70346F6E7B9F1000FFE
:2099400038DC069B022B35DDCDF80890029B63B939460522204600F0D0FB01460746049806
:2099600000F096FD00283FF7CCAD0B9B5D466FEA030A4FF000093946204600F0A7FB002EF1
:209980003FF4B7AEB9F1000F05D0B14503D04946204600F09BFB3146204600F097FBA8E670
:2099A00000273E46E1E7DDF820A03E46A9E500BF000024400A9BCDF80890002B00F0FA80D3
:2099C000002D05DD31462A46204600F00DFD0646079B002B4CD07168204600F043FB3269F4
:2099E00002320546920006F10C010C30FEF71FFA01222946204600F0F7FC009BCDF814B009
:209A000003F00103B1460793064639460498FFF7A4FA4946054600F13008049800F038FDFF
:209A2000324600903946204600F04CFDC368024603BB01460890049800F02AFD089A034652
:209A400011462046089300F041FB089BA3B9069A92B9079A82B9B8F1390F29D0009B002B0C
:209A600001DD05F13108059B5D1C83F8008082E73046C2E70123E3E7009A002A04DB25D1B6
:209A8000069A1ABB079A0ABB002BECDD01220499204600F0A9FC3946049000F0F9FC00281C
:209AA00003DCE0D118F0010FDDD0B8F1390FD8D1059B059A5D1C3923137015F8013C392B72
:209AC00005F1FF324FD00133137054E7059A002B02F1010506DDB8F1390FE9D008F10108FC
:209AE000059BC2E7029A05F8018CA5EB0B03934221D000230A220499204600F0FEFAB14563
:209B000004904FF000034FF00A024946204605D100F0F3FA81460646059576E700F0EDFA9B
:209B20003146814600230A22204600F0E6FA0646F2E74FF0000901220499204600F054FC8F
:209B40003946049000F0A4FC0028B6DC02D118F0010FB2D115F8013C302B05F1FF327FF4FB
:209B60000AAF1546F6E7934505D131230AF1010A8BF80030FFE615469FE7DFF864B007E0A1
:209B8000219BDFF860B01BB10BF10803219A1360584617B0BDE8F08F069B012B7FF735AE72
:209BA0000E9B079349E6029B002B03DC069B022B3FF7CCAE5D4639460498FFF7CEF900F1A2
:209BC000300805F8018B029AA5EB0B039A42B0DD00230A220499204600F08FFA0490EAE7F1
:209BE0009BB80300C0B903008A892DE9F041054610070C4658D44B68002B05DC0B6C002BF8
:209C000002DC0020BDE8F081E66A002EF9D0002312F480522F68216A2B6032D0606DA38946
:209C20005A0705D56368C01A636B0BB1236CC01A00230246E66A216A2846B047431CA3891B
:209C400006D129681D2948D8294ACA40D60744D500226260D9042269226004D5421C01D1EC
:209C60002B6803B96065616B2F600029C9D004F14403994202D02846FEF714F90020606377
:209C8000C0E701232846B047411CC8D12B68002BC5D01D2B01D0162B01D12F60B1E7A389CC
:209CA00043F04003A381ADE70F69002FA9D093070E6808BF4B690F6018BF0023A6EB0708C2
:209CC0008B60B8F1000F9CDD43463A46216AA66A2846B047002806DCA38943F04003A3818F
:209CE0004FF0FF308EE70744A8EB0008E9E700BF0100402038B50B6905460C46DBB118B158
:209D000083690BB900F060F80C4B9C4209D16C68B4F90C307BB121462846BDE83840FFF76B
:209D200063BF074B9C4201D1AC68F1E7054B9C4208BFEC68ECE7002038BD00BFF0B9030077
:209D400010BA0300D0B90300002310B50446C0E90033836081814366C281C0E90433836107
:209D6000194608225C30FEF786F8054B6362054BA362054BE362054B2462236310BD00BF74
:209D800091A90300B3A90300EBA903000FAA0300014900F085B800BFF59C030070B54A1E7D
:209DA000682555430E4605F17401FEF7C9F8044640B10021C0E900160C30A06005F1680252
:209DC000FEF759F8204670BD836910B5044633BBC0E912330365124B124A1B688262984271
:209DE00004BF0123836100F01FF86060204600F01BF8A060204600F017F80022E06004217C
:209E00006068FFF7A1FF01220921A068FFF79CFF02221221E068FFF797FF0123A36110BDDE
:209E20006CB80300919D0300F8B51B4B1E68B369074613B93046FFF7C7FF4836D6E9013458
:209E4000013B03D5336833B13668F7E7B4F90C506DB16834F4E704213846FFF79FFF30608E
:209E60000028F1D10C233B6004462046F8BD0B4B6566C4E90055A560C4E90335C4E90555B5
:209E80000822294604F15C00FDF7F5FFC4E90D55C4E91255E9E700BF6CB803000100FFFF18
:209EA0002DE9F8438046894600F14804002614B93046BDE8F883D4E90175013F01D5246821
:209EC000F5E7AB89012B07D9B5F90E30013303D029464046C84706436835EEE7044B1B68E2
:209EE000186A044B002808BF1846F030704700BF84360020E836002070B50E46B1F90E1055
:209F0000002996B014461D4607DA00232B60B3891A0610D44FF480630EE06A4600F09EFDF7
:209F20000028F2DB019A02F47042A2F500535A425A412A60EEE740230020236016B070BD70
:209F40008B8973B59D0706460C4607D504F14703236023610123636102B070BD01AB6A463E
:209F6000FFF7CAFF009905463046FDF7E9FF48B9B4F90C309A05EFD423F0030343F002034F
:209F8000A381E3E70D4BB362A389206043F08003A381009B6361019B20615BB1B4F90E108D
:209FA000304600F06DFD28B1A38923F0030343F00103A381A3891D43A581CDE7919D0300C1
:209FC00001F0FF01102A2BDB10F0070F08D010F8013B013A8B422DD010F0070F42B3F6D147
:209FE000F0B441EA012141EA014122F007047FF000070023F0E80256083C85EA010586EAF4
:20A00000010685FA47F5A3FA87F586FA47F6A5FA87F68EB9EED1F0BC01F0FF0102F00702EE
:20A0200032B110F8013B013A83EA010313B1F8D10020704701387047002D06BF3546033851
:20A04000073815F0010F07D1013015F4807F02BF013015F4C03F0130F0BC0138704700BF15
:20A060007047704770B5456A04460E463DB91020F4F720FA6062C0E901550560C560656ABB
:20A08000EB6883B1636ADB6853F82600B8B9012101FA06F56A1D92002046FDF7F4FE60B1B9
:20A0A000C0E901650EE0212204212046FDF7EBFE636AE860DB68002BE4D1002070BD026809
:20A0C00043F826200023C0E90333F7E770B5446A06460D463CB91020F4F7ECF97062C0E93D
:20A0E00001440460C4603DB1736A6A68DB6853F82210296043F8225070BD2DE9F0410D6916
:20A100001F4606460C4601F1140C0023DCF8000081B202FB01710F0C000C02FB007089B2C2
:20A12000013301EB00419D424FEA10474CF8041BECDCD7B1A368AB4212DC61683046013145
:20A14000FFF790FF2269023204F10C01804692000C30FDF76CFE21463046FFF7B7FF4446B4
:20A1600004EB850301355F6125612046BDE8F081020C12040346B2B90304102013F07F4F90
:20A1800004BF1B02083013F0704F04BF1B01043013F0404F04BF9B000230002B06DB5B0049
:20A1A00003D5013070470020E8E720207047036813F0070201460BD0DA0723D4980749BFE1
:20A1C0005B089B0801200B605CBF0B600220704798B2A8B91B0C102013F0FF0F04BF1B0A93
:20A1E00008301A0704BF1B0904309A0704BF9B080230DA0702D45B0806D001300B6070476F
:20A200001046E9E7002070472020704710B50C460121FFF727FF01224461026110BD2DE9E7
:20A22000F74F14460A6923699A42B8BF0B468846BCBFA0461C46D8F81070D4F81090D8F8BE
:20A240000830D8F8041007EB0906B342B8BF0131FFF708FF00F1140505EB860E2B46002225
:20A26000734516D304F1140208F1140102EB890301EB87070093009B019293420CD8002E89
:20A2800003DD5EF8043D002B5DD0066103B0BDE8F08F43F8042BE3E7B2F800B0BBF1000F68
:20A2A00023D08946AC464FF0000859F8044BDCF800A0A3B21FFA8AFA0BFB03A34FEA144A5A
:20A2C000DCF8004043444FEA14480BFB0A8404EB1344E2469BB243EA04434F454FEA144862
:20A2E0004AF8043B2BD8CCF80480019BB3F802A00432BAF1000F20D02B688946A8464FF03A
:20A30000000BB9F800C0B8F802400AFB0C445C44C4469BB243EA04434CF8043B59F8043BFC
:20A32000B8F804B01B0C0AFB03B303EB14434F454FEA134B05D8C8F8043004359BE7D446C1
:20A34000B3E7E046DDE7013E99E700002DE9F843154612F0030206460F4607D0013A214CE7
:20A36000002354F82220FFF7C8FE0746AD1035D0746A3CB91020F4F79DF87062C0E901441E
:20A380000460C460D6F82480D8F808404CB940F271213046FFF73AFF0023C8F80800044608
:20A3A00003604FF00008EB070AD5394622463046FFF735FF394681463046FFF787FE4F46CF
:20A3C0006D100BD0206838B9224621463046FFF726FF2060C0F800800446E4E73846BDE85C
:20A3E000F88300BF20BB03002DE9F0470C464FEA621A236949680AEB0309A36807461646FF
:20A4000009F10105AB4232DB3846FFF72BFE0023804600F114011A4653452BDB20692AEA1B
:20A42000EA7A04F1140316F01F0201EB8A0103EB800C25D0C2F1200E00201E688A46964072
:20A4400030434AF8040B53F8040B9C4520FA0EF014D8486008B109F10205013D3846C8F81B
:20A4600010502146FFF732FE4046BDE8F08701315B00C7E741F823200133CDE75146DCE754
:20A48000043953F8042B41F8042F9C45F9D8E4E703690A699B1A30B50CD1920014301431AB
:20A4A0008418114454F8045D51F8042D954203D005D30123184630BDA042F3D3FAE74FF0CB
:20A4C000FF33F7E72DE9F0470D460746114628461446FFF7DDFF061E08D131463846FFF7A6
:20A4E000C1FD0123C0E90436BDE8F087A4BF23462C4638466168A6BF1D4600260126FFF7EB
:20A50000B1FD2B69C660266905F1140904F1140202EB860709EB830800F114054FF0000ED6
:20A5200052F804AB59F8044B1EFA8AF1A3B2C91A230CC3EB1A4303EB214389B24FEA234E46
:20A54000C84541EA0343944645F8043BE8D8BC4504D355F8043D83B10661C5E75CF8041B47
:20A560001EFA81F31A1402EB11429BB243EA02434FEA224E45F8043BE9E7013EE9E72DE908
:20A58000F7430E46012159EC108B1546FFF76AFDC9F30A540746C9F3130334BB0193B8F10E
:20A5A000000327D002A840F8083DFFF700FE0099F0B1019AC0F1200302FA03F30B43C2409B
:20A5C0007B610192019BBB61002B14BF022101213961C4B1A4F2334404443460C0F1350033
:20A5E0002860384603B0BDE8F08343F48013D5E77961E7E701A8FFF7DAFD019B7B6101214C
:20A6000039612030E5E707EB8103A0F2324030601869FFF7ADFDC0EB4110E1E7F8B507469B
:20A6200014460E4621B91146BDE8F840FDF788BC22B9FDF737FC25462846F8BD00F042FA6A
:20A64000A0420FD221463846FDF77AFC05460028F2D031462246FDF7EAFB31463846FDF712
:20A6600021FCE9E73546E7E72DE9F0478E689E4282460C469046994637D88A8912F4906F8B
:20A6800031D0256809696F1A6569022305EB450595FBF3F509F101033B449D4238BF1D46D6
:20A6A000530530D52946FDF74BFC064650B90C23CAF80030A38943F04003A3814FF0FF30E9
:20A6C000BDE8F0873A462169FDF7B1FBA38923F4906343F08003A381266165613E44ED1BCD
:20A6E0002660A5604E464E4500D94E46324641462068FDF7A7FBA3689B1BA36023681E446D
:20A7000026600020DCE72A46FFF788FF06460028E2D121695046FDF7C5FBC8E72DE9F04FE4
:20A720009DB0804603938B891D060C4616460FD50B696BB94021FDF703FC2060206128B9D9
:20A740000C23C8F800304FF0FF30C7E0402363610023099320238DF8293030238DF82A308C
:20A760004FF0010B37463D4615F8013B0BB1252B3ED1B7EB060A0BD053463246214640469F
:20A78000FFF772FF013000F0A480099B534409933B78002B00F09D8000234FF0FF32CDE902
:20A7A0000523049307938DF853301A932F46052217F8011B4F48FFF703FC049BD0B9D90631
:20A7C00044BF20228DF853201A0744BF2B228DF853202A782A2A15D0079A2F4600200A2593
:20A7E000394611F8013B303B092B4DD9B8B10FE02F46B8E73F4A801A0BFA00F0184304905D
:20A800003D46D3E7039A111D12680391002A01DB079204E0524243F00203079204933B78F0
:20A820002E2B0CD17B782A2B33D1039B1A1D1B680392002BB8BF4FF0FF33023705932E4D4A
:20A84000397803222846FFF7BBFB38B14023401B03FA00F0049B03430137049339782748A0
:20A860008DF8281006227E1CFFF7AAFB002838D0234B13BB039B073323F00703083303938C
:20A88000099B4B4409936DE705FB023201200F46A6E700230137059319460A25384610F857
:20A8A000012B303A092A03D9002BC8D00591C6E705FB012101230746F0E703AB00932246DA
:20A8C000104B04A94046FDF767FDB0F1FF3F8146D6D1A3895B063FF536AF09981DB0BDE88C
:20A8E000F08F03AB00932246064B04A94046FEF709F8EAE77AB8030080B8030084B8030036
:20A900009983030069A603001F2938B504460D4604D9162303604FF0FF3038BD426C12B1E7
:20A9200052F821304BB9204600F030F82A4601462046BDE8384000F017B8012B0AD0591C86
:20A9400003D1162303600120E7E7002442F82540284698470020E0E7024B01461868FFF797
:20A96000D3BF00BF8436002038B5074C0023054608461146236000F0B7FB431C02D1236877
:20A9800003B12B6038BD00BF685D002000F09CBB10B50C46B1F90E1000F09CF80028ABBFA3
:20A9A000636DA3891B1823F48053ACBF6365A38110BD2DE9F0411F468B89DB0505460C461D
:20A9C000164605D502230022B1F90E1000F068F8A389B4F90E1023F48053A38132463B46E4
:20A9E0002846BDE8F04100F017B810B50C46B1F90E1000F055F8431CA38915BF606523F4FD
:20AA0000805343F48053A38118BFA38110BDB1F90E1000F013B8000038B5074C0546084611
:20AA20001146002222601A46F6F796F8431C02D1236803B12B6038BD685D002038B5064C2B
:20AA4000002305460846236000F02EFB431C02D1236803B12B6038BD685D002038B5074C88
:20AA60000023054608461146236000F025FB431C02D1236803B12B6038BD00BF685D00209B
:20AA800038B5064C002305460846236000F024FB431C02D1236803B12B6038BD685D002053
:20AAA00038B5074C054608461146002222601A4600F022FB431C02D1236803B12B6038BD64
:20AAC000685D002051F8043C181F002BBCBF0B58C018704738B5074C0546084611460022E7
:20AAE00022601A4600F010FB431C02D1236803B12B6038BD685D002070B54FF0FF0C4CF4F4
:20AB0000E06C1CEA11541DBF1CEA135594EA0C0F95EA0C0F00F0DEF82C4481EA030621EA4C
:20AB20004C5123EA4C5350EA013518BF52EA033541F4801143F4801338D0A0FB02CE4FF0CF
:20AB40000005E1FB02E506F00042E0FB03E54FF00006E1FB03569CF0000F18BF4EF0010EF9
:20AB6000A4F1FF04B6F5007F64F5407404D25FEA4E0E6D4146EB060642EAC62141EA5551BC
:20AB80004FEAC52040EA5E504FEACE2EB4F1FD0C88BFBCF5E06F1ED8BEF1004F08BF5FEA91
:20ABA000500E50F1000041EB045170BD06F0004646EA010140EA020081EA0301B4EB5C0440
:20ABC000C2BFD4EB0C0541EA045170BD41F480114FF0000E013C00F3AB8014F1360FDEBF22
:20ABE000002001F0004170BDC4F10004203C35DA0C341BDC04F11404C4F1200500FA05F3A2
:20AC000020FA04F001FA05F240EA020001F0004221F0004110EBD37021FA04F642EB0601FC
:20AC20005EEA430E08BF20EAD37070BDC4F10C04C4F1200500FA04F320FA05F001FA04F2AA
:20AC400040EA020001F0004110EBD37041F100015EEA430E08BF20EAD37070BDC4F1200571
:20AC600000FA05F24EEA020E20FA04F301FA05F243EA020321FA04F001F0004121FA04F214
:20AC800020EA020000EBD3705EEA430E08BF20EAD37070BD94F0000F0FD101F000464000B6
:20ACA00041EB010111F4801F08BF013CF7D041EA060195F0000F18BF704703F00046520018
:20ACC00043EB030313F4801F08BF013DF7D043EA0603704794EA0C0F0CEA135518BF95EA94
:20ACE0000C0F0CD050EA410618BF52EA4306D1D181EA030101F000414FF0000070BD50EA97
:20AD0000410606BF1046194652EA430619D094EA0C0F02D150EA013613D195EA0C0F05D1D3
:20AD200052EA03361CBF104619460AD181EA030101F0004141F0FE4141F470014FF000003D
:20AD400070BD41F0FE4141F4780170BD70B54FF0FF0C4CF4E06C1CEA11541DBF1CEA1355CB
:20AD600094EA0C0F95EA0C0F00F0A7F8A4EB050481EA030E52EA03354FEA013100F0888026
:20AD80004FEA03334FF0805545EA131343EA12634FEA022245EA111545EA10654FEA002684
:20ADA0000EF000419D4208BF964244F1FD0404F5407402D25B084FEA3202B61A65EB030527
:20ADC0005B084FEA32024FF480104FF4002CB6EB020E75EB030E22BFB61A754640EA0C009D
:20ADE0005B084FEA3202B6EB020E75EB030E22BFB61A754640EA5C005B084FEA3202B6EBFE
:20AE0000020E75EB030E22BFB61A754640EA9C005B084FEA3202B6EB020E75EB030E22BFAC
:20AE2000B61A754640EADC0055EA060E18D04FEA051545EA16754FEA06164FEAC30343EAB8
:20AE400052734FEAC2025FEA1C1CC0D111F4801F0BD141EA00014FF000004FF0004CB6E70B
:20AE600011F4801F04BF01430020B4F1FD0C88BFBCF5E06F3FF6AFAEB5EB030C04BFB6EB6D
:20AE8000020C5FEA500C50F1000041EB045170BD0EF0004E4EEA113114EB5C04C2BFD4EBAB
:20AEA0000C0541EA045170BD41F480114FF0000E013C90E645EA060E8DE60CEA135594EA7C
:20AEC0000C0F08BF95EA0C0F3FF43BAF94EA0C0F0AD150EA01347FF434AF95EA0C0F7FF493
:20AEE00025AF104619462CE795EA0C0F06D152EA03353FF4FDAE1046194622E750EA4106B4
:20AF000018BF52EA43067FF4C5AE50EA41047FF40DAF52EA43057FF4EBAE12E74FF0FF3C3E
:20AF200006E000BF4FF0010C02E000BF4FF0010C4DF804CD4FEA410C7FEA6C5C4FEA430CDE
:20AF400018BF7FEA6C5C1BD001B050EA410C0CBF52EA430C91EA030F02BF90EA020F002077
:20AF6000704710F1000F91EA030F58BF994208BF90422CBFD8176FEAE37040F00100704784
:20AF80004FEA410C7FEA6C5C02D150EA013C07D14FEA430C7FEA6C5CD6D152EA033CD3D05A
:20AFA0005DF8040B704700BF8446104662468C461946634600E000BF01B5FFF7B7FF0028EC
:20AFC00048BF10F1000F01BD4DF808EDFFF7F4FF0CBF012000205DF808FB00BF4DF808ED1C
:20AFE000FFF7EAFF34BF012000205DF808FB00BF4DF808EDFFF7E0FF94BF012000205DF82F
:20B0000008FB00BF4DF808EDFFF7CEFF94BF012000205DF808FB00BF4DF808EDFFF7C4FFD3
:20B0200034BF012000205DF808FB00BF4FEA410C7FEA6C5C02D150EA013C0AD14FEA430C61
:20B040007FEA6C5C02D152EA033C02D14FF0000070474FF0010070474FEA410212F500121C
:20B0600015D211D56FF47873B3EB625212D94FEAC12343F0004343EA505311F0004F23FAA8
:20B0800002F018BF404270474FF00000704750EA013005D111F0004008BF6FF00040704719
:20B0A0004FF00000704700BF024B58221A604FF0FF307047685D0020024B58221A604FF010
:20B0C000FF307047685D0020024B58221A604FF0FF307047685D0020024B58221A600020F9
:20B0E000704700BF685D0020024B58221A604FF0FF307047685D0020024B58221A604FF02A
:20B10000FF307047685D0020024B58221A604FF0FF307047685D0020FEE700BFF8B500BF09
:20B12000F8BC08BC9E467047F8B500BFF8BC08BC9E46704730303030313532332D31323131
:20B14000322D454644452D313532332D3738354645414243443132330000000030303030C8
:20B16000313532342D313231322D454644452D313532332D373835464541424344313233DB
:20B180000000000030303030313532352D313231322D454644452D313532332D37383546DF
:20B1A00045414243443132330000000030303030313532362D313231322D454644452D318A
:20B1C0003532332D3738354645414243443132330000000030303030313532372D31323189
:20B1E000322D454644452D313532332D373835464541424344313233000000003030303028
:20B20000313532382D313231322D454644452D313532332D37383546454142434431323336
:20B220000000000030303030313532392D313231322D454644452D313532332D373835463A
:20B240004541424344313233000000005234305F494D5500D1010A5402656E5234305F49A6
:20B260004D5500000004040201000F030B0C0C0B0D0E0E0D13151513020000000400000055
:20B2800006000000110000000000000000000000D5AC0200EDAC020009AD02002DAF0200E3
:20B2A000000000000000000065B5020089B50200100018000000C800000000000000000042
:20B2C00099BF020099BF02009DBF0200000000000000000015C0020019C0020024B30300D0
:20B2E0002CB3030034B3030048B303000100000711000000D8ECF0F4F8FC000304000000C8
:20B3000046656174686572206E52463532383332204578707265737300000000424C450067
:20B32000534F43005075626C69630000537461746963000050726976617465205265736FCD
:20B340006C7661626C65000050726976617465204E6F6E205265736F6C7661626C65000022
:20B36000000000000000000099BF020099BF020075CB02002F61646166727569742F626F58
:20B380006E645F707270682F25303258253032582530325825303258253032582530325859
:20B3A000000000002F61646166727569742F626F6E645F636E74722F253032582530325839
:20B3C00025303258253032582530325825303258000000002F61646166727569742F626F72
:20B3E0006E645F70727068002F61646166727569742F626F6E645F636E747200253032581C
:20B400003A253032583A253032583A253032583A253032583A2530325800000000000000AF
:20B420000000000085D80200ADD8020065D8020069D802006DD8020075D802007DD80200B7
:20B440000000000001000000020000000300000004000000050000000600000007000000D0
:20B4600008000000090000000A0000000B0000000C0000000D0000000E0000000F00000070
:20B48000100000001100000012000000130000001400000015000000160000001700000010
:20B4A00018000000190000001A0000001B0000001C0000001D0000001E0000001F000000B0
:20B4C0000000000000000000F5DE020041DF0200B5DE0200C9DE02009DDE0200ADDE02002D
:20B4E000A5DE020099DF0200BDE10200F9DD0200F1DD0200546D725100000000546D72202E
:20B50000537663006C6F6F700000000043616C6C6261636B00000000000000000000000038
:20B52000391403003D1403002E0000002E2E00002F0000000000000000000000B9170300DB
:20B540003916030065D802002D170300E91603005D170300791603006C66735F63616368D5
:20B56000655F7265616400006C66735F63616368655F70726F6700006C66735F63747A5F68
:20B5800066696E64000000006C66735F63747A5F657874656E6400006C66735F66696C65EA
:20B5A0005F73796E630000006C66735F72656D6F766500006C66735F696E697400000000E5
:20B5C0007063616368652D3E626C6F636B203D3D203078666666666666666600626C6F635F
:20B5E0006B203C206C66732D3E6366672D3E626C6F636B5F636F756E74000000433A5C5558
:20B60000736572735C57696D626130345C2E706C6174666F726D696F5C7061636B616765CE
:20B62000735C6672616D65776F726B2D61726475696E6F61646166727569746E7266353251
:20B640005C6C69627261726965735C41646166727569745F4C6974746C6546535C7372633B
:20B660005C6C6974746C6566735C6C66732E630068656164203E3D2032202626206865619C
:20B6800064203C3D206C66732D3E6366672D3E626C6F636B5F636F756E740000656E7472F6
:20B6A000792E642E74797065203D3D204C46535F545950455F524547000000006E626C6F67
:20B6C000636B203E3D2032202626206E626C6F636B203C3D206C66732D3E6366672D3E6244
:20B6E0006C6F636B5F636F756E7400006C66732D3E6366672D3E6C6F6F6B61686561642006
:20B7000025203332203D3D20300000006C66732D3E6366672D3E6C6F6F6B61686561642082
:20B720003E2030006C66732D3E6366672D3E70726F675F73697A652025206C66732D3E63E6
:20B7400066672D3E726561645F73697A65203D3D203000006C66732D3E6366672D3E626CF8
:20B760006F636B5F73697A652025206C66732D3E6366672D3E70726F675F73697A65203D93
:20B780003D203000342A6C66735F6E7077322830786666666666666666202F20286C6673B7
:20B7A0002D3E6366672D3E626C6F636B5F73697A652D322A342929203C3D206C66732D3EE6
:20B7C0006366672D3E626C6F636B5F73697A65006C6974746C6566730000000072657300F8
:20B7E000000000006410B71DC8206E3BAC30D9269041DC76F4516B6B5861B24D3C7105509D
:20B800002083B8ED44930FF0E8A3D6D68CB361CBB0C2649BD4D2D38678E20AA01CF2BDBD6C
:20B820000000000000000000A56E0300B96E03002C2066756E6374696F6E3A200061737375
:20B84000657274696F6E2022257322206661696C65643A2066696C6520222573222C206C28
:20B86000696E65202564257325730A00883600204300504F534958002E00232D302B2000FC
:20B88000686C4C0065666745464700494E4600696E66004E414E006E616E0030003031328D
:20B8A000333435363738394142434445460030313233343536373839616263646566000017
:20B8C000202020202020202020282828282820202020202020202020202020202020202040
:20B8E000881010101010101010101010101010100404040404040404040410101010101048
:20B9000010414141414141010101010101010101010101010101010101010110101010102D
:20B920001042424242424202020202020202020202020202020202020202021010101020E3
:20B940000000000000000000000000000000000000000000000000000000000000000000E7
:20B960000000000000000000000000000000000000000000000000000000000000000000C7
:20B980000000000000000000000000000000000000000000000000000000000000000000A7
:20B9A000000000000000000000000000000000000000000000000000000000000000000087
:20B9C000496E66696E697479004E614E000000000000000000000000000000000000000020
:20B9E000000000000000000000000000000000000000000000000000000000000000000047
:20BA0000000000000000000000000000000000000000000000000000000000000000000026
:20BA2000000000000000000000000000000000000080E03779C34143176E05B5B5B893462A
:20BA4000F5F93FE9034F384D321D30F94877825A3CBF737FDD4F1575000000000000F03F14
:20BA6000000000000000244000000000000059400000000000408F40000000000088C3402F
:20BA800000000000006AF8400000000080842E4100000000D01263410000000084D79741D8
:20BAA0000000000065CDCD41000000205FA00242000000E876483742000000A2941A6D42C5
:20BAC000000040E59C30A2420000901EC4BCD64200003426F56B0C430080E03779C34143EB
:20BAE00000A0D8855734764300C84E676DC1AB43003D9160E458E143408CB5781DAF1544C0
:20BB000050EFE2D6E41A4B4492D54D06CFF08044F64AE1C7022DB544B49DD9794378EA44C8
:20BB200005000000190000007D0000000000000020A7FE7F01000000000000000010000015
:20BB40000010000064011E1A1F1964000A0000000169FFFF0C0C0B0B76150C130B00000047
:20BB60006C5D00200090D00300000000296F03000D6F0300E16E0300D56E03008000000047
:20BB80008000000080000000E0000000800000000000000000000000000000000000000045
:20BBA000DD6F03004D700300D16F0300C16F0300FFFFFFFF404D0020020000008836002077
:20BBC00000000000F0B9030010BA0300D0B903000000000000000000000000000000000060
:20BBE000000000000000000000000000000000000000000000000000000000000000000045
:20BC0000000000000000000000000000000000000000000000000000000000000000000024
:20BC20004300000000000000000000000000000000000000000000000000000000000000C1
:20BC40004300000000000000000000000000000000000000000000000000000000000000A1
:20BC6000430000000000000000000000000000000000000000000000000000000000000081
:20BC8000430000000000000000000000000000000000000000000000000000000000000061
:20BCA000430000000000000000000000000000000000000000000000000000000000000041
:20BCC000430000000000000000000000000000000000000000000000000000000000000021
:20BCE000430000000000000000000000000000000000000000000000000000000000000001
:20BD0000558E0300ED7D030000000000BFB8030078B803006BB803006BB803006BB80300B1
:20BD20006BB803006BB803006BB803006BB803006BB803006BB80300FFFFFFFFFFFFFFFF27
:20BD4000FFFFFFFFFFFF00000100415343494900000000000000000000000000000000007F
:20BD600000000000000000000000415343494900000000000000000000000000000000005A
:20BD80000000000000000000000000000162020035620200F581020021A8020009CB02008C
:10BDA000FDDC020031E40200816F03001162020039
:0400000500030A6189
:00000001FF
